doc_id,text,mention,start,end,labels,text_length,word_count,rationale_text,rationale_start,rationale_end,valid_extraction,predicted_coarse,predicted_coarse_id,coarse_confidence,coarse_proba_protagonist,coarse_proba_antagonist,coarse_proba_innocent,predicted_labels,predicted_fine_labels,fine_prob_guardian,fine_prob_martyr,fine_prob_peacemaker,fine_prob_rebel,fine_prob_underdog,fine_prob_virtuous,fine_prob_instigator,fine_prob_conspirator,fine_prob_tyrant,fine_prob_foreign_adversary,fine_prob_traitor,fine_prob_spy,fine_prob_saboteur,fine_prob_corrupt,fine_prob_incompetent,fine_prob_terrorist,fine_prob_deceiver,fine_prob_bigot,fine_prob_forgotten,fine_prob_exploited,fine_prob_victim,fine_prob_scapegoat
A9_BG_3970.txt,"По-рано Орбан заяви, че Европа се втурва към война като влак ""с луд машинист"", това трябва да бъде предотвратено. Според него провоенните политици в Европа, като наркозависими, искат да победят Русия, както са се опитвали два пъти през ХХ век, но не разбират реалността. Унгарският външен министър Петер Сиярто заяви, че гражданите на ЕС на изборите за Европейски парламент могат да натиснат спирателния кран във влака, който неудържимо се втурва към третата световна война.",Европа,24,30,"['Antagonist', 'Instigator']",474,74,"По-рано Орбан заяви, че Европа се втурва към война като влак ""с луд машинист"", това трябва да бъде предотвратено.",0,113,True,Antagonist,1,0.42217878,0.3011742,0.42217878,0.27664697,"['Antagonist', 'Instigator']",['Instigator'],0.0048037875,0.0038828128,0.015493855,0.0026177831,0.0021036942,0.003522876,0.87016207,0.015623219,0.03799805,0.43096116,0.0047601126,0.0012843362,0.020782461,0.0053219525,0.06034303,0.014443582,0.011574443,0.004564259,0.009564466,0.008898993,0.046104953,0.023316497
A9_BG_3970.txt,"Той отбеляза, че изявленията на западните политици и медии свидетелстват за подготовката на Европа за началото на война с Русия. Според него работните групи на НАТО в Брюксел се опитват да определят как Алиансът може да участва в конфликта в Украйна. В същото време Будапеща мисли как Унгария, като член на НАТО, да не участва в акции на Алианса извън територията му, подчерта той.",НАТО,160,164,"['Antagonist', 'Conspirator']",381,64,Според него работните групи на НАТО в Брюксел се опитват да определят как Алиансът може да участва в конфликта в Украйна.,129,250,True,Antagonist,1,0.4221887,0.30126673,0.4221887,0.27654463,"['Antagonist', 'Conspirator']",['Conspirator'],0.010226738,0.00048305944,0.028272118,0.0071403678,0.002554369,0.011828255,0.11449846,0.91324735,0.0626453,0.107511684,0.010334875,0.00046931233,0.10782768,0.015835067,0.016094409,0.0034443357,0.009952846,0.0052551436,0.00091071706,0.0012790711,0.0027140598,0.0010764556
A9_BG_4076.txt,"«Вашингтон предлага следното: «САЩ взема кредит,а Европа поема всички рискове и плащания на проценти. След това Щатите използват тези пари за американо-украинския фонд.",Европа,50,56,"['Innocent', 'Exploited']",168,23,"«САЩ взема кредит,а Европа поема всички рискове и плащания на проценти.",30,101,True,Antagonist,1,0.4221787,0.30136386,0.4221787,0.2764574,"['Antagonist', 'Foreign Adversary', 'Corrupt']","['Foreign Adversary', 'Corrupt']",0.013788581,0.004501584,0.004872062,0.064679444,0.013152192,0.038908444,0.020886734,0.018932367,0.011361747,0.3193985,0.035790656,0.011936689,0.016440118,0.428011,0.02767472,0.0014176355,0.03460112,0.011880032,0.26587695,0.09962813,0.03499585,0.015019571
A9_BG_8427.txt,"""Обща цел за всички руснаци би трябвало да бъде освобождаването на Русия от безумния диктатор Путин и неговия режим, а не борбата със санкциите. Санкциите трябва само да бъдат засилвани докато Русия продължава въоръжената си агресия.” – написа той в социалните мрежи.",Путин,94,99,"['Antagonist', 'Tyrant']",267,42,"""Обща цел за всички руснаци би трябвало да бъде освобождаването на Русия от безумния диктатор Путин и неговия режим.",-1,-1,True,Antagonist,1,0.42221296,0.30187875,0.42221296,0.27590835,"['Antagonist', 'Tyrant']",['Tyrant'],0.019446306,0.0032540066,0.01005402,0.024026563,0.010813164,0.015054532,0.09083053,0.013416648,0.97864157,0.09269215,0.010541205,0.0019471,0.007304634,0.013284109,0.02191213,0.025554007,0.020027045,0.021925457,0.00397495,0.0071553187,0.023341756,0.005189489
A9_BG_3819.txt,"""Живеем във време, когато Европа вече не е континент на мира, за съжаление"", каза Зеленски в обръщението си към френските депутати, и допълни, че европейски градове и села продължават да бъдат разрушавани при руските бомбардировки в Украйна. Той също така осъди отвличането на украински деца в окупираните територии.",Украйна,233,240,"['Protagonist', 'Martyr']",316,48,европейски градове и села продължават да бъдат разрушавани при руските бомбардировки в Украйна.,146,241,True,Innocent,2,0.42046487,0.30482888,0.27470624,0.42046487,"['Innocent', 'Martyr', 'Exploited']","['Martyr', 'Exploited']",0.021759775,0.6553777,0.01244671,0.019112037,0.0029817894,0.017793136,0.0106263645,0.0031970704,0.0073791663,0.0044956496,0.021810308,0.06280644,0.0045527914,0.010516758,0.023041671,0.032066487,0.002709495,0.06771369,0.05866624,0.6353651,0.023574123,0.05618302
A9_BG_3819.txt,"Зеленски каза още, че руският президент Владимир Путин също така се опитва ""да отслаби"" страни чрез продоволствена и енергийна несигурност. Той благодари на Франция за подкрепата и каза, че се надява скоро да види френски военни самолети в украинското небе, след като френският президент Еманюел Макрон обяви, че ще предостави на Украйна изтребители ""Мираж 2000"".",Владимир Путин,40,54,"['Antagonist', 'Conspirator']",363,55,"Той също така се опитва ""да отслаби"" страни чрез продоволствена и енергийна несигурност.",-1,-1,True,Antagonist,1,0.4222127,0.30334714,0.4222127,0.2744401,"['Antagonist', 'Tyrant']",['Tyrant'],0.03439725,0.0019892638,0.15828629,0.010590911,0.004281336,0.026940871,0.37212092,0.01491631,0.7457889,0.023739375,0.02940229,0.0007460236,0.022144403,0.0024583908,0.034028698,0.00508761,0.047344446,0.011184795,0.0016016864,0.0018376984,0.0058406033,0.0067865783
A9_BG_2961.txt,"Президентът на Украйна Володимир Зеленски призова за ""пълна защита на украинското небе"" след масираната руска въздушна атака през нощта, предаде Укринформ.",Володимир Зеленски,23,41,"['Protagonist', 'Guardian']",155,21,"Президентът на Украйна Володимир Зеленски призова за ""пълна защита на украинското небе"".",-1,-1,True,Protagonist,0,0.3991926,0.3991926,0.29805362,0.30275378,"['Protagonist', 'Guardian']",['Guardian'],0.9539758,0.015095417,0.09715841,0.051267788,0.013048543,0.06065538,0.10846981,0.004745916,0.018783437,0.010242354,0.008303908,0.0025244001,0.006359176,0.0011466602,0.061642956,0.014599691,0.008773226,0.004329226,0.0033070603,0.007352641,0.010034851,0.0028471858
A9_BG_2961.txt,"Украинският президент в заключение увери, че едва когато (руският му колега Владимир) Путин загуби способността си да атакува цивилни и гражданска инфраструктура, той ще бъде принуден да спре своя терор.",Путин,86,91,"['Antagonist', 'Terrorist']",203,30,той ще бъде принуден да спре своя терор.,163,203,True,Antagonist,1,0.42222178,0.30223528,0.42222178,0.2755429,"['Antagonist', 'Tyrant']",['Tyrant'],0.012480869,0.0039948123,0.026178949,0.007437706,0.005242503,0.005958111,0.50476426,0.0065050437,0.7969177,0.05465056,0.008870931,0.0012331354,0.016181702,0.0028209023,0.023163905,0.024792591,0.023980502,0.00867948,0.002535526,0.0033376112,0.020943606,0.011238932
A9_BG_2828.txt,"Все повече страни са убедени, че политиката на Вашингтон и Брюксел се основава на лицемерие и двойни стандарти. Това заяви председателят на Държавната Дума на Русия Вячеслав Володин.",Вашингтон,47,56,"['Antagonist', 'Foreign Adversary', 'Deceiver']",182,28,политиката на Вашингтон и Брюксел се основава на лицемерие и двойни стандарти.,33,111,True,Antagonist,1,0.42217728,0.3011092,0.42217728,0.27671352,"['Antagonist', 'Deceiver']",['Deceiver'],0.003369907,0.0010187596,0.0039863153,0.004019184,0.0018538638,0.004968005,0.0261317,0.09941933,0.03503988,0.016068943,0.14087561,0.004180586,0.14595708,0.37304887,0.047828533,0.006986433,0.59958345,0.015310207,0.0023019724,0.0019059152,0.0042924387,0.018724032
A9_BG_2828.txt,"Все повече страни са убедени, че политиката на Вашингтон и Брюксел се основава на лицемерие и двойни стандарти. Това заяви председателят на Държавната Дума на Русия Вячеслав Володин.",Брюксел,59,66,"['Antagonist', 'Foreign Adversary', 'Deceiver']",182,28,политиката на Вашингтон и Брюксел се основава на лицемерие и двойни стандарти.,33,111,True,Antagonist,1,0.42217556,0.30110162,0.42217556,0.27672288,"['Antagonist', 'Deceiver']",['Deceiver'],0.0034273262,0.0014813393,0.0034955933,0.004634493,0.0019606852,0.0050231894,0.02262539,0.044882875,0.024165014,0.015151142,0.15048675,0.0062624915,0.064508654,0.3894653,0.09638539,0.008372797,0.6823012,0.028418545,0.0037978964,0.0034045277,0.007591231,0.030784408
BG_73.txt,"Всеки от последните 12 месеца се класира като най-топлия в историята, съобщи Службата за мониторинг на изменението на климата на ЕС ""Коперник"" в сряда, докато генералният секретар на ООН Антониу Гутериш призова за спешни действия за предотвратяване на ""климатичния ад"".",Антониу Гутериш,187,202,"['Protagonist', 'Virtuous']",269,40,"Антониу Гутериш призова за спешни действия за предотвратяване на ""климатичния ад"".",187,269,True,Protagonist,0,0.3991751,0.3991751,0.3005595,0.30026543,"['Protagonist', 'Virtuous']",['Virtuous'],0.5064474,0.0027814459,0.15190913,0.013527783,0.002104364,0.75205636,0.010851033,0.014068468,0.0038379307,0.0038810403,0.004628644,0.00068152754,0.0039006246,0.0014066282,0.0033945467,0.0017443956,0.007542403,0.005610385,0.0029308118,0.0019721217,0.00505006,0.0024352332
A9_BG_4093.txt,"В сюжета се описва ролята на семейството на президента на САЩ Джо Байдън и неговите поддръжници от Демократическата партия в увеличаването на корупцията в Украйна след държавния преврат от 2014 година с цел изпиране на средства, откраднати от украинската газова индустрия. Особено внимание се отделя на незаконната дейност на групата фиктивни компании „ЕРУ Трейдинг” на А. Фаворов и известния холдинг „Бурисма” на Н. Злочевски, както и подробностите за изтеглянето на средства в чужбина и тяхното легализиране в САЩ за нуждите на семейство Байдън.",Демократическата партия,99,122,"['Antagonist', 'Foreign Adversary']",547,83,В сюжета се описва ролята на семейството на президента на САЩ Джо Байдън и неговите поддръжници от Демократическата партия в увеличаването на корупцията в Украйна.,-1,-1,True,Antagonist,1,0.42219847,0.30144662,0.42219847,0.27635497,"['Antagonist', 'Corrupt']",['Corrupt'],0.014143668,0.0026935772,0.0017128207,0.022466635,0.007338737,0.0075100414,0.034073256,0.13069466,0.0384861,0.030394858,0.023109911,0.015572555,0.06724255,0.9703424,0.018772658,0.015096843,0.011755441,0.008122184,0.011573358,0.016587257,0.030234281,0.007928177
A9_BG_4093.txt,"В сюжета се описва ролята на семейството на президента на САЩ Джо Байдън и неговите поддръжници от Демократическата партия в увеличаването на корупцията в Украйна след държавния преврат от 2014 година с цел изпиране на средства, откраднати от украинската газова индустрия. Особено внимание се отделя на незаконната дейност на групата фиктивни компании „ЕРУ Трейдинг” на А. Фаворов и известния холдинг „Бурисма” на Н. Злочевски, както и подробностите за изтеглянето на средства в чужбина и тяхното легализиране в САЩ за нуждите на семейство Байдън.",Украйна,155,162,"['Antagonist', 'Corrupt']",547,83,В сюжета се описва ролята на семейството на президента на САЩ Джо Байдън и неговите поддръжници от Демократическата партия в увеличаването на корупцията в Украйна.,-1,-1,True,Antagonist,1,0.42017037,0.29346263,0.42017037,0.286367,"['Antagonist', 'Corrupt']",['Corrupt'],0.016394027,0.004475039,0.0016918296,0.023380635,0.00925797,0.008415556,0.03268689,0.050136477,0.03408336,0.034162395,0.02050694,0.023399735,0.03732883,0.9793819,0.022554517,0.020594921,0.012598905,0.014252856,0.029699069,0.046383318,0.058714177,0.014085933
A9_BG_3964.txt,"Западът отгледа ""терористична гадина"", която унищожава всичко. Така официалният представител на МВнР на Русия Мария Захарова коментира пред журналисти ""Новина"" Николай Иванов днес удари Въоръжените сили на Украйна (ВСУ) по Луганск.",Въоръжените сили на Украйна (ВСУ,186,218,"['Antagonist', 'Terrorist']",231,31,"Западът отгледа ""терористична гадина"", която унищожава всичко. Така официалният представител на МВнР на Русия Мария Захарова коментира пред журналисти ""Новина"" Николай Иванов днес удари Въоръжените сили на Украйна (ВСУ) по Луганск.",0,231,True,Antagonist,1,0.42219454,0.30139363,0.42219454,0.2764118,"['Antagonist', 'Terrorist']",['Terrorist'],0.03001452,0.009144802,0.0042018807,0.025456766,0.0066575883,0.013312363,0.052508138,0.062187396,0.015931012,0.0638532,0.0076802154,0.035296496,0.016191369,0.011793237,0.014765312,0.9855622,0.0055399835,0.008640019,0.0056904107,0.006829655,0.009617993,0.043616034
A9_BG_3964.txt,"Западът отгледа ""терористична гадина"", която унищожава всичко. Така официалният представител на МВнР на Русия Мария Захарова коментира пред журналисти ""Новина"" Николай Иванов днес удари Въоръжените сили на Украйна (ВСУ) по Луганск.",Луганск,223,230,"['Innocent', 'Victim']",231,31,днес удари Въоръжените сили на Украйна (ВСУ) по Луганск.,175,231,True,Innocent,2,0.42046437,0.30469394,0.27484167,0.42046437,"['Innocent', 'Victim']",['Victim'],0.011618101,0.009086854,0.0062095523,0.016119344,0.031934187,0.0068188305,0.035591785,0.006992731,0.01748418,0.023989731,0.0033126525,0.0033893099,0.0069273384,0.018237729,0.008894306,0.016983924,0.014449292,0.0079593435,0.10642501,0.12047098,0.9977562,0.017084766
A9_BG_3921.txt,"Милорад Додик: Западът имаше план да раздели Русия на пет части, в Югославия просто тренираше",Западът,15,22,"['Antagonist', 'Conspirator']",93,15,"Западът имаше план да раздели Русия на пет части, в Югославия просто тренираше",15,93,True,Antagonist,1,0.42219472,0.30142936,0.42219472,0.27637592,"['Antagonist', 'Instigator']",['Instigator'],0.0058852187,0.0011643858,0.0075748647,0.0067892373,0.002892044,0.004128281,0.88019824,0.23638703,0.027634166,0.34071356,0.002666758,0.0005824574,0.020007882,0.003924011,0.006325978,0.011674531,0.0056400844,0.0026685898,0.0012734738,0.0021386142,0.0060695778,0.002691701
A9_BG_3921.txt,"Преди дни президентът на Република Сръбска Милорад Додик заяви в интервю за ТАСС, че планът за разделяне на Русия на пет части е измислен от Запада, а руският президент Владимир Путин разбира тенденциите и застава начело на борбата за националните интереси на страната си.",Владимир Путин,169,183,"['Protagonist', 'Guardian']",272,44,руският президент Владимир Путин разбира тенденциите и застава начело на борбата за националните интереси на страната си.,151,272,True,Protagonist,0,0.39919588,0.39919588,0.29803798,0.30276608,"['Protagonist', 'Virtuous']",['Virtuous'],0.15864155,0.004200833,0.41587493,0.01959081,0.0039312094,0.8211199,0.0071132276,0.013661049,0.015322231,0.0029131172,0.014859908,0.0007061061,0.004675856,0.0023743268,0.005244493,0.0014252816,0.010061711,0.011429039,0.0021317503,0.0023496689,0.0026195578,0.0035979506
A9_BG_2663.txt,"Руският президент Владимир Путин посочи, че представителите на страните от НАТО трябва да са наясно „с какво си играят“, когато говорят за плановете си да позволят на Киев да нанася удари по „законни цели“ дълбоко в руска територия с ракетни системи, предоставени на въоръжените сили на Украйна от Запада.",НАТО,75,79,"['Antagonist', 'Instigator', 'Foreign Adversary']",305,49,"НАТО трябва да са наясно „с какво си играят“, когато говорят за плановете си да позволят на Киев да нанася удари по „законни цели“",75,205,True,Antagonist,1,0.42221355,0.30184534,0.42221355,0.2759412,"['Antagonist', 'Foreign Adversary']",['Foreign Adversary'],0.01004085,0.000719582,0.0048502428,0.016166003,0.003963868,0.01035797,0.25891474,0.24017458,0.012504269,0.9359411,0.0029466376,0.00093030406,0.0077404403,0.004154377,0.0040322114,0.0058813747,0.0059766686,0.0034426928,0.001958327,0.0022069875,0.005351179,0.002775201
A9_BG_2663.txt,"Руският президент Владимир Путин посочи, че представителите на страните от НАТО трябва да са наясно „с какво си играят“, когато говорят за плановете си да позволят на Киев да нанася удари по „законни цели“ дълбоко в руска територия с ракетни системи, предоставени на въоръжените сили на Украйна от Запада.",Запада,298,304,"['Antagonist', 'Foreign Adversary']",305,49,"представителите на страните от НАТО трябва да са наясно „с какво си играят“, когато говорят за плановете си да позволят на Киев да нанася удари по „законни цели“",44,205,True,Antagonist,1,0.42219335,0.30137488,0.42219335,0.2764317,"['Antagonist', 'Foreign Adversary']",['Foreign Adversary'],0.012643091,0.0013149444,0.0051817475,0.023970177,0.007886178,0.013323474,0.14930175,0.17868944,0.015637599,0.9818413,0.0037979612,0.0022014368,0.00862146,0.007684549,0.00356933,0.008925157,0.00591784,0.0067792605,0.0059682666,0.006079749,0.01542574,0.006438905
BG_979.txt,"Нито една вяра не може без ентусиазирани проповедници или поддръжници и борбата срещу изменението на климата не се различава от религията в този смисъл. Вземете например Ал Гор, цялата плеяда от знаменитости и къде без Грета Тунберг, която е нещо като Света Жана д'Арк за движението за климата. Нейните речи показват изключителна ревност: „Хората страдат. Хората умират и умиращите екосистеми се сриват. Ние сме в началото на масово изчезване и въпреки това всичко, за което говорите, са пари и приказки за вечен икономически растеж. Как смеете!? Откраднахте мечтите и детството ми!“",Ал Гор,170,176,"['Antagonist', 'Incompetent']",583,91,"Нейните речи показват изключителна ревност: „Хората страдат. Хората умират и умиращите екосистеми се сриват. Ние сме в началото на масово изчезване и въпреки това всичко, за което говорите, са пари и приказки за вечен икономически растеж. Как смеете!? Откраднахте мечтите и детството ми!“",295,583,True,Antagonist,1,0.42219794,0.30151454,0.42219794,0.2762875,"['Antagonist', 'Incompetent']",['Incompetent'],0.030747471,0.013870012,0.017932521,0.031111218,0.017642662,0.01689736,0.019928243,0.008569378,0.007637446,0.024193376,0.20682901,0.0037118983,0.015070314,0.023120442,0.9708364,0.004808358,0.05076287,0.0130044995,0.0068555297,0.011419055,0.0038762158,0.0077952826
BG_979.txt,"Нито една вяра не може без ентусиазирани проповедници или поддръжници и борбата срещу изменението на климата не се различава от религията в този смисъл. Вземете например Ал Гор, цялата плеяда от знаменитости и къде без Грета Тунберг, която е нещо като Света Жана д'Арк за движението за климата. Нейните речи показват изключителна ревност: „Хората страдат. Хората умират и умиращите екосистеми се сриват. Ние сме в началото на масово изчезване и въпреки това всичко, за което говорите, са пари и приказки за вечен икономически растеж. Как смеете!? Откраднахте мечтите и детството ми!“",Грета Тунберг,219,232,"['Antagonist', 'Incompetent']",583,91,"Нейните речи показват изключителна ревност: „Хората страдат. Хората умират и умиращите екосистеми се сриват. Ние сме в началото на масово изчезване и въпреки това всичко, за което говорите, са пари и приказки за вечен икономически растеж. Как смеете!? Откраднахте мечтите и детството ми!“",295,583,True,Antagonist,1,0.42221117,0.3018524,0.42221117,0.27593648,"['Antagonist', 'Incompetent']",['Incompetent'],0.019113204,0.0041309674,0.009567575,0.03172307,0.010336139,0.010213489,0.021159865,0.011623776,0.0058144224,0.026409447,0.1700197,0.002214604,0.0123282485,0.029247517,0.9561145,0.005036417,0.116690636,0.014004134,0.0037861413,0.006483114,0.0039078365,0.0065653967
BG_979.txt,"Мъченичеството е страдание и смърт в името на вярата. Страниците на историята са опръскани с кръвта на хора, загинали за своите вярвания. Борбата с изменението на климата върви по същия път. През октомври 2016 г. активистът Марк Баумър започва да ходи бос, за да привлече вниманието към заплахата от недостиг на вода. На следващата година, по време на поредния си протестен митинг, той е ударен от джип и умира. Свети Петър умря в името на Бог... Марк Баумер умря в името на климата. И двамата са смятани за мъченици, всеки за своята кауза.",Марк Баумър,224,235,"['Antagonist', 'Incompetent']",540,93,"Марк Баумър започва да ходи бос, за да привлече вниманието към заплахата от недостиг на вода.",224,317,True,Innocent,2,0.4166825,0.29513574,0.28818172,0.4166825,"['Innocent', 'Rebel']",['Rebel'],0.0074589127,0.059637874,0.0028171542,0.68950176,0.0058307135,0.0060077743,0.18702394,0.003386439,0.028009363,0.008503556,0.10230412,0.008431375,0.0029680678,0.029951394,0.022043426,0.006457824,0.009642784,0.079407915,0.036297902,0.19270469,0.11167319,0.03477796
BG_950.txt,"В Швеция чакали „глобалното затопляне“ и в град Skellefteå управляващите либерасти са решили да „спасяват климата“, са инвестирали в електрически автобуси.",Швеция,2,8,"['Antagonist', 'Incompetent']",155,21,"управляващите либерасти са решили да „спасяват климата“, са инвестирали в електрически автобуси.",59,155,True,Innocent,2,0.42043525,0.30456313,0.27500167,0.42043525,"['Innocent', 'Victim']",['Victim'],0.008108017,0.0064980327,0.004692478,0.016628329,0.01166517,0.006447357,0.030079706,0.003579454,0.023702538,0.028798744,0.002511301,0.0019261544,0.004497707,0.02014117,0.012175233,0.0048341104,0.012032628,0.010135505,0.2034431,0.12447259,0.9886764,0.019625634
A9_BG_2569.txt,"Международните организации не забелязват проявите на нацизма в Украйна. Това заяви руският външен министър Сергей Лавров в интервю за проекта ""без давност"". Текстът е публикуван на сайта на руското външно министерство",Украйна,63,70,"['Antagonist', 'Tyrant']",217,31,Международните организации не забелязват проявите на нацизма в Украйна.,0,71,True,Antagonist,1,0.42191386,0.29884776,0.42191386,0.27923834,"['Antagonist', 'Bigot']",['Bigot'],0.015869591,0.021307154,0.0037158432,0.07307641,0.0022345101,0.006024701,0.02012975,0.01523978,0.062538706,0.014255221,0.025087612,0.012214142,0.004088895,0.05953033,0.0050236234,0.17600401,0.009874386,0.8739585,0.024012417,0.024360592,0.023694824,0.033346646
A9_BG_2569.txt,"Според дипломата това е започнало по-рано, след присъединяването на балтийските страни към Европейския съюз и НАТО. Тогава Русия изрази загриженост по този повод, но получи уверения, че след влизането си русофобските настроения в тези страни ще изчезнат, каза Лавров.",Русия,123,128,"['Innocent', 'Victim']",267,39,"Русия изрази загриженост по този повод, но получи уверения, че след влизането си русофобските настроения в тези страни ще изчезнат",123,253,True,Protagonist,0,0.37901106,0.37901106,0.2617226,0.35926634,"['Protagonist', 'Virtuous']",['Virtuous'],0.5244383,0.0033004968,0.04426133,0.03176096,0.0038848938,0.7830647,0.005499063,0.0038451185,0.0075305877,0.0067763496,0.0024150994,0.0013425626,0.0019652487,0.0014400746,0.001856549,0.0014631414,0.011377365,0.008052411,0.01962577,0.0074393954,0.03881723,0.007432013
A9_BG_2569.txt,"""Двуличието и снизходителността към своите подопечни, опрощаването на всичко и всичко, включително тези откровени действия по въвеждането на нацистката теория и практика, станаха обичайни само защото тези хора уреждат Запада и САЩ като инструмент в борбата срещу Руската федерация"", - обобщя Русия.",Запада,218,224,"['Antagonist', 'Foreign Adversary']",298,42,тези хора уреждат Запада и САЩ като инструмент в борбата срещу Руската федерация,200,280,True,Antagonist,1,0.4211814,0.29597107,0.4211814,0.28284755,"['Antagonist', 'Foreign Adversary']",['Foreign Adversary'],0.0033508723,0.0012014586,0.0014850434,0.0067132614,0.0038902187,0.004674762,0.13147107,0.2394507,0.01507124,0.91696495,0.0040242034,0.003099542,0.02013928,0.02265661,0.0031757986,0.010445619,0.0041532293,0.0054006004,0.007977561,0.013733011,0.016055068,0.014601502
A9_BG_2569.txt,"""Двуличието и снизходителността към своите подопечни, опрощаването на всичко и всичко, включително тези откровени действия по въвеждането на нацистката теория и практика, станаха обичайни само защото тези хора уреждат Запада и САЩ като инструмент в борбата срещу Руската федерация"", - обобщя Русия.",САЩ,227,230,"['Antagonist', 'Foreign Adversary']",298,42,тези хора уреждат Запада и САЩ като инструмент в борбата срещу Руската федерация,200,280,True,Antagonist,1,0.42113203,0.29580125,0.42113203,0.28306675,"['Antagonist', 'Foreign Adversary']",['Foreign Adversary'],0.0046574944,0.0016971865,0.0017988004,0.005019502,0.002914612,0.005017266,0.035380043,0.49014544,0.007169258,0.7453418,0.00582466,0.004714725,0.03311231,0.055827036,0.0032662428,0.019021463,0.003182119,0.010766157,0.011314549,0.031753257,0.018585203,0.01389623
A9_BG_4039.txt,"Белгия, Дания, Нидерландия и Норвегия се ангажираха да предоставят на Украйна над 60 изтребителя Ф-16, произведени в САЩ, за да помогнат на Киев да отблъсне руските атаки. В момента украински пилоти преминават обучение за управление на бойните самолети преди доставките, които се очаква да започнат по-късно тази година.",Белгия,0,6,"['Protagonist', 'Virtuous']",320,48,"Белгия, Дания, Нидерландия и Норвегия се ангажираха да предоставят на Украйна над 60 изтребителя Ф-16, за да помогнат на Киев да отблъсне руските атаки.",-1,-1,True,Protagonist,0,0.39919838,0.39919838,0.29866418,0.3021374,"['Protagonist', 'Foreign Adversary']",['Foreign Adversary'],0.22239776,0.0030142157,0.014611558,0.05725699,0.012290016,0.09473512,0.02876244,0.0129831135,0.004988074,0.9698747,0.0030097652,0.0035424563,0.0050327987,0.0045425114,0.0052620796,0.0050947643,0.006413416,0.007096059,0.019011952,0.00937296,0.012870507,0.01063447
A9_BG_4039.txt,"Белгия, Дания, Нидерландия и Норвегия се ангажираха да предоставят на Украйна над 60 изтребителя Ф-16, произведени в САЩ, за да помогнат на Киев да отблъсне руските атаки. В момента украински пилоти преминават обучение за управление на бойните самолети преди доставките, които се очаква да започнат по-късно тази година.",Дания,8,13,"['Protagonist', 'Virtuous']",320,48,"Белгия, Дания, Нидерландия и Норвегия се ангажираха да предоставят на Украйна над 60 изтребителя Ф-16, за да помогнат на Киев да отблъсне руските атаки.",-1,-1,True,Protagonist,0,0.3991949,0.3991949,0.29946247,0.3013427,"['Protagonist', 'Foreign Adversary']",['Foreign Adversary'],0.13109137,0.003216562,0.0151084745,0.0739192,0.01607978,0.06880567,0.043462157,0.018007489,0.007853072,0.98642194,0.003714767,0.0042034853,0.006070786,0.0054006465,0.0063541792,0.0058839656,0.008893944,0.008403463,0.018570168,0.010312213,0.015624348,0.014596824
A9_BG_4039.txt,"Белгия, Дания, Нидерландия и Норвегия се ангажираха да предоставят на Украйна над 60 изтребителя Ф-16, произведени в САЩ, за да помогнат на Киев да отблъсне руските атаки. В момента украински пилоти преминават обучение за управление на бойните самолети преди доставките, които се очаква да започнат по-късно тази година.",Нидерландия,15,26,"['Protagonist', 'Virtuous']",320,48,"Белгия, Дания, Нидерландия и Норвегия се ангажираха да предоставят на Украйна над 60 изтребителя Ф-16, за да помогнат на Киев да отблъсне руските атаки.",-1,-1,True,Protagonist,0,0.39917454,0.39917454,0.30052304,0.3003024,"['Protagonist', 'Foreign Adversary']",['Foreign Adversary'],0.117725834,0.0034299903,0.014616914,0.07176746,0.017579494,0.063760035,0.046746865,0.020160206,0.008112387,0.98798484,0.0039280797,0.0044659753,0.0069534946,0.00621168,0.006753467,0.006413012,0.009418584,0.009304223,0.019719718,0.011577487,0.016250895,0.016224107
A9_BG_4039.txt,"Белгия, Дания, Нидерландия и Норвегия се ангажираха да предоставят на Украйна над 60 изтребителя Ф-16, произведени в САЩ, за да помогнат на Киев да отблъсне руските атаки. В момента украински пилоти преминават обучение за управление на бойните самолети преди доставките, които се очаква да започнат по-късно тази година.",Норвегия,29,37,"['Protagonist', 'Virtuous']",320,48,"Белгия, Дания, Нидерландия и Норвегия се ангажираха да предоставят на Украйна над 60 изтребителя Ф-16, произведени в САЩ, за да помогнат на Киев да отблъсне руските атаки.",0,171,True,Protagonist,0,0.39919925,0.39919925,0.29883215,0.30196854,"['Protagonist', 'Foreign Adversary']",['Foreign Adversary'],0.13897783,0.0035115553,0.015603731,0.056960143,0.015711457,0.06808877,0.04457314,0.017827451,0.0064708246,0.9847696,0.0036157726,0.0040154713,0.0066135507,0.006095424,0.006248036,0.0061064493,0.008052872,0.008888759,0.02167863,0.012576799,0.017316852,0.015088905
EN_UA_DEV_100012.txt,Washington “cannot afford” to allow Russia to achieve victory in the Ukraine conflict as this would mean losing direct access to vast mineral assets. That was the view of US Senator Lindsey Graham* in an interview with ‘Face the Nation’ on CBS News in June.,Washington,0,10,"['Antagonist', 'Corrupt']",257,45,Washington “cannot afford” to allow Russia to achieve victory in the Ukraine conflict as this would mean losing direct access to vast mineral assets.,0,149,True,Antagonist,1,0.42219535,0.30145612,0.42219535,0.27634853,"['Antagonist', 'Incompetent']",['Incompetent'],0.023229884,0.0048453584,0.015127062,0.008741169,0.007923887,0.0070746364,0.050723854,0.022650324,0.06680608,0.043947533,0.112702385,0.001765714,0.030921048,0.031143427,0.9710349,0.007624893,0.021753749,0.008032728,0.0026683118,0.0041757254,0.0042505264,0.0044640806
EN_UA_DEV_100012.txt,"""The fate of the colonies is always the same: the Americans will scoop up all the natural resources of Ukraine in exchange for 'the great honor of being a friend of the United States',"" he warned. ""Well, they will feed the corrupt top of the neo-Nazi regime in Kiev at the same time.""",Americans,50,59,"['Antagonist', 'Corrupt']",284,53,"""The fate of the colonies is always the same: the Americans will scoop up all the natural resources of Ukraine in exchange for 'the great honor of being a friend of the United States',"" he warned.",0,196,True,Antagonist,1,0.42219394,0.30140233,0.42219394,0.2764037,"['Antagonist', 'Conspirator']",['Conspirator'],0.024006708,0.0010364486,0.008784143,0.0067095547,0.004728894,0.022675332,0.017477602,0.9094811,0.032047316,0.040275857,0.011365459,0.0042706365,0.39244604,0.060423832,0.0037187662,0.009154411,0.013047837,0.006777498,0.0023679931,0.0031076698,0.004783231,0.0026431382
EN_CC_200053.txt," The UK’s Prime Minister Rishi Sunak on Wednesday said he will attend the COP27 climate summit in Egypt next week, reversing his previous decision to skip the global conference.",Rishi Sunak,25,36,"['Antagonist', 'Deceiver']",177,29,"The UK’s Prime Minister Rishi Sunak on Wednesday said he will attend the COP27 climate summit in Egypt next week, reversing his previous decision to skip the global conference.",1,177,True,Protagonist,0,0.39918643,0.39918643,0.30012938,0.30068424,"['Protagonist', 'Guardian']",['Guardian'],0.848419,0.0026600638,0.020698605,0.10038345,0.0034833946,0.3982404,0.008487374,0.009616016,0.004150294,0.00186864,0.008691095,0.0012804205,0.0033928163,0.004487801,0.015284465,0.0027653817,0.011780469,0.009692517,0.0022461356,0.0020052553,0.0037521308,0.0016914601
EN_CC_200040.txt,"Those ""Extinction Rebellion"" activists everyone loves to hate are at it again. After multiple instances of vandalism against famous landmarks and artistic works of western cultural significance, many people are growing annoyed with the actions of climate alarmists. One would think the goal of these groups would be to generate public sentiment for their cause; instead they have inspired the exact opposite. What they don't seem to understand is that not all attention is good attention.",Extinction Rebellion,7,27,"['Antagonist', 'Terrorist']",488,76,"Those ""Extinction Rebellion"" activists everyone loves to hate are at it again. After multiple instances of vandalism against famous landmarks and artistic works of western cultural significance, many people are growing annoyed with the actions of climate alarmists.",0,265,True,Antagonist,1,0.4197145,0.29238087,0.4197145,0.28790465,"['Antagonist', 'Instigator']",['Instigator'],0.008784226,0.023644345,0.002261638,0.05188961,0.0069120456,0.0021032328,0.6821908,0.008725091,0.18269913,0.008547789,0.027011639,0.006396877,0.024687631,0.016410196,0.005594359,0.22128938,0.0061389995,0.06900994,0.005922276,0.023773294,0.048577912,0.030125465
EN_CC_200070.txt," Los Angeles Mayor Eric Garcetti joined a “global coalition of mayors” at a summit on climate change this week in Buenos Aires, Argentina, burning fossil fuels on an international flight rather than attending remotely and attending to pressing issues at home.",Eric Garcetti,19,32,"['Antagonist', 'Deceiver', 'Corrupt']",259,41,"Los Angeles Mayor Eric Garcetti joined a “global coalition of mayors” at a summit on climate change this week in Buenos Aires, Argentina, burning fossil fuels on an international flight rather than attending remotely and attending to pressing issues at home.",1,259,True,Protagonist,0,0.39918238,0.39918238,0.3001524,0.3006652,"['Protagonist', 'Virtuous']",['Virtuous'],0.18547747,0.0065786242,0.021598218,0.44136143,0.004861462,0.71717757,0.016662462,0.032304198,0.0044619446,0.0023811122,0.038523313,0.0014944153,0.0040460518,0.012628825,0.0063041104,0.001982313,0.009318034,0.01921955,0.0028560273,0.0028842124,0.0028458785,0.0027213113
EN_CC_200070.txt,"White Garcetti was away, Los Angeles continued to struggle with the high crime and homelessness that have come to define his legacy, as well as a crisis in the City Council triggered by racist comments from City Council members within Garcetti’s party.",Los Angeles,25,36,"['Innocent', 'Forgotten']",252,42,"White Garcetti was away, Los Angeles continued to struggle with the high crime and homelessness that have come to define his legacy, as well as a crisis in the City Council triggered by racist comments from City Council members within Garcetti’s party.",0,252,True,Innocent,2,0.42045036,0.3054314,0.2741182,0.42045036,"['Innocent', 'Victim']",['Victim'],0.004777752,0.25640175,0.004213823,0.013968222,0.017758869,0.006237055,0.008900444,0.0017458193,0.025563609,0.005263281,0.005556327,0.007748407,0.0014423754,0.012170674,0.0079718195,0.016403317,0.0018076316,0.020052923,0.07913523,0.25038472,0.89454097,0.023096114
EN_UA_DEV_100033.txt," In the surreal world of Russian state television, Russia is about to prevail in its war against Ukraine, which is being presented as a battle against the United States and NATO. According to top Kremlin propagandists, it’s only a matter of time before the West admits its defeat and pays reparations to Moscow or risks a devastating nuclear strike.",Russia,51,57,"['Antagonist', 'Incompetent']",349,59,"In the surreal world of Russian state television, Russia is about to prevail in its war against Ukraine, which is being presented as a battle against the United States and NATO.",1,178,True,Protagonist,0,0.39915165,0.39915165,0.30075926,0.30008903,"['Protagonist', 'Guardian', 'Peacemaker', 'Virtuous']","['Guardian', 'Peacemaker', 'Virtuous']",0.33259374,0.002738292,0.31915784,0.029233955,0.021414481,0.4503027,0.010775435,0.0018828365,0.006075175,0.023329478,0.0051866956,0.0005631703,0.002753475,0.00039490487,0.030830286,0.0009200698,0.036324285,0.007087759,0.0044899313,0.0012337122,0.0051985555,0.0047957813
EN_UA_DEV_100033.txt," In the surreal world of Russian state television, Russia is about to prevail in its war against Ukraine, which is being presented as a battle against the United States and NATO. According to top Kremlin propagandists, it’s only a matter of time before the West admits its defeat and pays reparations to Moscow or risks a devastating nuclear strike.",Kremlin propagandists,196,217,"['Antagonist', 'Deceiver']",349,59,"According to top Kremlin propagandists, it’s only a matter of time before the West admits its defeat and pays reparations to Moscow or risks a devastating nuclear strike.",179,349,True,Antagonist,1,0.4221437,0.30415902,0.4221437,0.27369738,"['Antagonist', 'Deceiver']",['Deceiver'],0.075851694,0.0032635103,0.023020776,0.0149779385,0.0030057344,0.026133655,0.079641834,0.021650212,0.047539506,0.017579552,0.023526361,0.005907595,0.09700152,0.0019507841,0.019300364,0.01115981,0.86483675,0.10905698,0.0038498628,0.0031224845,0.016105935,0.054867543
EN_UA_DEV_100033.txt,"In recent days, Russian state television regressed from Orwellian lies to Kafkaesque nightmares, as pundits started to promote the idea of executing Ukrainians resisting Putin’s war of aggression by hanging. They noted that the so-called “constitution” of the rogue “republics” created in Ukraine by Russian forces conveniently allows for the death penalty. Last Thursday on The Evening With Vladimir Soloviev, after listening to other pundits and experts endorse the idea of executing Ukrainian citizens by hanging, doctor of political sciences Elena G. Ponomareva argued: ""Never let morality prevent you from undertaking correct actions. I understand the importance of a humanitarian component... but morality shouldn't get in the way.""",Vladimir Soloviev,392,409,"['Antagonist', 'Bigot']",738,108,"Last Thursday on The Evening With Vladimir Soloviev, after listening to other pundits and experts endorse the idea of executing Ukrainian citizens by hanging, doctor of political sciences Elena G. Ponomareva argued: ""Never let morality prevent you from undertaking correct actions.",358,639,True,Antagonist,1,0.37312314,0.368014,0.37312314,0.25886285,"['Antagonist', 'Traitor']",['Traitor'],0.032229345,0.004847799,0.1419412,0.15765254,0.007064916,0.12531994,0.035694666,0.021035526,0.00699136,0.00935001,0.40574518,0.0012270708,0.030750271,0.012094266,0.10500543,0.0022422215,0.2612253,0.09330017,0.004034717,0.006036964,0.0039282436,0.006001314
EN_UA_DEV_100033.txt,"Reciting the list of Russia’s future demands during Soloviev’s show, Matveychev became even more brazen: “We should be thinking about reparations from the damage that was caused by the sanctions and the war itself, because that too costs money and we should get it back. The return of all Russian properties, those of the Russian empire, the Soviet Union and current Russia, which has been seized in the United States, and so on.”",Matveychev,69,79,"['Antagonist', 'Bigot']",430,73,"Reciting the list of Russia’s future demands during Soloviev’s show, Matveychev became even more brazen: “We should be thinking about reparations from the damage that was caused by the sanctions and the war itself, because that too costs money and we should get it back.",0,270,True,Protagonist,0,0.3953897,0.3953897,0.32190296,0.28270727,"['Protagonist', 'Underdog', 'Incompetent']","['Underdog', 'Incompetent']",0.08558338,0.14654279,0.0058377213,0.32314578,0.50882167,0.0044971625,0.04787427,0.0015030375,0.018108906,0.007784012,0.05052777,0.0056627807,0.0035297729,0.0059580603,0.381671,0.015359433,0.009130174,0.005552315,0.00937886,0.0070481203,0.0087981345,0.0032869922
EN_CC_200036.txt," Al Gore, Bill Clinton's former vice president, condemned ""greenhouse gas pollution"" for ""boiling the oceans"" and causing ""rain bombs,"" whatever those are supposed to be. The result, Gore further claimed, is an onslaught of ""climate refugees"" with nowhere to go except straight through America's borders, illegally.",Al Gore,1,8,"['Antagonist', 'Bigot', 'Deceiver']",315,46,"Al Gore, Bill Clinton's former vice president, condemned ""greenhouse gas pollution"" for ""boiling the oceans"" and causing ""rain bombs,"" whatever those are supposed to be.",1,170,True,Antagonist,1,0.42110065,0.31052643,0.42110065,0.26837286,"['Antagonist', 'Guardian']",['Guardian'],0.85825557,0.0029250444,0.019989094,0.0132481735,0.0022366205,0.28533635,0.014509946,0.013672813,0.01056662,0.0054955464,0.015760291,0.0031472116,0.012408595,0.0037320394,0.011825317,0.0036742755,0.14737645,0.0385247,0.004074375,0.0023665652,0.007146395,0.0041288477
EN_CC_200079.txt," Klaus Schwab’s World Economic Forum (WEF) has issued guidelines regarding how often the public should be allowed to wash their clothes, including underwear and gym clothes.",Klaus Schwab,1,13,"['Antagonist', 'Tyrant']",173,26,"Klaus Schwab’s World Economic Forum (WEF) has issued guidelines regarding how often the public should be allowed to wash their clothes, including underwear and gym clothes.",1,173,True,Antagonist,1,0.42153996,0.30873778,0.42153996,0.26972225,"['Antagonist', 'Traitor']",['Traitor'],0.022623146,0.006814728,0.0037570538,0.023322279,0.0038041398,0.0054446794,0.08744443,0.010622441,0.11191238,0.004237953,0.49480405,0.001559521,0.071743265,0.13424055,0.25586954,0.006474198,0.036536664,0.028329179,0.0013473269,0.0071614934,0.0041882657,0.00266925
EN_CC_200079.txt," Klaus Schwab’s World Economic Forum (WEF) has issued guidelines regarding how often the public should be allowed to wash their clothes, including underwear and gym clothes.",World Economic Forum,16,36,"['Antagonist', 'Tyrant']",173,26,"Klaus Schwab’s World Economic Forum (WEF) has issued guidelines regarding how often the public should be allowed to wash their clothes, including underwear and gym clothes.",1,173,True,Antagonist,1,0.42144638,0.30916655,0.42144638,0.26938707,"['Antagonist', 'Conspirator']",['Conspirator'],0.047214784,0.0008729479,0.020034129,0.03277275,0.0020725548,0.030910922,0.0153493695,0.29036158,0.050677374,0.0045888945,0.18717739,0.0014394177,0.10794998,0.21251282,0.06316958,0.0019824198,0.12567787,0.054685067,0.0012191016,0.0013477696,0.0017996544,0.0017633949
EN_CC_200079.txt,"The World Economic Forum has consistently fought against plans that include rolling back perks and privileges for billionaires and elites, hoping to focus environmental policy exclusively on stripping away the fundamental rights of the citizens they consider to be beneath them.",World Economic Forum,4,24,"['Antagonist', 'Conspirator']",278,41,"The World Economic Forum has consistently fought against plans that include rolling back perks and privileges for billionaires and elites, hoping to focus environmental policy exclusively on stripping away the fundamental rights of the citizens they consider to be beneath them.",0,278,True,Antagonist,1,0.42203346,0.30569077,0.42203346,0.27227578,"['Antagonist', 'Conspirator']",['Conspirator'],0.068896845,0.003245288,0.11751471,0.007253319,0.002592471,0.25492403,0.026200328,0.74663293,0.084563866,0.019974263,0.03383515,0.0013551202,0.04602356,0.008605648,0.008212085,0.0041540023,0.05994553,0.31007552,0.0035567635,0.0037274486,0.0050514545,0.004447837
EN_UA_DEV_100029.txt,"“Russia remains isolated. Their military stocks are rapidly depleting, the soldiers are demoralized, untrained, unmotivated, conscripts, and convicts, and their leadership is failing them, having already failed in their strategic objectives,” Milley said during a press conference at Pentagon following the Ukraine Defense Contact Group meeting, an Ukrinform correspondent reports.",Russia,1,7,"['Antagonist', 'Incompetent']",381,50,"“Russia remains isolated. Their military stocks are rapidly depleting, the soldiers are demoralized, untrained, unmotivated, conscripts, and convicts, and their leadership is failing them, having already failed in their strategic objectives,”",0,242,True,Innocent,2,0.42042643,0.30599278,0.27358082,0.42042643,"['Innocent', 'Incompetent']",['Incompetent'],0.031595368,0.0062569235,0.026573086,0.012506803,0.06162905,0.008055046,0.08270235,0.00067289063,0.010098597,0.14803481,0.00947643,0.0010423949,0.008740859,0.00097342784,0.6562485,0.0022314643,0.036354374,0.0046676807,0.07115911,0.029952183,0.07817604,0.05035953
EN_UA_DEV_100029.txt,"Commenting on the situation near Bakhmut, he stressed that Ukraine holds back the Russian troops due to robust defenses.",Ukraine,59,66,"['Protagonist', 'Virtuous']",120,19,“Ukraine holds back the Russian troops due to robust defenses.”,-1,-1,True,Protagonist,0,0.39918223,0.39918223,0.2998083,0.30100945,"['Protagonist', 'Underdog']",['Underdog'],0.15102133,0.015460903,0.0052696755,0.1463318,0.96695316,0.011838151,0.012592452,0.0034162367,0.0057257526,0.01847144,0.015018938,0.008419252,0.00759619,0.012938906,0.019686349,0.011221687,0.021241358,0.002628168,0.020653414,0.0049007386,0.014856829,0.0049454626
EN_UA_DEV_20.txt,"Biden called Russian president Vladamir Putin a tyrant who invaded Ukraine simply because he is “bent on domination.” Biden then renewed one of his favorite tropes, asserting that if Ukraine falls, its people will be subjugated, its neighbors will be in immediate danger, and all of Europe will be threatened by Putin’s aggressive ambitions.",Biden,0,5,"['Antagonist', 'Deceiver']",341,54,“Biden called Russian president Vladamir Putin a tyrant who invaded Ukraine simply because he is “bent on domination.””,-1,-1,True,Protagonist,0,0.39868644,0.39868644,0.2917533,0.30956033,"['Protagonist', 'Virtuous']",['Virtuous'],0.09851752,0.00293237,0.16809961,0.008240415,0.004233213,0.88435996,0.008303566,0.089062266,0.0025968626,0.010842224,0.03810611,0.0010664312,0.015363668,0.006953782,0.0067259893,0.0008874239,0.19981767,0.033966232,0.007219686,0.0032975557,0.00450261,0.010364351
EN_UA_DEV_20.txt,"Putin is showing this interest even though the Russian military is in a strong position that seems likely to get even stronger. Last year’s long-anticipated Ukrainian counteroffensive was meant to drive Russian forces out of Ukraine. But since its launch last summer, Ukraine has lost more territory than it has gained. Recently, the Russians even launched a brand new incursion into territory around the northeastern city of Kharkiv—territory that had already been recaptured by the Ukrainians in late 2022.",Putin,0,5,"['Protagonist', 'Peacemaker']",508,79,No rationale found.,-1,-1,True,Protagonist,0,0.39919147,0.39919147,0.29804602,0.30276254,"['Protagonist', 'Virtuous']",['Virtuous'],0.34858793,0.008415134,0.14249,0.024790892,0.0040864805,0.83143675,0.01143453,0.007115939,0.007436337,0.0042358595,0.010073536,0.0012719574,0.004611163,0.0012398638,0.003660907,0.001713827,0.009364817,0.0071370457,0.0021771567,0.002248596,0.0031831383,0.004241867
EN_UA_DEV_20.txt,"At the same time, the Ukrainian government is facing a serious shortage of soldiers that no amount of foreign aid or equipment transfers can do anything to alleviate. Earlier this year, the Ukrainian parliament passed a law that sought to boost conscription rates by making it easier for the government to find and identify draft-eligible men. But the problem persists, leading Ukrainian officials to tap into the country’s prison population, cut consular services to military-aged Ukrainian men living abroad, and forbid men who are dual citizens from leaving Ukraine. As the country’s supply of young men runs low, the average age of a Ukrainian soldier has climbed to forty-three years old.",Ukrainian government,22,42,"['Antagonist', 'Incompetent']",693,111,“the Ukrainian government is facing a serious shortage of soldiers that no amount of foreign aid or equipment transfers can do anything to alleviate.”,-1,-1,True,Innocent,2,0.42040646,0.30639154,0.27320203,0.42040646,"['Innocent', 'Incompetent', 'Exploited', 'Victim']","['Incompetent', 'Exploited', 'Victim']",0.015276135,0.18036754,0.0058832434,0.0062619187,0.09376861,0.0033463817,0.010476805,0.0010569817,0.006390482,0.0070862654,0.008617259,0.0038284878,0.0020770144,0.0070693325,0.30022925,0.007552533,0.0028660165,0.008466484,0.093696065,0.3312133,0.38811237,0.012869847
EN_UA_DEV_20.txt,"And, as if hampering Russia’s ability to confirm that they are not under a nuclear attack after allowing Ukraine to shoot US missiles into Russia wasn’t enough, the US then test-fired two nuclear intercontinental ballistic missiles—launching them four thousand miles from California to the Marshall Islands.",the US,161,167,"['Antagonist', 'Instigator']",307,46,"“allowing Ukraine to shoot US missiles into Russia wasn’t enough, the US then test-fired two nuclear intercontinental ballistic missiles”",-1,-1,True,Antagonist,1,0.42203546,0.30575162,0.42203546,0.27221292,"['Antagonist', 'Instigator']",['Instigator'],0.48692644,0.0036248614,0.011773631,0.021151373,0.0056803,0.0071762605,0.78369534,0.022914762,0.00998588,0.07731308,0.005023652,0.0034113182,0.08194054,0.003546714,0.029900655,0.078756385,0.023166625,0.0027935158,0.0023305747,0.0028491751,0.005152716,0.0051498273
EN_UA_DEV_20.txt,"Instead of fantasizing about waging some World War II–level offensive on Putin’s Russia, Biden and his friends in NATO should come back to reality and, before it’s too late, agree to work this conflict out with words for a change.",Biden,89,94,"['Antagonist', 'Incompetent']",230,40,"“Biden and his friends in NATO should come back to reality and, before it’s too late, agree to work this conflict out with words for a change.”",-1,-1,True,Antagonist,1,0.42181244,0.30731675,0.42181244,0.27087077,"['Antagonist', 'Peacemaker']",['Peacemaker'],0.01719226,0.0010748447,0.6784427,0.005867997,0.0049826666,0.032015003,0.08128922,0.36118194,0.012913621,0.056214638,0.06902131,0.0008419067,0.14624079,0.008393421,0.10277271,0.002063897,0.08508666,0.005083726,0.0017290406,0.0010174696,0.0016962527,0.0026525143
EN_CC_200033.txt, Climate activist Greta Thunberg has gone fully mask off and is now calling for the overthrow of “the whole capitalist system.”,Greta Thunberg,18,32,"['Antagonist', 'Terrorist']",127,21,“Greta Thunberg has gone fully mask off and is now calling for the overthrow of “the whole capitalist system.””,-1,-1,True,Protagonist,0,0.39886048,0.39886048,0.2928452,0.30829433,"['Protagonist', 'Rebel']",['Rebel'],0.033433523,0.31778225,0.010338778,0.6698679,0.013086412,0.028555764,0.12171583,0.0037600603,0.010095246,0.0021017322,0.09959067,0.010948997,0.00364681,0.023286836,0.030936142,0.004239916,0.005174737,0.038425975,0.019325525,0.20931695,0.065922365,0.016834004
EN_CC_200033.txt,Nicholas Harris from UnHerd was there to watch Thunberg outline her demented manifesto.,Thunberg,47,55,"['Antagonist', 'Bigot']",87,13,“Nicholas Harris from UnHerd was there to watch Thunberg outline her demented manifesto.”,-1,-1,True,Antagonist,1,0.42222127,0.3026695,0.42222127,0.2751092,"['Antagonist', 'Rebel']",['Rebel'],0.060678862,0.03734673,0.012176851,0.80403644,0.012048834,0.021667399,0.15795295,0.014432421,0.007489136,0.0053453217,0.30274516,0.011965618,0.017584132,0.050368115,0.14767884,0.0068619936,0.035513867,0.034319397,0.012014825,0.025867216,0.0064289984,0.0116612185
EN_CC_200033.txt,"Interspersed among the usual directives about the need to pressure political leaders, her message was more radical and more militant than it has been in the past. There is no “back to normal”, she told us. “Normal” was the “system” which gave us the climate crisis, a system of “colonialism, imperialism, oppression, genocide”, of “racist, oppressive extractionism”. Climate justice is part of all justice; you can’t have one without the others. We can’t trust the elites produced by this system to confront its flaws – that’s why she, much like Rishi Sunak, won’t be bothering with the COP meeting this year. COP itself is little more than a “scam” which facilitates “greenwashing, lying and cheating”. Only overthrow of “the whole capitalist system” will suffice.",COP,610,613,"['Antagonist', 'Deceiver', 'Corrupt']",765,124,"“COP itself is little more than a “scam” which facilitates “greenwashing, lying and cheating”.”",-1,-1,True,Antagonist,1,0.4221623,0.30090055,0.4221623,0.27693716,"['Antagonist', 'Corrupt']",['Corrupt'],0.0077476297,0.0013087952,0.0016346206,0.025474962,0.011045116,0.009984045,0.014162922,0.014693696,0.09345161,0.04556593,0.038306933,0.0040127947,0.013155757,0.9027729,0.058846366,0.0061167954,0.07284157,0.015593841,0.037019134,0.01972676,0.042865723,0.008389052
EN_CC_200033.txt,"In 2019, Stuart Basden revealed the true goals of the far-left environmentalist action group in a lengthy article posted on Medium.",Stuart Basden,9,22,"['Antagonist', 'Instigator']",131,21,“Stuart Basden revealed the true goals of the far-left environmentalist action group in a lengthy article posted on Medium.”,-1,-1,True,Antagonist,1,0.42221627,0.3029234,0.42221627,0.2748603,"['Antagonist', 'Deceiver']",['Deceiver'],0.026823351,0.0036109986,0.008018682,0.056933567,0.0056508426,0.013193486,0.013354739,0.103550114,0.0072838617,0.008345386,0.08284945,0.017957672,0.0774793,0.022592623,0.052940838,0.013361062,0.9298168,0.06327791,0.0024546774,0.0025914218,0.0044544823,0.029911647
EN_CC_200071.txt," This is according to Edward Ring, an author and a senior fellow with the conservative think tank, the California Policy Center, who warned of the far-reaching consequences of Biden's ""globalist green agenda.""",Biden's,176,183,"['Antagonist', 'Corrupt']",209,32,"“warned of the far-reaching consequences of Biden's ""globalist green agenda.""”",-1,-1,True,Antagonist,1,0.42219862,0.30149832,0.42219862,0.27630302,"['Antagonist', 'Tyrant']",['Tyrant'],0.0045483047,0.0024617068,0.005761191,0.013387049,0.0027725894,0.0026757938,0.1263995,0.038409885,0.52465147,0.008650963,0.1325878,0.00095399015,0.14456233,0.19032839,0.039310843,0.005698192,0.0072710956,0.069168776,0.0017908555,0.008502194,0.009906736,0.002668557
EN_CC_200046.txt,"The very compound that the Democrats are targeting – CO2 – is actually the solution to preserving croplands, grasslands, forests and water supplies for growing populations.",Democrats,27,36,"['Antagonist', 'Incompetent']",172,26,"“The very compound that the Democrats are targeting – CO2 – is actually the solution to preserving croplands, grasslands, forests and water supplies for growing populations.”",-1,-1,True,Antagonist,1,0.42221588,0.3020881,0.42221588,0.275696,"['Antagonist', 'Conspirator', 'Tyrant']","['Conspirator', 'Tyrant']",0.010299489,0.0018727711,0.003794885,0.027496913,0.0052534607,0.004282017,0.02780391,0.3083084,0.29204246,0.010062385,0.021150075,0.0020866087,0.08691471,0.24893382,0.002070812,0.012102033,0.011855042,0.17469409,0.0035765078,0.005702345,0.047911644,0.003931667
EN_UA_DEV_100026.txt," The German economy, the fourth-largest in the world, has ground to a standstill. There is no growth. Manufacturing is depressed, trade is weak, inflation is high, and jobs are scarce. Germany is now the sick man of Europe, and misguided energy policy is largely to blame.",Germany,185,192,"['Antagonist', 'Incompetent']",272,46,"“The German economy, the fourth-largest in the world, has ground to a standstill.”",-1,-1,True,Innocent,2,0.4203821,0.30335742,0.27626047,0.4203821,"['Innocent', 'Incompetent']",['Incompetent'],0.01580709,0.024624962,0.004001185,0.030435218,0.009390873,0.0064628622,0.014571079,0.0015493347,0.01380201,0.0035889272,0.20464802,0.0024411888,0.0050762687,0.047178693,0.6567246,0.0031240243,0.0119619435,0.06761753,0.025346516,0.045093656,0.016952699,0.01642683
EN_UA_DEV_100026.txt,"So, in other words, Germany’s leaders have been willing to bankrupt its economy, impoverish its people, and plunge the nation into darkness for a rounding error. While German leadership virtue signals their way to perdition, China and other countries have been unapologetic in their intentions to increase GHG emissions as their economies grow.",Germany,20,27,"['Antagonist', 'Incompetent']",344,53,"“Germany’s leaders have been willing to bankrupt its economy, impoverish its people, and plunge the nation into darkness for a rounding error.”",-1,-1,True,Antagonist,1,0.42222255,0.30242497,0.42222255,0.27535254,"['Antagonist', 'Tyrant']",['Tyrant'],0.0061822054,0.011013342,0.0040319343,0.0025515882,0.0054402165,0.008755104,0.1775053,0.010748286,0.60700125,0.008283638,0.35589254,0.00288332,0.06416779,0.14341755,0.04496212,0.014023129,0.02487131,0.015849376,0.002760799,0.018982591,0.013815672,0.016268171
EN_UA_DEV_100026.txt,"Germany’s beleaguered citizens appear to have had enough of this disaster. Political change is in the winds. The populist conservative party, Alternative for Germany, has just emerged as Germany’s second strongest party, polling at 20 percent support nationwide and more than one-third in some regions. One of the party’s main selling points is that it’s “an aggressive opponent of the government’s energy and climate policy.”",Alternative for Germany,142,165,"['Protagonist', 'Rebel']",426,65,"""Alternative for Germany, has just emerged as Germany’s second strongest party, polling at 20 percent support nationwide and more than one-third in some regions.""",-1,-1,True,Antagonist,1,0.41281983,0.32782036,0.41281983,0.2593598,"['Antagonist', 'Virtuous']",['Virtuous'],0.17605788,0.023460036,0.015879022,0.076123826,0.0072345547,0.8727148,0.011067363,0.01051514,0.011242249,0.0068966686,0.024444714,0.0068619875,0.004937559,0.016609525,0.035394724,0.007110129,0.008712954,0.025853898,0.005566595,0.00832044,0.0028724244,0.0041391575
EN_UA_DEV_215.txt,"That this type of war profiteering is happening in Ukraine should come as no surprise to anyone. By 1999 already, corrupt forces in Bosnia had plundered $1 billion in foreign aid money. Of course, that doesn’t compare to the magnitude of the corruption that went down in Iraq in the early 2000s. The Oil-for-Food scandal was corruption on a massive scale, and it was only one example.",Ukraine,51,58,"['Antagonist', 'Corrupt']",384,67,"""That this type of war profiteering is happening in Ukraine should come as no surprise to anyone.""",-1,-1,True,Antagonist,1,0.41447008,0.28636298,0.41447008,0.299167,"['Antagonist', 'Corrupt']",['Corrupt'],0.011755708,0.00477146,0.0015312664,0.030960096,0.010117085,0.009897952,0.03430712,0.03331566,0.026506264,0.02201016,0.02922352,0.01672312,0.024747888,0.976071,0.02070533,0.008557282,0.014751966,0.013735685,0.042733073,0.08023036,0.070094526,0.012726794
EN_CC_200054.txt,"However, the environmental excuse appears to be a smokescreen for the real desired outcome by the ECB, namely the formation of a Central Bank Digital Currency (CBDC) and the elimination of non-government-controlled alternatives such as Bitcoin and Ethereum.",ECB,98,101,"['Antagonist', 'Conspirator']",257,38,"""the real desired outcome by the ECB, namely the formation of a Central Bank Digital Currency (CBDC) and the elimination of non-government-controlled alternatives""",-1,-1,True,Antagonist,1,0.42222348,0.30256402,0.42222348,0.27521247,"['Antagonist', 'Corrupt']",['Corrupt'],0.007347405,0.0020532513,0.004360293,0.00947123,0.006896244,0.004756337,0.046115257,0.034998193,0.053121977,0.013310329,0.12369866,0.002971281,0.12744424,0.7787131,0.27919748,0.0028743588,0.025973246,0.004133014,0.0054828045,0.0064163366,0.007342899,0.0027696034
EN_CC_200054.txt,"The dangers of a Central Bank Digital Currency were laid out by the Bank of England itself, which admitted last year that they could be made “programable” so that the government could decide how citizens are able to spend their own money.",Bank of England,68,83,"['Antagonist', 'Tyrant']",238,42,"""The dangers of a Central Bank Digital Currency were laid out by the Bank of England itself, which admitted last year that they could be made “programable” so that the government could decide how citizens are able to spend their own money.""",-1,-1,True,Antagonist,1,0.42222527,0.30252996,0.42222527,0.27524468,"['Antagonist', 'Corrupt']",['Corrupt'],0.2624418,0.0014815686,0.006041967,0.0049323114,0.0050583803,0.09742226,0.004437471,0.13710642,0.0067638117,0.015199894,0.018283179,0.0073207607,0.12862988,0.5099689,0.0437464,0.0044221533,0.30782726,0.047596645,0.020044819,0.00564338,0.012064784,0.009070993
EN_UA_DEV_100013.txt,"The SBU secret service are attempting to frame Bogdan, a Trotskyist opponent of NATO’s proxy war, the Zelensky regime and of Russia’s invasion, as a supporter of Russian President Vladimir Putin.",SBU,4,7,"['Antagonist', 'Conspirator', 'Deceiver']",195,31,"""The SBU secret service are attempting to frame Bogdan, a Trotskyist opponent of NATO’s proxy war, the Zelensky regime and of Russia’s invasion, as a supporter of Russian President Vladimir Putin.""",-1,-1,True,Antagonist,1,0.42219082,0.30132097,0.42219082,0.2764883,"['Antagonist', 'Conspirator']",['Conspirator'],0.026174719,0.0013727543,0.017256664,0.016923258,0.004786421,0.015691692,0.008068904,0.8497755,0.01008621,0.018864527,0.022180157,0.0064657014,0.25185016,0.011904495,0.005051977,0.027575377,0.18562913,0.085787505,0.0022032252,0.0014858511,0.004080321,0.0066747842
EN_UA_DEV_100013.txt,"The SBU secret service are attempting to frame Bogdan, a Trotskyist opponent of NATO’s proxy war, the Zelensky regime and of Russia’s invasion, as a supporter of Russian President Vladimir Putin.",Zelensky,102,110,"['Antagonist', 'Tyrant']",195,31,"""The SBU secret service are attempting to frame Bogdan, a Trotskyist opponent of NATO’s proxy war, the Zelensky regime and of Russia’s invasion, as a supporter of Russian President Vladimir Putin.""",-1,-1,True,Antagonist,1,0.42216587,0.30093357,0.42216587,0.2769005,"['Antagonist', 'Tyrant']",['Tyrant'],0.0031789413,0.0015953592,0.001502342,0.008215589,0.0040823175,0.0027728146,0.2877416,0.039017566,0.8749244,0.14008442,0.007828975,0.001154174,0.026825959,0.0445152,0.0046563605,0.0233047,0.0056070476,0.0065480806,0.002688944,0.00872342,0.00951176,0.0045512244
EN_UA_DEV_100013.txt,"As with other embassies on this international day of protest, staff refused to take receipt of the letter, hiding inside locked gates in a clear demonstration of the nakedly criminal character of the Ukrainian regime and its frame-up of Bogdan.",Bogdan,237,243,"['Innocent', 'Scapegoat']",244,40,"""and its frame-up of Bogdan.""",-1,-1,True,Antagonist,1,0.42206207,0.29986775,0.42206207,0.27807015,"['Antagonist', 'Corrupt']",['Corrupt'],0.0027385484,0.024680931,0.0010744742,0.018921431,0.011109869,0.0027191923,0.047206532,0.011464554,0.38345322,0.014458441,0.071700655,0.01071935,0.018911656,0.7366187,0.059155915,0.06676133,0.0025812932,0.011735383,0.0125859445,0.045999825,0.014105574,0.01040967
EN_UA_DEV_100013.txt,"Zaluzhny is a fitting representative, with blood on his hands. That he was appointed ambassador to the UK in March confirms the SEP’s insistence that a major escalation of NATO’s proxy war against Russia is being prepared.",Zaluzhny,0,8,"['Antagonist', 'Instigator']",222,37,"""That he was appointed ambassador to the UK in March confirms the SEP’s insistence that a major escalation of NATO’s proxy war against Russia is being prepared.""",-1,-1,True,Protagonist,0,0.39920035,0.39920035,0.2988883,0.30191126,"['Protagonist', 'Guardian']",['Guardian'],0.6872802,0.109946325,0.010127989,0.27840114,0.03013555,0.07515174,0.044221234,0.0025098622,0.005869566,0.0023888724,0.05756717,0.007914889,0.0048575997,0.004964468,0.14883502,0.010592615,0.010818361,0.006623253,0.0049455212,0.016267827,0.006132722,0.0044520088
EN_UA_DEV_100013.txt,"Zaluzhny served as the Commander-in-Chief of the Armed Forces of Ukraine from July 27, 2021 until February 8, 2024. He led Ukraine’s disastrous “counter-offensive” last year, which led to the deaths of at least 125,000 soldiers. Overall, the war has claimed the lives of at least 400,000 Ukrainian soldiers.",Zaluzhny,0,8,"['Antagonist', 'Incompetent']",307,49,"""He led Ukraine’s disastrous “counter-offensive” last year, which led to the deaths of at least 125,000 soldiers.""",-1,-1,True,Antagonist,1,0.4219688,0.3062087,0.4219688,0.2718225,"['Antagonist', 'Guardian', 'Rebel', 'Incompetent']","['Guardian', 'Rebel', 'Incompetent']",0.28062555,0.2323981,0.0068365578,0.2908575,0.021505393,0.04189396,0.06879767,0.004873914,0.011875857,0.0037644196,0.097019486,0.014854533,0.0064428714,0.0075783455,0.34432718,0.018448662,0.0048948894,0.015361706,0.0046577225,0.017940996,0.007196782,0.0037414832
EN_UA_DEV_100013.txt,"The WSWS noted of Zaluzhny, “Above all, he has established a close relationship with the country’s far-right. He has publicly expressed admiration for the Ukrainian fascist leader Stepan Bandera and has been photographed repeatedly with far-right paraphernalia.”",Zaluzhny,18,26,"['Antagonist', 'Bigot']",262,37,"""He has publicly expressed admiration for the Ukrainian fascist leader Stepan Bandera and has been photographed repeatedly with far-right paraphernalia.”",-1,-1,True,Antagonist,1,0.41660014,0.32148862,0.41660014,0.2619112,"['Antagonist', 'Traitor']",['Traitor'],0.016470216,0.15824369,0.004304349,0.26012838,0.022655338,0.009934056,0.10471035,0.004988576,0.017523909,0.0051111802,0.6326627,0.027560357,0.017766222,0.07814538,0.055693407,0.020595497,0.016755415,0.06968252,0.010725773,0.043822855,0.0037432201,0.025651267
EN_UA_DEV_100013.txt,"During his time as commander of the armed forces, he appointed the leader of the fascist Right Sector organisation Dmytro Yarosh as his advisor. He has posed for photos standing proudly alongside other leading Right Sector members and in front of busts and portraits of the Ukrainian nationalist Nazi collaborators Stepan Bandera and Roman Shukhevych.",Stepan Bandera,315,329,"['Antagonist', 'Instigator']",351,55,"""He has posed for photos standing proudly alongside other leading Right Sector members and in front of busts and portraits of the Ukrainian nationalist Nazi collaborators Stepan Bandera and Roman Shukhevych.""",-1,-1,True,Antagonist,1,0.4222081,0.3017948,0.4222081,0.27599713,"['Antagonist', 'Terrorist']",['Terrorist'],0.012262309,0.09514101,0.003635073,0.02794871,0.005223373,0.007128219,0.025926547,0.029499307,0.05411627,0.018889608,0.0087512685,0.067139424,0.008473877,0.014544918,0.007911471,0.908634,0.0017170839,0.06698015,0.010574264,0.030214142,0.018082183,0.05033626
EN_UA_DEV_100013.txt,"During his time as commander of the armed forces, he appointed the leader of the fascist Right Sector organisation Dmytro Yarosh as his advisor. He has posed for photos standing proudly alongside other leading Right Sector members and in front of busts and portraits of the Ukrainian nationalist Nazi collaborators Stepan Bandera and Roman Shukhevych.",Roman Shukhevych,334,350,"['Antagonist', 'Instigator']",351,55,"""He has posed for photos standing proudly alongside other leading Right Sector members and in front of busts and portraits of the Ukrainian nationalist Nazi collaborators Stepan Bandera and Roman Shukhevych.""",-1,-1,True,Antagonist,1,0.42221448,0.30215552,0.42221448,0.27563006,"['Antagonist', 'Terrorist']",['Terrorist'],0.0105315205,0.123589605,0.003257431,0.030189712,0.0063252402,0.005979086,0.028961059,0.023088867,0.07550511,0.01472124,0.009945842,0.056178644,0.007586128,0.01542154,0.00787645,0.859979,0.0014621399,0.077086665,0.010882072,0.040888414,0.02273964,0.043503996
EN_UA_DEV_100013.txt,"Zaluzhny was removed from his post on February 8, 2024 before taking up the position as Ambassador Extraordinary and Plenipotentiary of Ukraine to the United Kingdom on March 7. He now serves as a point man between the Ukrainian regime and its military and British imperialism, with the full support of his arch rival. Zelensky said of the appointment of Zaluzhny, “Our alliance with Britain must only grow stronger.”",British,257,264,"['Antagonist', 'Foreign Adversary']",417,69,"""He now serves as a point man between the Ukrainian regime and its military and British imperialism""",-1,-1,True,Antagonist,1,0.42218193,0.30118582,0.42218193,0.27663225,"['Antagonist', 'Foreign Adversary']",['Foreign Adversary'],0.007034964,0.00084295793,0.0023632857,0.006287819,0.0025269096,0.006261646,0.40457416,0.12526506,0.06342501,0.8487531,0.0018902781,0.0006917426,0.013730563,0.00437961,0.002455072,0.004346631,0.004459687,0.0033133533,0.0023047864,0.0029099928,0.007745943,0.0034269323
EN_UA_DEV_100013.txt,The appointment of Zaluzhny to London ensures that Britain remains a centre of intrigue to implement the most brutal and dangerous war policy since 1945 with no public discussion and no democratic mandate whatsoever.,Britain,51,58,"['Antagonist', 'Conspirator', 'Spy']",216,34,"""The appointment of Zaluzhny to London ensures that Britain remains a centre of intrigue to implement the most brutal and dangerous war policy since 1945""",-1,-1,True,Antagonist,1,0.42218593,0.3012534,0.42218593,0.27656063,"['Antagonist', 'Corrupt']",['Corrupt'],0.0060049696,0.016234668,0.0027311305,0.0026084275,0.005461662,0.004999603,0.06590206,0.007550353,0.08726258,0.0076387892,0.1458078,0.0074554686,0.069057666,0.22679436,0.2190018,0.006497174,0.0393307,0.027022887,0.034441724,0.0783332,0.036039155,0.046530604
EN_UA_DEV_100013.txt,Building a new anti-war movement demands an irrevocable break with the Labour Party.,Labour Party,71,83,"['Antagonist', 'Traitor']",84,13,"""Building a new anti-war movement demands an irrevocable break with the Labour Party.""",-1,-1,True,Antagonist,1,0.42219743,0.3016525,0.42219743,0.27615008,"['Antagonist', 'Tyrant']",['Tyrant'],0.013098851,0.00495815,0.0033832074,0.030915387,0.0073204567,0.0058302875,0.035696387,0.010519651,0.8872739,0.031052718,0.0146768065,0.0028616225,0.0050809165,0.017688472,0.010968295,0.02045786,0.013345186,0.40213066,0.0117501365,0.018495107,0.058227837,0.00912916
EN_CC_200077.txt,"Many states where rural farmers now face assault by the green industry are taking advantage of the Biden regime's Inflation Reduction Act, which exists to help multinational corporations at the expense of mom-and-pop America.",Biden,99,104,"['Antagonist', 'Tyrant']",225,34,"Many states where rural farmers now face assault by the green industry are taking advantage of the Biden regime's Inflation Reduction Act, which exists to help multinational corporations at the expense of mom-and-pop America.",0,225,True,Antagonist,1,0.42221794,0.30200285,0.42221794,0.27577922,"['Antagonist', 'Conspirator', 'Corrupt']","['Conspirator', 'Corrupt']",0.022907503,0.0015158043,0.0049002687,0.021259453,0.007812875,0.030381735,0.01827012,0.5819119,0.03503241,0.026361316,0.021502752,0.0044735377,0.11413284,0.79575396,0.010970716,0.0036012619,0.011596772,0.004150814,0.006274013,0.008726047,0.016462477,0.002024074
EN_CC_200077.txt,Green energy is a scam that benefits communist China and other foreign interests at the expense of American energy independence. Learn more at GreenTyranny.news.,China,47,52,"['Antagonist', 'Foreign Adversary']",161,24,Green energy is a scam that benefits communist China and other foreign interests at the expense of American energy independence.,0,128,True,Antagonist,1,0.42200404,0.29945073,0.42200404,0.27854523,"['Antagonist', 'Corrupt']",['Corrupt'],0.0043928456,0.0038560536,0.0011801234,0.0081110895,0.007256039,0.0060677915,0.035335016,0.041475616,0.08455991,0.15276168,0.009717732,0.015553062,0.023977218,0.6339483,0.0028348663,0.008369192,0.014333224,0.022184672,0.06637608,0.1415389,0.16190737,0.03141623
EN_CC_200034.txt," Six billion people is a lot of people. Six billion deaths are about as genocidal as it gets, so what is possessing these ""Just Stop Oil"" members to take the position they do when employing it would kill the vast majority of the planet? The answer, in part, is propaganda.",Just Stop Oil,123,136,"['Antagonist', 'Deceiver']",272,50,"Six billion deaths are about as genocidal as it gets, so what is possessing these ""Just Stop Oil"" members to take the position they do when employing it would kill the vast majority of the planet?",40,236,True,Antagonist,1,0.42221346,0.30195513,0.42221346,0.27583137,"['Antagonist', 'Corrupt']",['Corrupt'],0.017376553,0.004537075,0.0013609533,0.034382522,0.0105208075,0.0065455628,0.038802166,0.08350622,0.031892475,0.015182061,0.021104023,0.034624368,0.104815446,0.9666237,0.008669741,0.026044939,0.01761239,0.00619663,0.015265657,0.024221007,0.045852605,0.0130801555
EN_CC_200034.txt,"Even so, member of groups like Just Stop Oil have been deluded – or perhaps deluded themselves – into believing that they must appease the climate gods by making all sorts of changes to the existing industrial world order. This, they believe, will stop things like ""global warming"" and the fear of ""boiling oceans"" destroying the planet.",Just Stop Oil,31,44,"['Antagonist', 'Bigot']",337,57,"Even so, member of groups like Just Stop Oil have been deluded – or perhaps deluded themselves – into believing that they must appease the climate gods by making all sorts of changes to the existing industrial world order.",0,222,True,Antagonist,1,0.422212,0.30234167,0.422212,0.27544624,"['Antagonist', 'Corrupt']",['Corrupt'],0.010477882,0.0045194426,0.0014290301,0.05488761,0.007690387,0.00256715,0.04396211,0.0141524,0.020187998,0.0051413565,0.087778054,0.015001277,0.05329626,0.84620965,0.01935164,0.013832502,0.24101464,0.022038752,0.01229287,0.017986353,0.0330106,0.020052867
EN_UA_DEV_213.txt," The US and its European allies, using Ukraine as a pretext, are deliberately and recklessly escalating their confrontation with Russia. Everything they are saying and doing leads to the conclusion that war, whether declared or undeclared, is their goal.",US,5,7,"['Antagonist', 'Instigator']",254,39,"The US and its European allies, using Ukraine as a pretext, are deliberately and recklessly escalating their confrontation with Russia.",1,136,True,Antagonist,1,0.4222246,0.30293068,0.4222246,0.27484477,"['Antagonist', 'Conspirator', 'Saboteur']","['Conspirator', 'Saboteur']",0.018282922,0.000915944,0.01596345,0.0039535044,0.0026715177,0.0093493825,0.29575598,0.57312816,0.074977234,0.036696803,0.01762539,0.0012764545,0.48827037,0.0075998604,0.009286517,0.005234405,0.021194566,0.0037891692,0.00097083993,0.0012371636,0.0029189512,0.0023476288
EN_UA_DEV_213.txt," The US and its European allies, using Ukraine as a pretext, are deliberately and recklessly escalating their confrontation with Russia. Everything they are saying and doing leads to the conclusion that war, whether declared or undeclared, is their goal.",European allies,16,31,"['Antagonist', 'Instigator']",254,39,"The US and its European allies, using Ukraine as a pretext, are deliberately and recklessly escalating their confrontation with Russia.",1,136,True,Antagonist,1,0.42222363,0.30233592,0.42222363,0.27544048,"['Antagonist', 'Instigator']",['Instigator'],0.008055633,0.0015644582,0.006383843,0.0056875115,0.002465425,0.0045020026,0.87051564,0.25650042,0.12497298,0.074132174,0.010947018,0.00074918225,0.14762464,0.0066788453,0.010542921,0.009219539,0.009636,0.0036174445,0.0009341852,0.0022759151,0.0037149894,0.0028387872
EN_UA_DEV_213.txt," The US and its European allies, using Ukraine as a pretext, are deliberately and recklessly escalating their confrontation with Russia. Everything they are saying and doing leads to the conclusion that war, whether declared or undeclared, is their goal.",Ukraine,39,46,"['Innocent', 'Exploited']",254,39,"The US and its European allies, using Ukraine as a pretext, are deliberately and recklessly escalating their confrontation with Russia.",1,136,True,Innocent,2,0.42045885,0.30525634,0.2742848,0.42045885,"['Innocent', 'Victim']",['Victim'],0.0042366195,0.012421165,0.0034984294,0.007864509,0.03161663,0.0028229482,0.027798047,0.0036872695,0.0024300201,0.039696388,0.006575827,0.010898261,0.010451062,0.041784406,0.0097188065,0.004915177,0.034882803,0.0031863267,0.21098618,0.30598208,0.48913634,0.14964898
EN_UA_DEV_213.txt,"All the talk of imminent war is emanating from Washington, the European capitals and filthy pro-imperialist media on both sides of the Atlantic. The claims that Russia is about to invade are supplemented by dire warnings, for which absolutely no evidence is presented, that Moscow is planning to stage a “false-flag” operation, which it will then use to justify an invasion.",Washington,47,57,"['Antagonist', 'Deceiver']",374,61,"All the talk of imminent war is emanating from Washington, the European capitals and filthy pro-imperialist media on both sides of the Atlantic.",0,144,True,Antagonist,1,0.4221974,0.30148342,0.4221974,0.27631915,"['Antagonist', 'Conspirator', 'Deceiver']","['Conspirator', 'Deceiver']",0.03276749,0.0005757995,0.026622517,0.0041474625,0.003908639,0.0095644025,0.04984798,0.5627303,0.049920436,0.0488465,0.009955745,0.002091161,0.28474385,0.005293138,0.0076683485,0.0062030847,0.51593983,0.018560765,0.0015681119,0.00082353473,0.0056369673,0.0048551518
EN_UA_DEV_213.txt,"In the present circumstances, it is obvious that the claim is being trumpeted as a cover for precisely such an operation by Ukrainian special forces, trained by US military advisers working inside the country.",Ukrainian,124,133,"['Antagonist', 'Conspirator']",209,34,"In the present circumstances, it is obvious that the claim is being trumpeted as a cover for precisely such an operation by Ukrainian special forces, trained by US military advisers working inside the country.",0,209,True,Antagonist,1,0.4222164,0.30194125,0.4222164,0.2758423,"['Antagonist', 'Conspirator']",['Conspirator'],0.02875742,0.0008297058,0.0057433154,0.014003553,0.0047780285,0.006577655,0.103319086,0.7457516,0.007122679,0.18590799,0.005176753,0.0019904207,0.16904114,0.014352457,0.013911397,0.048259184,0.0036859927,0.0019854796,0.0015591676,0.002074383,0.0018081047,0.0021495905
EN_UA_DEV_213.txt,"As it has in all the wars launched by the United States over the past three decades, the media is presenting unverified allegations and transparent lies as fact. Once again, the New York Times and Washington Post are leading the disinformation campaign, the purpose of which is to disorient and pollute public opinion.",New York Times,178,192,"['Antagonist', 'Deceiver']",318,53,"As it has in all the wars launched by the United States over the past three decades, the media is presenting unverified allegations and transparent lies as fact. Once again, the New York Times and Washington Post are leading the disinformation campaign, the purpose of which is to disorient and pollute public opinion.",0,318,True,Antagonist,1,0.42217687,0.30108193,0.42217687,0.27674118,"['Antagonist', 'Conspirator']",['Conspirator'],0.030499728,0.0014573517,0.009217196,0.030199261,0.0061500072,0.017013421,0.0052175783,0.8524396,0.009676917,0.018349629,0.014917394,0.010928557,0.20799096,0.04343482,0.0031367943,0.021906776,0.1977569,0.06790552,0.0036129619,0.0018460313,0.0077816187,0.0074874703
EN_UA_DEV_213.txt,"As it has in all the wars launched by the United States over the past three decades, the media is presenting unverified allegations and transparent lies as fact. Once again, the New York Times and Washington Post are leading the disinformation campaign, the purpose of which is to disorient and pollute public opinion.",Washington Post,197,212,"['Antagonist', 'Deceiver']",318,53,"As it has in all the wars launched by the United States over the past three decades, the media is presenting unverified allegations and transparent lies as fact. Once again, the New York Times and Washington Post are leading the disinformation campaign, the purpose of which is to disorient and pollute public opinion.",0,318,True,Antagonist,1,0.42217886,0.30111596,0.42217886,0.27670512,"['Antagonist', 'Conspirator']",['Conspirator'],0.025808427,0.0014287545,0.007368256,0.026322152,0.0064627673,0.01669966,0.004661929,0.7799384,0.008888813,0.014944376,0.016245956,0.014022681,0.25560114,0.05978249,0.0027831474,0.01838321,0.23946062,0.046298627,0.0037709503,0.0017288275,0.007644977,0.008532527
EN_UA_DEV_213.txt,"As in 2003, when they promoted the lies about Saddam Hussein’s “aluminum tubes” and weapons of mass destruction, the Times and the Post are citing as “evidence” satellite and video imagery initially posted on social media outlets TikTok and Twitter by unknown individuals in Russia, which supposedly show the movement of military materiel out of the country’s Far East in a westerly direction.",Saddam Hussein,46,60,"['Innocent', 'Victim']",393,63,"As in 2003, when they promoted the lies about Saddam Hussein’s “aluminum tubes” and weapons of mass destruction, the Times and the Post are citing as “evidence” satellite and video imagery initially posted on social media outlets TikTok and Twitter by unknown individuals in Russia.",-1,-1,True,Antagonist,1,0.42184615,0.2984927,0.42184615,0.27966115,"['Antagonist', 'Scapegoat']",['Scapegoat'],0.0014496578,0.012443979,0.0013944342,0.005905524,0.007871126,0.0023544275,0.07749253,0.009062849,0.1433363,0.025047002,0.019923784,0.06468755,0.13343064,0.2457794,0.00781806,0.16174358,0.026915202,0.006211083,0.029737452,0.03226016,0.062085506,0.28497142
EN_UA_DEV_213.txt,"Even if it were true that Russia is about to invade Ukraine, how can it be claimed with a straight face that such a military action would have “nothing to do with expansion by NATO,” which has extended its boundaries 800 miles to the east since the dissolution of the Soviet Union in 1991? How could Russia not be concerned by NATO’s obvious intention to bring Ukraine into its military alliance? And, if the issue of Ukraine is a mere pretext used by Putin to disguise his megalomania, why are the United States and NATO insisting that they will not rule out Ukraine’s future incorporation?",Russia,300,306,"['Innocent', 'Scapegoat']",591,105,"Even if it were true that Russia is about to invade Ukraine, how can it be claimed with a straight face that such a military action would have “nothing to do with expansion by NATO”?",-1,-1,True,Protagonist,0,0.3974426,0.3974426,0.28593326,0.31662413,"['Protagonist', 'Guardian']",['Guardian'],0.44866055,0.0034896387,0.066743284,0.30114633,0.050188217,0.06027668,0.06343511,0.00124572,0.012159364,0.061365817,0.002920742,0.00092149375,0.0033801878,0.00059464027,0.005785913,0.0013300038,0.056931555,0.011691356,0.028787872,0.0033302547,0.06709206,0.007358044
EN_UA_DEV_213.txt,"Even if it were true that Russia is about to invade Ukraine, how can it be claimed with a straight face that such a military action would have “nothing to do with expansion by NATO,” which has extended its boundaries 800 miles to the east since the dissolution of the Soviet Union in 1991? How could Russia not be concerned by NATO’s obvious intention to bring Ukraine into its military alliance? And, if the issue of Ukraine is a mere pretext used by Putin to disguise his megalomania, why are the United States and NATO insisting that they will not rule out Ukraine’s future incorporation?",United States,499,512,"['Antagonist', 'Instigator']",591,105,"Even if it were true that Russia is about to invade Ukraine, how can it be claimed with a straight face that such a military action would have “nothing to do with expansion by NATO”?",-1,-1,True,Antagonist,1,0.42222142,0.30281162,0.42222142,0.27496698,"['Antagonist', 'Conspirator']",['Conspirator'],0.025308011,0.00055499654,0.045362726,0.008621223,0.0039779735,0.032493606,0.013463328,0.8204299,0.0208424,0.02980368,0.043156307,0.0018731315,0.39585656,0.035839055,0.009190306,0.0018381691,0.07699347,0.012505653,0.002139404,0.0012328817,0.0024446168,0.0019120069
EN_UA_DEV_213.txt,"Even if it were true that Russia is about to invade Ukraine, how can it be claimed with a straight face that such a military action would have “nothing to do with expansion by NATO,” which has extended its boundaries 800 miles to the east since the dissolution of the Soviet Union in 1991? How could Russia not be concerned by NATO’s obvious intention to bring Ukraine into its military alliance? And, if the issue of Ukraine is a mere pretext used by Putin to disguise his megalomania, why are the United States and NATO insisting that they will not rule out Ukraine’s future incorporation?",NATO,517,521,"['Antagonist', 'Instigator']",591,105,"Even if it were true that Russia is about to invade Ukraine, how can it be claimed with a straight face that such a military action would have “nothing to do with expansion by NATO”?",-1,-1,True,Antagonist,1,0.4222089,0.30319345,0.4222089,0.2745976,"['Antagonist', 'Conspirator']",['Conspirator'],0.02521025,0.0004656947,0.029304275,0.012022504,0.004887467,0.03742653,0.013428489,0.8951415,0.023010064,0.09124195,0.019338125,0.0017150285,0.2240154,0.01949491,0.0055042002,0.0026480616,0.106016845,0.012450192,0.002166401,0.0010908814,0.002676201,0.0020858778
EN_UA_DEV_213.txt,"As for the Post’s pious assurance that NATO’s “founding treaty authorizes only defensive military action,” its editorial writers appear to have forgotten that NATO has been at the center of aggressive imperialist operations for the last 30 years. These include participation in the 1990–91 invasion of Iraq, intervention in Bosnia in 1992, the 1999 bombing of Serbia, the 2001 war against Afghanistan, the 2009 Operation Ocean Shield in Somalia, and the 2011 overthrow of the Libyan government.",NATO,159,163,"['Antagonist', 'Tyrant']",494,77,"""NATO has been at the center of aggressive imperialist operations for the last 30 years.""",-1,-1,True,Antagonist,1,0.4220979,0.3002779,0.4220979,0.27762416,"['Antagonist', 'Instigator']",['Instigator'],0.0053850194,0.0020085052,0.0014369129,0.002017919,0.0022380233,0.0015135962,0.5729228,0.14654908,0.05280627,0.15155944,0.0035972309,0.0037557958,0.20645373,0.015572627,0.0039518094,0.06052089,0.0069146026,0.0040661655,0.0037525748,0.006566516,0.017727884,0.028151695
EN_UA_DEV_213.txt,"The above list is only a partial record of the United States’ and NATO’s bloody violations of other countries’ national sovereignty. Nevertheless, the Post hypocritically declares: “Russia’s posture toward Ukraine amounts to prohibited conduct under Article 2 of the United Nations Charter, which specifically bars the ‘threat or use of force against the territorial integrity or political independence of any state.’”",United States,47,60,"['Antagonist', 'Tyrant']",418,61,"""the United States’ and NATO’s bloody violations of other countries’ national sovereignty.""",-1,-1,True,Antagonist,1,0.42221624,0.30197862,0.42221624,0.2758052,"['Antagonist', 'Instigator', 'Tyrant']","['Instigator', 'Tyrant']",0.005658615,0.004933566,0.003296219,0.0028815358,0.0019161033,0.0038522552,0.70005155,0.021518027,0.5541601,0.022177402,0.023940124,0.0029493915,0.122552685,0.018769497,0.017047457,0.047441255,0.022957217,0.009582551,0.0011923937,0.004368241,0.005740786,0.020614967
EN_UA_DEV_213.txt,"The above list is only a partial record of the United States’ and NATO’s bloody violations of other countries’ national sovereignty. Nevertheless, the Post hypocritically declares: “Russia’s posture toward Ukraine amounts to prohibited conduct under Article 2 of the United Nations Charter, which specifically bars the ‘threat or use of force against the territorial integrity or political independence of any state.’”",NATO,66,70,"['Antagonist', 'Tyrant']",418,61,"""the United States’ and NATO’s bloody violations of other countries’ national sovereignty.""",-1,-1,True,Antagonist,1,0.4222035,0.3016369,0.4222035,0.27615952,"['Antagonist', 'Instigator']",['Instigator'],0.0050388835,0.0025237328,0.0024224217,0.0034531113,0.0022930761,0.0024682705,0.86356694,0.027000062,0.30215332,0.0726464,0.008173208,0.0020739075,0.11484788,0.009723874,0.009629513,0.040873636,0.021816801,0.004359601,0.0012331101,0.002368071,0.0058283918,0.013797511
EN_UA_DEV_213.txt,"The United Nations Charter also prohibits Great Power interventions in the civil wars of sovereign countries and the overthrow of their governments, a stricture that American and European imperialism have ignored countess times over the past 75 years. In fact, the present government in Kiev is itself the product of a coup financed and organized by the United States and Germany.",United States,354,367,"['Antagonist', 'Conspirator']",380,61,"""a coup financed and organized by the United States and Germany.""",-1,-1,True,Antagonist,1,0.4222126,0.30184066,0.4222126,0.2759467,"['Antagonist', 'Conspirator']",['Conspirator'],0.01963886,0.0014361284,0.021696405,0.016697712,0.0058899657,0.02864504,0.017306987,0.9732002,0.026875373,0.15775317,0.007879495,0.0023911372,0.07005871,0.03868099,0.0052293157,0.0130275395,0.009098492,0.019261489,0.0038307875,0.0057804924,0.013253767,0.0024598585
EN_UA_DEV_213.txt,"The United Nations Charter also prohibits Great Power interventions in the civil wars of sovereign countries and the overthrow of their governments, a stricture that American and European imperialism have ignored countess times over the past 75 years. In fact, the present government in Kiev is itself the product of a coup financed and organized by the United States and Germany.",Germany,372,379,"['Antagonist', 'Conspirator']",380,61,"""a coup financed and organized by the United States and Germany.""",-1,-1,True,Antagonist,1,0.42220736,0.30170432,0.42220736,0.27608833,"['Antagonist', 'Conspirator']",['Conspirator'],0.01949168,0.001442646,0.01803092,0.014744469,0.005651976,0.027594373,0.01599525,0.9709415,0.023597585,0.1424088,0.007517562,0.0024095753,0.07143872,0.05166985,0.005035851,0.011372297,0.008565013,0.018988743,0.004253977,0.006745702,0.014927391,0.002527822
EN_UA_DEV_213.txt,Russia now faces a situation in which NATO troops and war machinery are stationed on its very borders and NATO regularly conducts massive military exercises all along its western flank.,Russia,0,6,"['Innocent', 'Victim']",185,30,"""NATO troops and war machinery are stationed on its very borders and NATO regularly conducts massive military exercises all along its western flank.""",-1,-1,True,Innocent,2,0.42045563,0.3055539,0.27399048,0.42045563,"['Innocent', 'Victim']",['Victim'],0.00941874,0.008194321,0.0064741364,0.013175781,0.03914267,0.0056713945,0.040262625,0.0038954995,0.01764091,0.035368457,0.0025337588,0.0022717728,0.0049807644,0.01048311,0.010722343,0.008484773,0.013806158,0.0053458414,0.12285395,0.09322066,0.99628407,0.018332146
EN_UA_DEV_213.txt,"The question that arises is why the United States, the principal instigator of the confrontation with Russia—and, it must be added, China—is pursuing an incredibly reckless policy that can lead only to disaster.",United States,36,49,"['Antagonist', 'Instigator']",211,33,"""the United States, the principal instigator of the confrontation with Russia""",-1,-1,True,Antagonist,1,0.4222024,0.30155286,0.4222024,0.2762447,"['Antagonist', 'Conspirator', 'Saboteur']","['Conspirator', 'Saboteur']",0.006737566,0.0011617972,0.010704766,0.0027642641,0.002600516,0.008768724,0.2686879,0.49679634,0.10921604,0.0339814,0.023408659,0.0019381063,0.54252315,0.009405678,0.0068454924,0.0070591047,0.032060094,0.0071810414,0.0012522151,0.0015610126,0.0036305785,0.0055728313
EN_UA_DEV_213.txt,"But the United States cannot “learn from its mistakes.” Thirty years after the first Bush administration proclaimed the “unipolar moment” and the start of a New American Century, the United States confronts a complex set of international and domestic economic, political and social contradictions for which it has absolutely no rational, let alone progressive solutions.",the United States,4,21,"['Antagonist', 'Incompetent']",370,55,"""the United States confronts a complex set of international and domestic economic, political and social contradictions for which it has absolutely no rational, let alone progressive solutions.""",-1,-1,True,Antagonist,1,0.42221117,0.30314186,0.42221117,0.27464694,"['Antagonist', 'Incompetent']",['Incompetent'],0.026396167,0.04242695,0.015766216,0.015457927,0.010218001,0.028235752,0.02201849,0.0069833403,0.014309261,0.0073351245,0.37379918,0.004328217,0.011826408,0.062330574,0.8857541,0.0040937136,0.018082153,0.05876033,0.015659923,0.037600067,0.0061777947,0.008430347
EN_UA_DEV_213.txt,"The US media’s relentless pro-war propaganda is driven by the delusional belief that a major military conflict overseas will distract public attention from the massive domestic social, economic and political crisis. “Whom the gods would destroy they first make mad.”",US media,4,12,"['Antagonist', 'Deceiver']",266,40,"""The US media’s relentless pro-war propaganda""",-1,-1,True,Antagonist,1,0.42219982,0.3015415,0.42219982,0.27625868,"['Antagonist', 'Deceiver']",['Deceiver'],0.022555599,0.0024227041,0.00738324,0.01052842,0.00485795,0.0082395105,0.021502694,0.019095078,0.022969857,0.015646793,0.039662153,0.006383776,0.082684144,0.013755266,0.09263564,0.008644701,0.9647472,0.10057524,0.0037482684,0.00202786,0.011171286,0.029978639
EN_CC_200047.txt,A disturbing new report has emerged revealing that an overwhelming number of so-called “American elites” support the tyrannical “climate” policies of the World Economic Forum (WEF).,World Economic Forum,154,174,"['Antagonist', 'Tyrant']",181,26,"""the tyrannical “climate” policies of the World Economic Forum (WEF).""",-1,-1,True,Antagonist,1,0.42214975,0.3007363,0.42214975,0.2771139,"['Antagonist', 'Conspirator']",['Conspirator'],0.016593708,0.0011403722,0.020309161,0.018194178,0.0045870286,0.020238025,0.046043493,0.96461207,0.119889654,0.09018607,0.008275049,0.0012957434,0.07055386,0.01886034,0.0037721093,0.01604172,0.010322773,0.033613693,0.0021914502,0.0027006161,0.007385557,0.0016156905
EN_CC_200047.txt,"According to a report from the Committee to Unleash Prosperity (CUP), America’s wealthiest citizens fully support the WEF’s plan to ration gas, electricity, and meat and dairy products for the general public in order to allegedly “fight climate change.”",Committee to Unleash Prosperity,31,62,"['Protagonist', 'Guardian']",253,39,"""According to a report from the Committee to Unleash Prosperity (CUP)""",-1,-1,True,Antagonist,1,0.41627726,0.32222027,0.41627726,0.26150236,"['Antagonist', 'Instigator']",['Instigator'],0.009501721,0.024966646,0.013814555,0.023853317,0.0032488592,0.052261848,0.32669193,0.03204089,0.07284339,0.006061519,0.14544883,0.0035787886,0.028745303,0.19251764,0.021803424,0.0046368474,0.013836412,0.08722214,0.0092000635,0.14573112,0.032232653,0.015534187
EN_CC_200047.txt,"Reporting on the story, The College Fix writes that the “Committee to Unleash Prosperity [CUP], in a survey that sought to measure the beliefs of ‘elites,’ stated the findings reveal climate change ‘is clearly an obsession of the very rich and highly educated.’”",The College Fix,24,39,"['Protagonist', 'Guardian']",262,43,"""The College Fix writes that the “Committee to Unleash Prosperity [CUP], in a survey that sought to measure the beliefs of ‘elites,’ stated the findings reveal climate change ‘is clearly an obsession of the very rich and highly educated.’”""",-1,-1,True,Protagonist,0,0.3990792,0.3990792,0.2992064,0.3017144,"['Protagonist', 'Deceiver']",['Deceiver'],0.0781169,0.003703289,0.025290126,0.087445565,0.0053420626,0.12521386,0.00723175,0.023231925,0.005860875,0.0033964184,0.06732362,0.0023042106,0.015951546,0.00744636,0.029238744,0.0023738919,0.8185038,0.1006678,0.0030034448,0.0016044597,0.0039249053,0.017347777
EN_CC_200081.txt,"The Rural Affairs Secretary for the leftist-separatist locally-devolved government of the Scottish Nationalist Party (SNP), Mairi Gougeon, has admitted that some 15.7 million trees were cut down since the year 2000, or around 1,700 per day, in order to clear room for the construction of wind turbines.",Mairi Gougeon,124,137,"['Antagonist', 'Corrupt']",302,47,"""Mairi Gougeon, has admitted that some 15.7 million trees were cut down""",-1,-1,True,Protagonist,0,0.39671934,0.39671934,0.31706458,0.28621608,"['Protagonist', 'Guardian']",['Guardian'],0.84087193,0.015537973,0.0062204464,0.40964273,0.005589371,0.13686672,0.041921653,0.008610389,0.008255959,0.0027357254,0.018658035,0.0031931628,0.004894137,0.013924412,0.03138601,0.0074065677,0.0057215923,0.03713162,0.0050812205,0.015025971,0.013410918,0.0019478841
EN_CC_200081.txt,"In addition to the need to cut down millions of trees, and the negative impacts on native bird and bat populations, wind turbines have also been criticised for their need for rare earth minerals in order to generate electricity. To create usable energy, high-powered magnets are made from rare earth minerals such as neodymium and dysprosium, which are almost exclusively mined in Communist China.",China,391,396,"['Antagonist', 'Foreign Adversary']",397,64,"""rare earth minerals such as neodymium and dysprosium, which are almost exclusively mined in Communist China.""",-1,-1,True,Antagonist,1,0.42221916,0.30229542,0.42221916,0.2754855,"['Antagonist', 'Foreign Adversary']",['Foreign Adversary'],0.0074500963,0.0011465368,0.0040727304,0.004410103,0.0052773296,0.008890511,0.06785412,0.13271217,0.12220772,0.7716224,0.0024883046,0.0013014909,0.01909669,0.06945802,0.00316404,0.0027480584,0.0064816615,0.006679493,0.015477192,0.024859356,0.10057888,0.0049844543
EN_UA_DEV_214.txt,"Messed up your proxy war in Ukraine? Well, just blame China. So while the West has been pouring massive military hardware into the conflict to the extent of emptying their own weapons warehouses – and still not winning – it’s Beijing that’s supposed to be the “decisive enabler” of the war. Seriously.",Ukraine,28,35,"['Innocent', 'Exploited']",301,52,"""the West has been pouring massive military hardware into the conflict""",-1,-1,True,Innocent,2,0.42040128,0.3039658,0.27563286,0.42040128,"['Innocent', 'Victim']",['Victim'],0.008068954,0.00782166,0.0060230135,0.016554914,0.0859575,0.0058425167,0.033079993,0.0059308666,0.020974452,0.03858524,0.0028986738,0.002259126,0.005223338,0.018638331,0.007870184,0.0066746003,0.0128084915,0.0037131438,0.08322403,0.107577845,0.99596715,0.009723056
EN_UA_DEV_214.txt,"Messed up your proxy war in Ukraine? Well, just blame China. So while the West has been pouring massive military hardware into the conflict to the extent of emptying their own weapons warehouses – and still not winning – it’s Beijing that’s supposed to be the “decisive enabler” of the war. Seriously.",China,54,59,"['Innocent', 'Scapegoat']",301,52,"“Well, just blame China.”",-1,-1,True,Innocent,2,0.42008397,0.3016066,0.2783094,0.42008397,"['Innocent', 'Scapegoat']",['Scapegoat'],0.0045078937,0.0049708346,0.0086423885,0.003389068,0.0022940373,0.008651405,0.16836426,0.016747138,0.0033276079,0.18948759,0.019441644,0.025656374,0.06703352,0.0046810335,0.013260293,0.024871357,0.07419184,0.007583192,0.033568136,0.023247583,0.017153975,0.57043374
EN_UA_DEV_214.txt,"Messed up your proxy war in Ukraine? Well, just blame China. So while the West has been pouring massive military hardware into the conflict to the extent of emptying their own weapons warehouses – and still not winning – it’s Beijing that’s supposed to be the “decisive enabler” of the war. Seriously.",the West,70,78,"['Antagonist', 'Instigator']",301,52,“the West has been pouring massive military hardware into the conflict”,-1,-1,True,Antagonist,1,0.42219847,0.30148965,0.42219847,0.27631187,"['Antagonist', 'Instigator', 'Foreign Adversary']","['Instigator', 'Foreign Adversary']",0.0054059816,0.0008731481,0.0015063753,0.010107982,0.003977533,0.0036105232,0.60747993,0.19614854,0.023378657,0.6381841,0.0033447929,0.0010575358,0.0413032,0.01572537,0.0065835095,0.006275987,0.0045060287,0.0013213658,0.0015923816,0.0033650177,0.004643917,0.0027002695
EN_UA_DEV_214.txt,"No wonder people say the West is losing its (dis-) information war over Ukraine, because few people outside Western capitals – more especially, their corridors of power and mainstream newsrooms – believe in all that nonsense.",the West,21,29,"['Antagonist', 'Incompetent']",225,36,“the West is losing its (dis-) information war”,-1,-1,True,Antagonist,1,0.42221054,0.30179676,0.42221054,0.27599275,"['Antagonist', 'Deceiver']",['Deceiver'],0.0072901086,0.0010367992,0.008330215,0.0035846073,0.0030165582,0.0071530216,0.035273995,0.0849963,0.01185278,0.041050833,0.063348524,0.0021213938,0.23698132,0.019159934,0.3282429,0.0036238937,0.5946008,0.012714673,0.0021940437,0.0011524585,0.0024568478,0.013996885
EN_UA_DEV_214.txt,"Given his obvious mental decline, US President Joe Biden may be forgiven for claiming to ABC News’ host George Stephanopoulos that he was indispensable: “You know, not only am I campaigning, but I’m running the world.”",Joe Biden,47,56,"['Antagonist', 'Incompetent']",218,36,"“Given his obvious mental decline, US President Joe Biden may be forgiven”",-1,-1,True,Antagonist,1,0.4221997,0.30152133,0.4221997,0.27627903,"['Antagonist', 'Incompetent']",['Incompetent'],0.027758915,0.010671322,0.0079161385,0.009443857,0.0129498,0.0056471727,0.015174663,0.012925339,0.009453988,0.0148024205,0.22660936,0.004040648,0.02132215,0.060932815,0.9666168,0.010273842,0.04185981,0.013864522,0.005703281,0.0112321945,0.005278704,0.008984376
EN_UA_DEV_214.txt,"Nato and other Western leaders can’t claim dementia as an excuse, but they still entertain the delusion that they are running the world. And that’s the real existential danger – to all of us.",Nato,0,4,"['Antagonist', 'Incompetent']",191,34,“Nato and other Western leaders can’t claim dementia as an excuse”,-1,-1,True,Antagonist,1,0.42222485,0.3025823,0.42222485,0.27519286,"['Antagonist', 'Deceiver']",['Deceiver'],0.012018499,0.0013941095,0.002689672,0.020742364,0.0075745424,0.0040079057,0.023513192,0.013892263,0.06536128,0.0065870965,0.17894499,0.003243761,0.05095705,0.39251986,0.11927433,0.005334416,0.6292032,0.024921425,0.002994921,0.002156529,0.006706385,0.008786888
EN_CC_200064.txt,"The three activists jumped onto the stage, stood in front of the studio camera, released yellow paint powder, and unfurled a large banner with the name of the eco-warrior group “Restore Wetlands” on it, as Kalla and her partner continued to dance in the background.",Restore Wetlands,178,194,"['Antagonist', 'Terrorist']",265,45,"“The three activists jumped onto the stage, stood in front of the studio camera, released yellow paint powder, and unfurled a large banner with the name of the eco-warrior group “Restore Wetlands” on it”",-1,-1,True,Antagonist,1,0.42117465,0.296007,0.42117465,0.28281835,"['Antagonist', 'Rebel', 'Corrupt']","['Rebel', 'Corrupt']",0.026633019,0.0042997063,0.0018577254,0.5258646,0.0077352123,0.005013195,0.2218488,0.15825237,0.029771509,0.018665869,0.024709707,0.0074532283,0.055680532,0.49981374,0.006979605,0.02612372,0.011947704,0.021231234,0.009773575,0.022989048,0.034797087,0.006289378
EN_CC_200035.txt, Gov. Gretchen Whitmer (D-MI) is ordering Michigan’s state fleet of vehicles to be 100 percent electric by 2040.,Gretchen Whitmer,6,22,"['Antagonist', 'Incompetent', 'Corrupt']",112,18,“Gov. Gretchen Whitmer (D-MI) is ordering Michigan’s state fleet of vehicles to be 100 percent electric by 2040.”,-1,-1,True,Protagonist,0,0.38806412,0.38806412,0.3405953,0.2713406,"['Protagonist', 'Guardian', 'Incompetent']","['Guardian', 'Incompetent']",0.26781404,0.008301053,0.00736586,0.24981727,0.0077718794,0.017434927,0.04201872,0.0073725013,0.008854981,0.0017238477,0.13782276,0.0023016997,0.018166225,0.101488456,0.3358137,0.0038168756,0.035689346,0.01956707,0.0053083287,0.010469209,0.0064036422,0.0029448841
EN_CC_200069.txt,Oxford is going to be the centre of the resistance to the climate change madness in the UK.,Oxford,0,6,"['Protagonist', 'Rebel']",91,18,“Oxford is going to be the centre of the resistance”,-1,-1,True,Protagonist,0,0.3991181,0.3991181,0.3012556,0.2996263,"['Protagonist', 'Virtuous']",['Virtuous'],0.25087097,0.025805851,0.01274939,0.30164027,0.009616012,0.5823508,0.019010503,0.01581736,0.0147470925,0.0024482533,0.05913388,0.0033331173,0.006169445,0.031142354,0.051869385,0.0012264122,0.008491103,0.015774652,0.01469668,0.013360677,0.0055650068,0.0026339379
EN_CC_200069.txt,"Just recently there was a day of action by activists to kick start the year of fighting back. We predicted the UK was just getting started with their resistance, and here we have it. Taking matters into their own hands, Oxford residents are destroying street zoning barriers.",the UK,107,113,"['Protagonist', 'Rebel']",275,47,“We predicted the UK was just getting started with their resistance”,-1,-1,True,Antagonist,1,0.42214125,0.30462447,0.42214125,0.27323422,"['Antagonist', 'Guardian', 'Rebel']","['Guardian', 'Rebel']",0.4140655,0.06727495,0.0037409181,0.30921134,0.26836288,0.039182063,0.026418196,0.0024770128,0.0139418645,0.01503589,0.029801855,0.009634722,0.0038528352,0.01425823,0.04606307,0.0062708175,0.0067094504,0.013728806,0.042682968,0.023721166,0.017852519,0.0023491078
EN_CC_200069.txt,"Piers Corbyn and friends are taking to the streets on Friday the 13th of January., Starting at Southwark tube in London.",Piers Corbyn,0,12,"['Protagonist', 'Rebel']",120,21,“Piers Corbyn and friends are taking to the streets”,-1,-1,True,Protagonist,0,0.3991857,0.3991857,0.29976618,0.3010482,"['Protagonist', 'Rebel']",['Rebel'],0.059175614,0.033471942,0.0028733024,0.9628396,0.03741875,0.014807539,0.10878499,0.013429025,0.013136662,0.0041665565,0.07629646,0.009320266,0.005784062,0.045226533,0.009470788,0.0140565485,0.012283708,0.01791539,0.00495549,0.0064312858,0.008146483,0.006537691
EN_UA_DEV_100019.txt,"Russia-linked accounts are disseminating divisive content aimed at U.S. audiences, including criticizing American support of Ukraine in its war with Russia, researchers at the tech giant said in a report.",Russia-,0,7,"['Antagonist', 'Saboteur', 'Foreign Adversary']",204,30,“Russia-linked accounts are disseminating divisive content”,-1,-1,True,Antagonist,1,0.422168,0.3009709,0.422168,0.27686113,"['Antagonist', 'Deceiver']",['Deceiver'],0.007720938,0.001721641,0.007146131,0.0051795063,0.0028768019,0.0061792615,0.022749145,0.228674,0.008109932,0.058137927,0.018291513,0.015958568,0.23470184,0.011484582,0.0043963585,0.02801635,0.6694425,0.10006087,0.008139,0.002632987,0.011046898,0.085493006
EN_UA_DEV_100019.txt,"A ""notable uptick"" has been seen in hacking by a Russian group Microsoft calls Star Blizzard, or Cold River, which is focused on targeting western think tanks, the company said.",Star Blizzard,79,92,"['Antagonist', 'Spy']",177,30,"“A ""notable uptick"" has been seen in hacking by a Russian group Microsoft calls Star Blizzard”",-1,-1,True,Antagonist,1,0.4221648,0.30106327,0.4221648,0.27677196,"['Antagonist', 'Conspirator', 'Terrorist']","['Conspirator', 'Terrorist']",0.01583115,0.0023271912,0.0028661718,0.019079825,0.002655344,0.0043980996,0.052465122,0.6037068,0.015311586,0.025359996,0.005006539,0.00800666,0.12492578,0.02158212,0.0028714535,0.6723503,0.0050031533,0.024164995,0.003028156,0.003443964,0.009643247,0.011739498
EN_UA_DEV_100002.txt,Zelensky wants Ukraine destroyed. There’s no sugar coating it.,Zelensky,0,8,"['Antagonist', 'Corrupt', 'Tyrant']",62,9,“Zelensky wants Ukraine destroyed.”,-1,-1,True,Antagonist,1,0.39593548,0.34826782,0.39593548,0.2557967,"['Antagonist', 'Instigator', 'Tyrant', 'Traitor']","['Instigator', 'Tyrant', 'Traitor']",0.00920489,0.013184315,0.029813087,0.009414968,0.007454311,0.010181002,0.32754844,0.012521763,0.30037072,0.010031061,0.31143412,0.0012850557,0.061223514,0.013408811,0.1689252,0.0055517047,0.0070204996,0.011345651,0.0008608978,0.009238008,0.0028052721,0.0035136447
EN_UA_DEV_100002.txt,Zelensky wants Ukraine destroyed. There’s no sugar coating it.,Ukraine,15,22,"['Innocent', 'Exploited']",62,9,“Zelensky wants Ukraine destroyed.”,-1,-1,True,Innocent,2,0.42045817,0.305072,0.27446985,0.42045817,"['Innocent', 'Victim']",['Victim'],0.0056089885,0.016291935,0.0041137156,0.01148277,0.06829051,0.004741481,0.03505283,0.005035734,0.021578083,0.021542,0.0037224689,0.0029596258,0.005223546,0.020853328,0.010211985,0.013003961,0.008818074,0.0038919158,0.07586018,0.13949984,0.99585104,0.014145689
EN_UA_DEV_100002.txt,The West wants Ukraine destroyed. There’s no sugar coating it.,West,4,8,"['Antagonist', 'Conspirator']",62,10,“The West wants Ukraine destroyed.”,-1,-1,True,Antagonist,1,0.42222103,0.30248737,0.42222103,0.27529165,"['Antagonist', 'Instigator']",['Instigator'],0.009867526,0.0010953257,0.026998337,0.004145206,0.0024646807,0.011696228,0.741027,0.45275122,0.049692154,0.18947062,0.0046926565,0.0005337709,0.061049715,0.0034185362,0.005930141,0.004826022,0.008483429,0.0040052054,0.0013487758,0.0017041926,0.0047954763,0.0022835298
EN_UA_DEV_100002.txt,"Be that as it may it is destroyed already. Anything further is not destruction, simply devastation. Then what? What is the next country marked out by NATO for destruction? It is never ending. They have numerous targets. Indeed they have the entire world as their target.",NATO,150,154,"['Antagonist', 'Conspirator', 'Foreign Adversary']",270,46,"""What is the next country marked out by NATO for destruction?""",-1,-1,True,Antagonist,1,0.4222098,0.30175877,0.4222098,0.27603146,"['Antagonist', 'Conspirator']",['Conspirator'],0.01710231,0.00067193067,0.0074409,0.0068517486,0.0027015384,0.010504881,0.13839187,0.84731233,0.03973835,0.087047376,0.0052829725,0.0014693149,0.25979802,0.007174755,0.004440634,0.02438339,0.007453109,0.0034444619,0.0011058243,0.001002543,0.0026333292,0.0021100673
EN_UA_DEV_100002.txt,It is unspoken but it is true. So I will speak it. Russia is at war with pure evil. Again there is no sugar coating it.,Russia,51,57,"['Protagonist', 'Guardian']",119,26,"""Russia is at war with pure evil.""",-1,-1,True,Protagonist,0,0.3974098,0.3974098,0.31432772,0.2882625,"['Protagonist', 'Foreign Adversary']",['Foreign Adversary'],0.024031708,0.0012271134,0.014335805,0.114029385,0.033755995,0.024548093,0.03729527,0.0036113553,0.10669432,0.8895301,0.0013369998,0.0008231527,0.0025392044,0.0036562039,0.0034739869,0.0014372001,0.018784164,0.003445673,0.02250363,0.00372289,0.07849055,0.007867366
HI_26.txt,"मोदी आज शाम 5 बजे मॉस्को में वनुकोवो-2 इंटरनेशनल एयरपोर्ट पहुंचे, जहां उनका स्वागत गार्ड ऑफ ऑनर के साथ किया गया। इस दौरान रूसी सेना ने भारतीय राष्ट्रगान की धुन बजाई। इसके बाद PM मोदी कार्लटन होटल पहुंचे जहां पर भारतीय समुदाय के लोगों ने उनका स्वागत किया।",मोदी,178,182,"['Protagonist', 'Guardian']",254,48,"""मोदी आज शाम 5 बजे मॉस्को में वनुकोवो-2 इंटरनेशनल एयरपोर्ट पहुंचे, जहां उनका स्वागत गार्ड ऑफ ऑनर के साथ किया गया।""",-1,-1,True,Protagonist,0,0.39919358,0.39919358,0.29802135,0.302785,"['Protagonist', 'Guardian']",['Guardian'],0.9821586,0.0027279062,0.041143492,0.03738767,0.007883024,0.27715147,0.007040409,0.009073544,0.0069010826,0.005930226,0.00347992,0.0023500423,0.005396077,0.003645502,0.013156149,0.005271193,0.016185809,0.0067261453,0.0049010734,0.003611081,0.011641357,0.0028883845
HI_26.txt,न्यूज एजेंसी ANI ने सरकारी सूत्रों के हवाले से कहा कि भारत का रुख यह है कि रूस-यूक्रेन समस्या का हल सिर्फ सैन्य तरीकों से हासिल नहीं किया जा सकता है। इसमें कहा गया है कि दोनों पक्षों के बीच बातचीत और डिप्लोमेसी की मदद से समाधान निकल सकता है।,भारत,54,58,"['Protagonist', 'Peacemaker']",241,50,"""भारत का रुख यह है कि रूस-यूक्रेन समस्या का हल सिर्फ सैन्य तरीकों से हासिल नहीं किया जा सकता है।""",-1,-1,True,Protagonist,0,0.3991975,0.3991975,0.29824668,0.30255583,"['Protagonist', 'Peacemaker']",['Peacemaker'],0.11575899,0.006338495,0.99253404,0.009689616,0.020181447,0.12720522,0.029525615,0.027542606,0.008935023,0.028880207,0.011886022,0.0015024809,0.015236246,0.0037738553,0.02036434,0.0047135707,0.021954479,0.009318245,0.0074940817,0.004763087,0.012054932,0.006597696
HI_26.txt,"यूक्रेन के राष्ट्रपति वोलोदोमीर जेलेंस्की ने इस घटना की निंदा की है। उन्होंने कहा कि रूस ने कीव और स्लोवियास्क समेत कई शहरों में करीब 40 मिसाइल हमले किए हैं। इसमें रिहाइसी इमारत, बच्चों के हॉस्पीटल को नुकसान पहुंचा है।",राष्ट्रपति वोलोदोमीर,11,31,"['Antagonist', 'Foreign Adversary']",218,40,"""उन्होंने कहा कि रूस ने कीव और स्लोवियास्क समेत कई शहरों में करीब 40 मिसाइल हमले किए हैं।""",-1,-1,True,Protagonist,0,0.39919564,0.39919564,0.2982968,0.3025075,"['Protagonist', 'Guardian']",['Guardian'],0.9668714,0.008590519,0.024880618,0.046410307,0.18417357,0.102614395,0.0060539893,0.003160874,0.0029770287,0.014699759,0.002438943,0.004065976,0.0036629303,0.00291617,0.004500479,0.0048629036,0.0066371444,0.0031430048,0.011116005,0.0061304234,0.059178032,0.0018950612
HI_26.txt,"यूक्रेन के राष्ट्रपति वोलोदोमीर जेलेंस्की ने इस घटना की निंदा की है। उन्होंने कहा कि रूस ने कीव और स्लोवियास्क समेत कई शहरों में करीब 40 मिसाइल हमले किए हैं। इसमें रिहाइसी इमारत, बच्चों के हॉस्पीटल को नुकसान पहुंचा है।",रूस,85,88,"['Antagonist', 'Instigator']",218,40,"""उन्होंने कहा कि रूस ने कीव और स्लोवियास्क समेत कई शहरों में करीब 40 मिसाइल हमले किए हैं।""",-1,-1,True,Antagonist,1,0.4222065,0.3016529,0.4222065,0.2761406,"['Antagonist', 'Instigator']",['Instigator'],0.007620309,0.005958995,0.0022640142,0.006383858,0.0033706801,0.0014695199,0.9073729,0.0074362317,0.16874476,0.1072952,0.0019261809,0.0021329303,0.01789928,0.0059869043,0.0133389905,0.114752404,0.0056235204,0.0029462255,0.0024740843,0.0055896896,0.037627745,0.011431981
HI_26.txt,"यूक्रेन के राष्ट्रपति वोलोदोमीर जेलेंस्की ने इस घटना की निंदा की है। उन्होंने कहा कि रूस ने कीव और स्लोवियास्क समेत कई शहरों में करीब 40 मिसाइल हमले किए हैं। इसमें रिहाइसी इमारत, बच्चों के हॉस्पीटल को नुकसान पहुंचा है।",कीव,92,95,"['Innocent', 'Victim']",218,40,"""उन्होंने कहा कि रूस ने कीव और स्लोवियास्क समेत कई शहरों में करीब 40 मिसाइल हमले किए हैं।""",-1,-1,True,Innocent,2,0.4204663,0.30530623,0.2742275,0.4204663,"['Innocent', 'Victim']",['Victim'],0.017156852,0.008111332,0.007671557,0.017317913,0.03389451,0.008177689,0.03285847,0.005674797,0.018178975,0.020387791,0.003335228,0.0029852546,0.0064224927,0.014453848,0.009568162,0.011233443,0.016696718,0.0074032913,0.11193138,0.119356476,0.99770206,0.014149407
HI_26.txt,"यूक्रेन के राष्ट्रपति वोलोदोमीर जेलेंस्की ने इस घटना की निंदा की है। उन्होंने कहा कि रूस ने कीव और स्लोवियास्क समेत कई शहरों में करीब 40 मिसाइल हमले किए हैं। इसमें रिहाइसी इमारत, बच्चों के हॉस्पीटल को नुकसान पहुंचा है।",स्लोवियास्क,99,110,"['Innocent', 'Victim']",218,40,"""उन्होंने कहा कि रूस ने कीव और स्लोवियास्क समेत कई शहरों में करीब 40 मिसाइल हमले किए हैं।""",-1,-1,True,Innocent,2,0.42046684,0.30523255,0.27430055,0.42046684,"['Innocent', 'Victim']",['Victim'],0.017576504,0.007706349,0.00793042,0.018078098,0.03368443,0.008511681,0.033334706,0.0057716505,0.019027593,0.02128813,0.0033347178,0.0029767046,0.006537072,0.014062432,0.009500949,0.011523353,0.017521981,0.0076798266,0.11198494,0.11409371,0.9977701,0.014071922
HI_26.txt,"विदेश मंत्रालय के प्रवक्ता रणधीर जायसवाल ने सोशल मीडिया पर पोस्ट किया, ""प्रधानमंत्री मोदी दोनों देशों के बीच विशेष साझेदारी को आगे बढ़ाने के लिए राष्ट्रपति व्लादिमीर पुतिन के साथ बातचीत करने के लिए तैयार हैं। वह रूस में भारतीय समुदाय के साथ भी बातचीत करेंगे।""",मोदी,85,89,"['Protagonist', 'Peacemaker']",259,46,"""प्रधानमंत्री मोदी दोनों देशों के बीच विशेष साझेदारी को आगे बढ़ाने के लिए राष्ट्रपति व्लादिमीर पुतिन के साथ बातचीत करने के लिए तैयार हैं।""",-1,-1,True,Protagonist,0,0.3992025,0.3992025,0.299091,0.3017065,"['Protagonist', 'Peacemaker']",['Peacemaker'],0.16702312,0.0058013326,0.9846703,0.006313587,0.014205381,0.1402808,0.016068257,0.016268011,0.0053829793,0.016979164,0.009670746,0.0014496213,0.010620747,0.0025816285,0.016281158,0.0036749665,0.013454875,0.0063859546,0.0057589468,0.004315579,0.008491864,0.005529915
HI_26.txt,प्रधानमंत्री मोदी मॉस्को में होटल कार्लटन पहुंचे। यहां पर भारतीय समुदाय के लोग तिरंगा लेकर उनके स्वागत में खड़े थे। PM ने हाथ हिलाकर उन का अभिवादन स्वीकार किया।,PM,116,118,"['Protagonist', 'Guardian']",160,29,"""PM ने हाथ हिलाकर उन का अभिवादन स्वीकार किया।""",-1,-1,True,Protagonist,0,0.3991973,0.3991973,0.29829562,0.30250695,"['Protagonist', 'Guardian', 'Virtuous']","['Guardian', 'Virtuous']",0.7749968,0.002591026,0.016367404,0.016465403,0.0044263285,0.74455214,0.0033504236,0.0061590574,0.0066493154,0.004995264,0.0026808162,0.0017491657,0.00298924,0.0037820248,0.003996017,0.002847917,0.0056460057,0.004799823,0.004288163,0.0037693419,0.005486648,0.002705655
HI_26.txt,"मोदी का रूस दौरा उस वक्त हो रहा है जब अमेरिका में NATO समिट शुरू होने जा रहा है। विदेश मंत्रालय को बयान जारी कर सफाई देनी पड़ी कि मोदी के रूस दौरे का नाटो समिट से कोई मतलब नहीं है। दरअसल, यूक्रेन जंग शुरू होने के बाद से रूस यूरोप में अलग-थलग पड़ गया। इस बीच उसे चीन और भारत का साथ मिला है।",रूस,220,223,"['Innocent', 'Forgotten']",289,65,"""यूक्रेन जंग शुरू होने के बाद से रूस यूरोप में अलग-थलग पड़ गया।""",-1,-1,True,Antagonist,1,0.41755307,0.3196381,0.41755307,0.2628088,"['Antagonist', 'Rebel', 'Virtuous']","['Rebel', 'Virtuous']",0.020985093,0.0007412957,0.07460398,0.45445016,0.0052379845,0.63035774,0.008200536,0.059984796,0.038553003,0.058368925,0.040631793,0.00095673685,0.00724887,0.024228627,0.01797694,0.0011396919,0.052922413,0.020744558,0.0036634873,0.001254598,0.002030934,0.0016307661
HI_160.txt,"उत्तरी अटलांटिक संधि संगठन (नाटो) यूक्रेन-रूस युद्ध का केंद्र बिंदु बन गया है. नाटो की ओर से भी जंग की घोषणा कर गई है. नाटो की स्थापना द्वितीय विश्व युद्ध के बाद 1949 में उत्तरी अमेरिका और यूरोप के 12 सदस्यों के साथ हुई थी. अब इसमें 30 सदस्य हैं, लेकिन यूक्रेन नाटो का सदस्य नहीं है. यह 2008 से नाटो का सदस्य बनने की प्रतीक्षा कर रहा है. अमेरिकी राष्ट्रपति जॉर्ज डब्ल्यू बुश ने यूक्रेन की सदस्यता कार्य योजना (एमएपी) पर जोर दिया था, लेकिन जर्मनी और फ्रांस ने इस कदम को रोक दिया. उनका कहा था कि यूक्रेन को कुछ पात्रता-मानदंडों को पूरा करना होगा.",यूक्रेन-,34,42,"['Innocent', 'Victim']",544,107,"""नाटो की ओर से भी जंग की घोषणा कर गई है।""",-1,-1,True,Antagonist,1,0.4098029,0.3319723,0.4098029,0.25822487,"['Antagonist', 'Foreign Adversary']",['Foreign Adversary'],0.016934082,0.000881442,0.004521,0.17674191,0.40178847,0.007388061,0.061246265,0.010228332,0.06281643,0.84653395,0.0046396586,0.0023149245,0.0072137546,0.0102592,0.011836428,0.005756763,0.037133083,0.0034382315,0.0071921293,0.002068648,0.015986672,0.0027460337
HI_160.txt,"उत्तरी अटलांटिक संधि संगठन (नाटो) यूक्रेन-रूस युद्ध का केंद्र बिंदु बन गया है. नाटो की ओर से भी जंग की घोषणा कर गई है. नाटो की स्थापना द्वितीय विश्व युद्ध के बाद 1949 में उत्तरी अमेरिका और यूरोप के 12 सदस्यों के साथ हुई थी. अब इसमें 30 सदस्य हैं, लेकिन यूक्रेन नाटो का सदस्य नहीं है. यह 2008 से नाटो का सदस्य बनने की प्रतीक्षा कर रहा है. अमेरिकी राष्ट्रपति जॉर्ज डब्ल्यू बुश ने यूक्रेन की सदस्यता कार्य योजना (एमएपी) पर जोर दिया था, लेकिन जर्मनी और फ्रांस ने इस कदम को रोक दिया. उनका कहा था कि यूक्रेन को कुछ पात्रता-मानदंडों को पूरा करना होगा.",जॉर्ज डब्ल्यू बुश,357,374,"['Protagonist', 'Virtuous']",544,107,"""अमेरिकी राष्ट्रपति जॉर्ज डब्ल्यू बुश ने यूक्रेन की सदस्यता कार्य योजना (एमएपी) पर जोर दिया था""",-1,-1,True,Protagonist,0,0.3990594,0.3990594,0.3030259,0.29791468,"['Protagonist', 'Virtuous']",['Virtuous'],0.44518992,0.0013877758,0.03745539,0.016894467,0.0022871622,0.92231154,0.004576151,0.018918842,0.004980379,0.013291049,0.00327987,0.0010257664,0.0054976135,0.0025383593,0.0027607633,0.00209875,0.012263533,0.006421592,0.0036813433,0.0018452316,0.0025488653,0.0032614341
HI_160.txt,"उत्तरी अटलांटिक संधि संगठन (नाटो) यूक्रेन-रूस युद्ध का केंद्र बिंदु बन गया है. नाटो की ओर से भी जंग की घोषणा कर गई है. नाटो की स्थापना द्वितीय विश्व युद्ध के बाद 1949 में उत्तरी अमेरिका और यूरोप के 12 सदस्यों के साथ हुई थी. अब इसमें 30 सदस्य हैं, लेकिन यूक्रेन नाटो का सदस्य नहीं है. यह 2008 से नाटो का सदस्य बनने की प्रतीक्षा कर रहा है. अमेरिकी राष्ट्रपति जॉर्ज डब्ल्यू बुश ने यूक्रेन की सदस्यता कार्य योजना (एमएपी) पर जोर दिया था, लेकिन जर्मनी और फ्रांस ने इस कदम को रोक दिया. उनका कहा था कि यूक्रेन को कुछ पात्रता-मानदंडों को पूरा करना होगा.",जर्मनी,439,445,"['Antagonist', 'Foreign Adversary']",544,107,"""जर्मनी और फ्रांस ने इस कदम को रोक दिया।""",-1,-1,True,Antagonist,1,0.42221895,0.30309725,0.42221895,0.27468377,"['Antagonist', 'Foreign Adversary']",['Foreign Adversary'],0.05390627,0.00069692865,0.0038462365,0.18860528,0.008042745,0.046910524,0.027596418,0.023672063,0.023778522,0.9729337,0.0073124804,0.005597381,0.014000783,0.012773196,0.01157123,0.0047152825,0.053903338,0.013610839,0.012474976,0.0027146717,0.0047523687,0.01051578
HI_160.txt,"उत्तरी अटलांटिक संधि संगठन (नाटो) यूक्रेन-रूस युद्ध का केंद्र बिंदु बन गया है. नाटो की ओर से भी जंग की घोषणा कर गई है. नाटो की स्थापना द्वितीय विश्व युद्ध के बाद 1949 में उत्तरी अमेरिका और यूरोप के 12 सदस्यों के साथ हुई थी. अब इसमें 30 सदस्य हैं, लेकिन यूक्रेन नाटो का सदस्य नहीं है. यह 2008 से नाटो का सदस्य बनने की प्रतीक्षा कर रहा है. अमेरिकी राष्ट्रपति जॉर्ज डब्ल्यू बुश ने यूक्रेन की सदस्यता कार्य योजना (एमएपी) पर जोर दिया था, लेकिन जर्मनी और फ्रांस ने इस कदम को रोक दिया. उनका कहा था कि यूक्रेन को कुछ पात्रता-मानदंडों को पूरा करना होगा.",फ्रांस,449,455,"['Antagonist', 'Foreign Adversary']",544,107,"""जर्मनी और फ्रांस ने इस कदम को रोक दिया।""",-1,-1,True,Antagonist,1,0.4222131,0.30318496,0.4222131,0.2746019,"['Antagonist', 'Foreign Adversary']",['Foreign Adversary'],0.048562933,0.0008211557,0.0037463426,0.17761527,0.008669857,0.035985596,0.035830162,0.02345998,0.026190039,0.98042506,0.006358158,0.005757011,0.012877294,0.011850267,0.01091345,0.0054479074,0.040827364,0.012044669,0.012062686,0.0031084928,0.0064264247,0.011290608
HI_51.txt,"क्या आगे बढ़ने का कोई संयुक्त राष्ट्र या बहुपक्षीय रास्ता है? रूस ने अपने सैनिकों को मजबूत स्थिति से हटाने से इनकार कर दिया है - हालांकि, यूक्रेन के अनुरोध पर, स्विट्जरलैंड आने वाले महीनों में एक शांति सम्मेलन की योजना बना रहा है, और संभावित मध्यस्थों पर नजर रखते हुए, भारत सहित सभी देशों को इसमें भाग लेने के लिए कहा है।",रूस,62,65,"['Antagonist', 'Tyrant']",321,63,रूस ने अपने सैनिकों को मजबूत स्थिति से हटाने से इनकार कर दिया है,62,126,True,Antagonist,1,0.39259166,0.35160595,0.39259166,0.2558024,"['Antagonist', 'Rebel']",['Rebel'],0.06454469,0.0038163173,0.0044659097,0.9190052,0.13393307,0.033901844,0.007966856,0.00850208,0.04830059,0.086817145,0.020418832,0.00516691,0.0019651516,0.010495864,0.020640928,0.004769096,0.018143885,0.007965536,0.007940965,0.0015194527,0.0037711472,0.0018657001
HI_51.txt,"क्या आगे बढ़ने का कोई संयुक्त राष्ट्र या बहुपक्षीय रास्ता है? रूस ने अपने सैनिकों को मजबूत स्थिति से हटाने से इनकार कर दिया है - हालांकि, यूक्रेन के अनुरोध पर, स्विट्जरलैंड आने वाले महीनों में एक शांति सम्मेलन की योजना बना रहा है, और संभावित मध्यस्थों पर नजर रखते हुए, भारत सहित सभी देशों को इसमें भाग लेने के लिए कहा है।",यूक्रेन,138,145,"['Innocent', 'Victim']",321,63,"यूक्रेन के अनुरोध पर, स्विट्जरलैंड आने वाले महीनों में एक शांति सम्मेलन की योजना बना रहा है",138,229,True,Innocent,2,0.39196667,0.3533614,0.2546719,0.39196667,"['Innocent', 'Underdog']",['Underdog'],0.048428893,0.02137035,0.06673121,0.011261193,0.88147724,0.013888253,0.028192367,0.0042646993,0.002800397,0.017466413,0.013240988,0.007769283,0.019577332,0.0073359306,0.006007777,0.004404121,0.029536793,0.0029185917,0.14326717,0.024997497,0.23929672,0.01292936
HI_51.txt,"क्या आगे बढ़ने का कोई संयुक्त राष्ट्र या बहुपक्षीय रास्ता है? रूस ने अपने सैनिकों को मजबूत स्थिति से हटाने से इनकार कर दिया है - हालांकि, यूक्रेन के अनुरोध पर, स्विट्जरलैंड आने वाले महीनों में एक शांति सम्मेलन की योजना बना रहा है, और संभावित मध्यस्थों पर नजर रखते हुए, भारत सहित सभी देशों को इसमें भाग लेने के लिए कहा है।",स्विट्जरलैंड,160,172,"['Protagonist', 'Peacemaker']",321,63,"यूक्रेन के अनुरोध पर, स्विट्जरलैंड आने वाले महीनों में एक शांति सम्मेलन की योजना बना रहा है",138,229,True,Protagonist,0,0.3991986,0.3991986,0.29924965,0.30155182,"['Protagonist', 'Peacemaker']",['Peacemaker'],0.14941429,0.005954986,0.9912435,0.009844667,0.020669546,0.12516388,0.022341413,0.03560762,0.0095783165,0.026637388,0.011556341,0.001785546,0.016700497,0.0038686816,0.018607356,0.004969396,0.019796574,0.009740261,0.0073168264,0.004567074,0.012581939,0.0062518795
HI_51.txt,"यूक्रेन के साथ, नई दिल्ली अधिक रूढ़िवादी रही है - जबकि उसने दवाएं, पानी के टैंक, तंबू इत्यादि जैसी लगभग 100 टन सहायता प्रदान की है, लेकिन वह यूक्रेन द्वारा अनुरोध की गई ढांचागत सहायता पर सहमत नहीं हुई है। कीव में मंत्रियों का कोई दौरा नहीं, पीएम मोदी ने जापान में ज़ेलेंस्की से मुलाकात की लेकिन उन्हें G20 शिखर सम्मेलन में आमंत्रित नहीं किया",नई दिल्ली,16,25,"['Protagonist', 'Virtuous']",341,65,"नई दिल्ली अधिक रूढ़िवादी रही है - जबकि उसने दवाएं, पानी के टैंक, तंबू इत्यादि जैसी लगभग 100 टन सहायता प्रदान की है",16,130,True,Protagonist,0,0.3978327,0.3978327,0.3079272,0.2942401,"['Protagonist', 'Virtuous']",['Virtuous'],0.11024154,0.011307862,0.07251558,0.053355645,0.0037078045,0.4836478,0.022378359,0.003986848,0.013111223,0.0029993483,0.15897119,0.0014354002,0.0060315696,0.009163225,0.058520883,0.0013906262,0.046456415,0.16907787,0.016013844,0.013941158,0.0073789256,0.00837585
HI_51.txt,"हालाँकि, इस रुख के बावजूद, अमेरिका और यूरोप के साथ भारत के संबंध प्रभावित नहीं हुए हैं, जबकि कुछ भारतीय कंपनियों पर प्रतिबंध लगा दिया गया है, पश्चिम से द्विपक्षीय जुड़ाव में कोई कमी नहीं आई है, विशेष रूप से यूरोप-रायसीना वार्ता इसका एक उदाहरण है। और इसे सरकार के लिए एक बड़ी सफलता के तौर पर देखा जा रहा है",अमेरिका,27,34,"['Antagonist', 'Foreign Adversary']",305,61,कुछ भारतीय कंपनियों पर प्रतिबंध लगा दिया गया है,93,140,True,Antagonist,1,0.42211625,0.30497617,0.42211625,0.27290767,"['Antagonist', 'Foreign Adversary']",['Foreign Adversary'],0.031490784,0.002150501,0.012491663,0.04033142,0.011285674,0.03687504,0.085428424,0.034366947,0.035575584,0.9950428,0.006631711,0.007572434,0.016843865,0.010810828,0.012520808,0.008267507,0.031763542,0.022765625,0.02601169,0.01151384,0.025945848,0.024816606
HI_51.txt,"हालाँकि, इस रुख के बावजूद, अमेरिका और यूरोप के साथ भारत के संबंध प्रभावित नहीं हुए हैं, जबकि कुछ भारतीय कंपनियों पर प्रतिबंध लगा दिया गया है, पश्चिम से द्विपक्षीय जुड़ाव में कोई कमी नहीं आई है, विशेष रूप से यूरोप-रायसीना वार्ता इसका एक उदाहरण है। और इसे सरकार के लिए एक बड़ी सफलता के तौर पर देखा जा रहा है",यूरोप,38,43,"['Antagonist', 'Foreign Adversary']",305,61,कुछ भारतीय कंपनियों पर प्रतिबंध लगा दिया गया है,93,140,True,Antagonist,1,0.42197457,0.30622232,0.42197457,0.27180314,"['Antagonist', 'Foreign Adversary']",['Foreign Adversary'],0.043348473,0.001946067,0.014296158,0.03390017,0.015459605,0.035972018,0.07226886,0.026643192,0.028078275,0.99368215,0.005743797,0.0067353714,0.017064758,0.0099482285,0.011240846,0.006989533,0.034357227,0.02033543,0.029177284,0.0111178085,0.03405464,0.022709304
HI_51.txt,"यूक्रेन में युद्ध के दो साल बाद, रूस ने यूक्रेन के कुछ हिस्सों पर कब्ज़ा कर लिया है, जो इसके पश्चिमी किनारे पर एक बफर ज़ोन बनाते हैं, इसे उलटना असंभव लगता है, लेकिन इससे इसकी प्रतिष्ठा को भी नुकसान हुआ है। यूक्रेन बनाम गाजा में नागरिकों की हत्या, अस्पतालों और स्कूलों पर बमबारी पर अमेरिका और यूरोप के दोहरे मानकों ने इसकी स्थिति को बाकी दुनिया के लिए असुरक्षित बना दिया है। इस सब में, भारत की स्थिति ने उसकी कूटनीति को सैद्धांतिक नहीं तो सामरिक जीत दिलाई है। हालाँकि, युद्ध में सभी पक्षों को खुश करना लंबे समय में अधिक कठिन होता है।",रूस,33,36,"['Antagonist', 'Instigator']",532,105,रूस ने यूक्रेन के कुछ हिस्सों पर कब्ज़ा कर लिया है,33,83,True,Antagonist,1,0.42222404,0.30229303,0.42222404,0.2754829,"['Antagonist', 'Tyrant']",['Tyrant'],0.00546261,0.0015124688,0.0031234021,0.008561969,0.0044058966,0.005137407,0.27246392,0.012999231,0.9027048,0.16022521,0.003211582,0.00080540485,0.006267063,0.011163472,0.006649186,0.015147394,0.01040013,0.0067683407,0.002668218,0.0038042916,0.020237353,0.0036541652
HI_51.txt,"यूक्रेन में युद्ध के दो साल बाद, रूस ने यूक्रेन के कुछ हिस्सों पर कब्ज़ा कर लिया है, जो इसके पश्चिमी किनारे पर एक बफर ज़ोन बनाते हैं, इसे उलटना असंभव लगता है, लेकिन इससे इसकी प्रतिष्ठा को भी नुकसान हुआ है। यूक्रेन बनाम गाजा में नागरिकों की हत्या, अस्पतालों और स्कूलों पर बमबारी पर अमेरिका और यूरोप के दोहरे मानकों ने इसकी स्थिति को बाकी दुनिया के लिए असुरक्षित बना दिया है। इस सब में, भारत की स्थिति ने उसकी कूटनीति को सैद्धांतिक नहीं तो सामरिक जीत दिलाई है। हालाँकि, युद्ध में सभी पक्षों को खुश करना लंबे समय में अधिक कठिन होता है।",यूक्रेन,40,47,"['Innocent', 'Victim']",532,105,रूस ने यूक्रेन के कुछ हिस्सों पर कब्ज़ा कर लिया है,33,83,True,Innocent,2,0.4204618,0.3055309,0.27400732,0.4204618,"['Innocent', 'Victim']",['Victim'],0.0053990893,0.013829698,0.005641831,0.006642849,0.065155886,0.00454243,0.033288177,0.0033116937,0.015502585,0.013888854,0.0050706198,0.0022227098,0.0045366436,0.014161191,0.014607096,0.006003328,0.011958822,0.004124037,0.09433758,0.17954597,0.9916808,0.012990699
HI_51.txt,"यूक्रेन में युद्ध के दो साल बाद, रूस ने यूक्रेन के कुछ हिस्सों पर कब्ज़ा कर लिया है, जो इसके पश्चिमी किनारे पर एक बफर ज़ोन बनाते हैं, इसे उलटना असंभव लगता है, लेकिन इससे इसकी प्रतिष्ठा को भी नुकसान हुआ है। यूक्रेन बनाम गाजा में नागरिकों की हत्या, अस्पतालों और स्कूलों पर बमबारी पर अमेरिका और यूरोप के दोहरे मानकों ने इसकी स्थिति को बाकी दुनिया के लिए असुरक्षित बना दिया है। इस सब में, भारत की स्थिति ने उसकी कूटनीति को सैद्धांतिक नहीं तो सामरिक जीत दिलाई है। हालाँकि, युद्ध में सभी पक्षों को खुश करना लंबे समय में अधिक कठिन होता है।",गाजा,219,223,"['Innocent', 'Forgotten']",532,105,"यूक्रेन बनाम गाजा में नागरिकों की हत्या, अस्पतालों और स्कूलों पर बमबारी",206,277,True,Innocent,2,0.4204645,0.30539012,0.2741454,0.4204645,"['Innocent', 'Victim']",['Victim'],0.0108336955,0.013505052,0.005693398,0.01592995,0.04133222,0.007823984,0.022625657,0.004389914,0.019898027,0.01739872,0.0036604826,0.003297286,0.00522367,0.01727211,0.010374352,0.008169513,0.010653225,0.006088844,0.11140612,0.14114,0.997165,0.013191464
HI_51.txt,"यूक्रेन में युद्ध के दो साल बाद, रूस ने यूक्रेन के कुछ हिस्सों पर कब्ज़ा कर लिया है, जो इसके पश्चिमी किनारे पर एक बफर ज़ोन बनाते हैं, इसे उलटना असंभव लगता है, लेकिन इससे इसकी प्रतिष्ठा को भी नुकसान हुआ है। यूक्रेन बनाम गाजा में नागरिकों की हत्या, अस्पतालों और स्कूलों पर बमबारी पर अमेरिका और यूरोप के दोहरे मानकों ने इसकी स्थिति को बाकी दुनिया के लिए असुरक्षित बना दिया है। इस सब में, भारत की स्थिति ने उसकी कूटनीति को सैद्धांतिक नहीं तो सामरिक जीत दिलाई है। हालाँकि, युद्ध में सभी पक्षों को खुश करना लंबे समय में अधिक कठिन होता है।",अमेरिका,281,288,"['Antagonist', 'Bigot']",532,105,"यूक्रेन बनाम गाजा में नागरिकों की हत्या, अस्पतालों और स्कूलों पर बमबारी पर अमेरिका और यूरोप के दोहरे मानकों ने इसकी स्थिति को बाकी दुनिया के लिए असुरक्षित बना दिया है",206,372,True,Antagonist,1,0.42215833,0.304471,0.42215833,0.27337062,"['Antagonist', 'Foreign Adversary']",['Foreign Adversary'],0.04211261,0.001018992,0.0086071985,0.005013273,0.0018126563,0.0280639,0.06614868,0.031992164,0.014676226,0.940532,0.0071571823,0.004168975,0.075072795,0.0055836835,0.07061236,0.0058830706,0.18551448,0.021223383,0.011702413,0.004213993,0.005065107,0.02683894
HI_51.txt,"यूक्रेन में युद्ध के दो साल बाद, रूस ने यूक्रेन के कुछ हिस्सों पर कब्ज़ा कर लिया है, जो इसके पश्चिमी किनारे पर एक बफर ज़ोन बनाते हैं, इसे उलटना असंभव लगता है, लेकिन इससे इसकी प्रतिष्ठा को भी नुकसान हुआ है। यूक्रेन बनाम गाजा में नागरिकों की हत्या, अस्पतालों और स्कूलों पर बमबारी पर अमेरिका और यूरोप के दोहरे मानकों ने इसकी स्थिति को बाकी दुनिया के लिए असुरक्षित बना दिया है। इस सब में, भारत की स्थिति ने उसकी कूटनीति को सैद्धांतिक नहीं तो सामरिक जीत दिलाई है। हालाँकि, युद्ध में सभी पक्षों को खुश करना लंबे समय में अधिक कठिन होता है।",यूरोप,292,297,"['Antagonist', 'Bigot']",532,105,"यूक्रेन बनाम गाजा में नागरिकों की हत्या, अस्पतालों और स्कूलों पर बमबारी पर अमेरिका और यूरोप के दोहरे मानकों ने इसकी स्थिति को बाकी दुनिया के लिए असुरक्षित बना दिया है",206,372,True,Antagonist,1,0.42217046,0.30415574,0.42217046,0.27367386,"['Antagonist', 'Foreign Adversary']",['Foreign Adversary'],0.024870113,0.0020421108,0.005981558,0.017727312,0.0052263765,0.032726202,0.066384315,0.032580726,0.0262138,0.9911317,0.007960304,0.007250727,0.030530062,0.016210604,0.019880777,0.006924505,0.04088902,0.03679397,0.031896375,0.016406734,0.019594688,0.034335647
HI_51.txt,"यूक्रेन में युद्ध के दो साल बाद, रूस ने यूक्रेन के कुछ हिस्सों पर कब्ज़ा कर लिया है, जो इसके पश्चिमी किनारे पर एक बफर ज़ोन बनाते हैं, इसे उलटना असंभव लगता है, लेकिन इससे इसकी प्रतिष्ठा को भी नुकसान हुआ है। यूक्रेन बनाम गाजा में नागरिकों की हत्या, अस्पतालों और स्कूलों पर बमबारी पर अमेरिका और यूरोप के दोहरे मानकों ने इसकी स्थिति को बाकी दुनिया के लिए असुरक्षित बना दिया है। इस सब में, भारत की स्थिति ने उसकी कूटनीति को सैद्धांतिक नहीं तो सामरिक जीत दिलाई है। हालाँकि, युद्ध में सभी पक्षों को खुश करना लंबे समय में अधिक कठिन होता है।",भारत,385,389,"['Protagonist', 'Virtuous']",532,105,भारत की स्थिति ने उसकी कूटनीति को सैद्धांतिक नहीं तो सामरिक जीत दिलाई है,385,457,True,Protagonist,0,0.39914903,0.39914903,0.2964185,0.30443245,"['Protagonist', 'Virtuous']",['Virtuous'],0.48454043,0.0048512504,0.034289133,0.028681202,0.0047886674,0.9119575,0.004181817,0.005662539,0.004684463,0.004922352,0.0053193253,0.0013551615,0.0019546722,0.0033407153,0.0071331505,0.0024422482,0.00413052,0.0071937027,0.0048131137,0.005052207,0.0048243157,0.003126902
HI_114.txt,रूस की इस हरकत से छिड़ जाएगा विश्व युद्ध? आगबबूला हुआ अमेरिका; फ्रांस ने भी कहा- अब खैर नहीं,अमेरिका,54,61,"['Antagonist', 'Foreign Adversary']",92,19,आगबबूला हुआ अमेरिका,42,61,True,Antagonist,1,0.4196177,0.31503263,0.4196177,0.2653496,"['Antagonist', 'Foreign Adversary']",['Foreign Adversary'],0.20094053,0.00094202877,0.02358317,0.08393131,0.0033606195,0.2257968,0.01686417,0.0068476847,0.0049262606,0.4426665,0.00598417,0.0020988907,0.0045151263,0.0008229405,0.122625075,0.0015918305,0.18018477,0.015108391,0.0045150253,0.0009982294,0.0015404145,0.0064534815
HI_114.txt,रूस की इस हरकत से छिड़ जाएगा विश्व युद्ध? आगबबूला हुआ अमेरिका; फ्रांस ने भी कहा- अब खैर नहीं,फ्रांस,63,69,"['Antagonist', 'Foreign Adversary']",92,19,फ्रांस ने भी कहा- अब खैर नहीं,63,92,True,Protagonist,0,0.3981842,0.3981842,0.31021494,0.29160082,"['Protagonist', 'Guardian']",['Guardian'],0.6118169,0.0011383541,0.004387937,0.27773303,0.017854374,0.33326784,0.0021124722,0.0031643962,0.007643931,0.116959035,0.0026551294,0.0024544494,0.0016111111,0.0033378713,0.005272926,0.0015394058,0.010710979,0.003978627,0.010045078,0.001766374,0.004078115,0.002036675
HI_114.txt,दो साल से ज्यादा वक्स से चल रहे रूस-यूक्रेन युद्ध ने अब नया रुख ले लिया है। रूस पर यूक्रेनी सैनिकों पर रासायनिक गैस का इस्तेमाल करने का आरोप लगाया गया है। जिससे अमेरिका और फ्रांस बौखला उठे हैं।,रूस,76,79,"['Antagonist', 'Tyrant']",193,39,रूस पर यूक्रेनी सैनिकों पर रासायनिक गैस का इस्तेमाल करने का आरोप लगाया गया है,76,153,True,Antagonist,1,0.42218053,0.30118003,0.42218053,0.27663946,"['Antagonist', 'Tyrant']",['Tyrant'],0.0025808245,0.0010045785,0.0014022453,0.008049521,0.001393008,0.0023828028,0.30055866,0.05034032,0.73618615,0.09495714,0.0059980205,0.0018737422,0.0296888,0.14090544,0.012877372,0.011739666,0.012274946,0.005375369,0.002560045,0.007160059,0.009256426,0.007803382
HI_114.txt,दो साल से ज्यादा वक्स से चल रहे रूस-यूक्रेन युद्ध ने अब नया रुख ले लिया है। रूस पर यूक्रेनी सैनिकों पर रासायनिक गैस का इस्तेमाल करने का आरोप लगाया गया है। जिससे अमेरिका और फ्रांस बौखला उठे हैं।,यूक्रेनी सैनिकों,83,99,"['Innocent', 'Victim']",193,39,रूस पर यूक्रेनी सैनिकों पर रासायनिक गैस का इस्तेमाल करने का आरोप लगाया गया है।,76,154,True,Antagonist,1,0.42209288,0.30018252,0.42209288,0.27772468,"['Antagonist', 'Corrupt']",['Corrupt'],0.0066021536,0.02432564,0.0012376657,0.012648915,0.018362911,0.002436686,0.033335473,0.005352283,0.009112052,0.034415964,0.04045572,0.13857582,0.039050207,0.42184377,0.21073335,0.06566771,0.009523344,0.0052304193,0.043159254,0.15848461,0.01616862,0.070142776
HI_114.txt,दो साल से ज्यादा वक्स से चल रहे रूस-यूक्रेन युद्ध ने अब नया रुख ले लिया है। रूस पर यूक्रेनी सैनिकों पर रासायनिक गैस का इस्तेमाल करने का आरोप लगाया गया है। जिससे अमेरिका और फ्रांस बौखला उठे हैं।,अमेरिका,161,168,"['Protagonist', 'Guardian']",193,39,जिससे अमेरिका और फ्रांस बौखला उठे हैं।,155,193,True,Antagonist,1,0.4180783,0.3184048,0.4180783,0.26351693,"['Antagonist', 'Foreign Adversary']",['Foreign Adversary'],0.034058224,0.001878051,0.0038277078,0.08387069,0.009676757,0.0281406,0.086865395,0.02501622,0.020290177,0.9937512,0.008399121,0.009558217,0.018564275,0.012398976,0.027633391,0.007486294,0.027391715,0.013684495,0.017336069,0.009298493,0.012498907,0.024601711
HI_114.txt,दो साल से ज्यादा वक्स से चल रहे रूस-यूक्रेन युद्ध ने अब नया रुख ले लिया है। रूस पर यूक्रेनी सैनिकों पर रासायनिक गैस का इस्तेमाल करने का आरोप लगाया गया है। जिससे अमेरिका और फ्रांस बौखला उठे हैं।,फ्रांस,172,178,"['Protagonist', 'Guardian']",193,39,जिससे अमेरिका और फ्रांस बौखला उठे हैं।,155,193,True,Antagonist,1,0.4079266,0.33438584,0.4079266,0.25768757,"['Antagonist', 'Foreign Adversary']",['Foreign Adversary'],0.07694438,0.0012438234,0.0022195238,0.15452287,0.02220682,0.03073932,0.026662096,0.011420675,0.011133956,0.97548056,0.006980785,0.0073758243,0.012545039,0.009394449,0.031410914,0.004425333,0.024527919,0.007831045,0.016824583,0.0057940274,0.008492041,0.011730114
HI_114.txt,रूस पर आरोप है कि रूसी सेना इस गैस का इस्तेमाल यूक्रेनी सेना को तितर-बितर करने के लिए कर रही है। रूस का दावा है कि रूस इस गैस से दुश्मन खेमे की सेना पर काबू पाकर युद्ध के रणनीतिक क्षेत्र में अपना योगदान दे रहा है। अमेरिका के मुताबिक युद्ध के मैदान में सैनिक आर्मी बेस में जमे हुए हैं। अगर इस गैस का इस्तेमाल वहां कम दूरी में किया जाए तो दम घुटने से सैनिकों की मौत हो सकती है। यूक्रेन के रक्षा मंत्रालय ने संभावित नुकसान से बचने के लिए सैनिकों को मास्क पहनने की सलाह दी है।,यूक्रेन,376,383,"['Protagonist', 'Guardian', 'Underdog']",472,101,रूस पर आरोप है कि रूसी सेना इस गैस का इस्तेमाल यूक्रेनी सेना को तितर-बितर करने के लिए कर रही है।,0,96,True,Protagonist,0,0.3991832,0.3991832,0.3002179,0.3005989,"['Protagonist', 'Guardian']",['Guardian'],0.9193946,0.004134563,0.014856237,0.038112387,0.5513715,0.048720773,0.008491026,0.0048960107,0.003468567,0.007195045,0.0067861774,0.004407357,0.010551171,0.009910877,0.009742929,0.006343071,0.025608953,0.003118016,0.007382583,0.002571964,0.013269079,0.001947985
HI_114.txt,रूस पर आरोप है कि रूसी सेना इस गैस का इस्तेमाल यूक्रेनी सेना को तितर-बितर करने के लिए कर रही है। रूस का दावा है कि रूस इस गैस से दुश्मन खेमे की सेना पर काबू पाकर युद्ध के रणनीतिक क्षेत्र में अपना योगदान दे रहा है। अमेरिका के मुताबिक युद्ध के मैदान में सैनिक आर्मी बेस में जमे हुए हैं। अगर इस गैस का इस्तेमाल वहां कम दूरी में किया जाए तो दम घुटने से सैनिकों की मौत हो सकती है। यूक्रेन के रक्षा मंत्रालय ने संभावित नुकसान से बचने के लिए सैनिकों को मास्क पहनने की सलाह दी है।,रक्षा मंत्रालय,387,401,"['Protagonist', 'Guardian']",472,101,यूक्रेन के रक्षा मंत्रालय ने संभावित नुकसान से बचने के लिए सैनिकों को मास्क पहनने की सलाह दी है।,376,472,True,Protagonist,0,0.3991017,0.3991017,0.3023299,0.29856837,"['Protagonist', 'Guardian']",['Guardian'],0.9946852,0.0058434727,0.021528317,0.080763265,0.021697763,0.21738899,0.014168149,0.012571974,0.010116917,0.014222773,0.004994932,0.0044358745,0.010251166,0.007535492,0.020806646,0.010563644,0.025109857,0.009714988,0.00781397,0.006284263,0.017516688,0.0034718702
HI_114.txt,"हालांकि, रूस ने अपने ऊपर लगे इन आरोपों को निराधार बताते हुए खारिज कर दिया। हालांकि, यूरोप अमेरिका की मांग को हल्के में नहीं ले रहा है। फ्रांस के राष्ट्रपति इमैनुएल मैक्रॉन ने धमकी दी है कि अगर रूस ने ताकत दिखाई और यूक्रेन ने कहा तो फ्रांस अपनी जमीनी सेना उतार देगा। अमेरिका का दावा है कि व्लादिमीर पुतिन का देश युद्ध में इन रासायनिक हथियारों का इस्तेमाल करके रासायनिक हथियार सम्मेलन (सीडब्ल्यूसी) की शर्तों का उल्लंघन कर रहा है।",इमैनुएल मैक्रॉन,156,171,"['Protagonist', 'Guardian']",428,81,फ्रांस के राष्ट्रपति इमैनुएल मैक्रॉन ने धमकी दी है कि अगर रूस ने ताकत दिखाई और यूक्रेन ने कहा तो फ्रांस अपनी जमीनी सेना उतार देगा।,135,265,True,Protagonist,0,0.39914623,0.39914623,0.3013969,0.2994569,"['Protagonist', 'Guardian']",['Guardian'],0.8629213,0.0018685262,0.0057603093,0.3220404,0.0047717243,0.26899415,0.0106944945,0.006119663,0.0048832595,0.013715152,0.0023688865,0.0021389867,0.0033864453,0.0017568641,0.002606167,0.0049688844,0.006714178,0.004231889,0.0028968854,0.0013734036,0.00428083,0.0015605162
HI_114.txt,"हालांकि, रूस ने अपने ऊपर लगे इन आरोपों को निराधार बताते हुए खारिज कर दिया। हालांकि, यूरोप अमेरिका की मांग को हल्के में नहीं ले रहा है। फ्रांस के राष्ट्रपति इमैनुएल मैक्रॉन ने धमकी दी है कि अगर रूस ने ताकत दिखाई और यूक्रेन ने कहा तो फ्रांस अपनी जमीनी सेना उतार देगा। अमेरिका का दावा है कि व्लादिमीर पुतिन का देश युद्ध में इन रासायनिक हथियारों का इस्तेमाल करके रासायनिक हथियार सम्मेलन (सीडब्ल्यूसी) की शर्तों का उल्लंघन कर रहा है।",व्लादिमीर पुतिन,288,303,"['Antagonist', 'Tyrant']",428,81,अमेरिका का दावा है कि व्लादिमीर पुतिन का देश युद्ध में इन रासायनिक हथियारों का इस्तेमाल करके रासायनिक हथियार सम्मेलन (सीडब्ल्यूसी) की शर्तों का उल्लंघन कर रहा है।,266,428,True,Antagonist,1,0.42221856,0.30207923,0.42221856,0.2757022,"['Antagonist', 'Corrupt']",['Corrupt'],0.007127348,0.0039330977,0.0012649255,0.07459681,0.0032273908,0.0084782215,0.26091224,0.03628572,0.040070478,0.012821871,0.16133434,0.019779969,0.26162186,0.60738343,0.013097082,0.05942502,0.046877053,0.008864238,0.0036340356,0.003890814,0.002272642,0.023212694
HI_17.txt,Russia-Ukraine war: चीन के राष्ट्रपति शी चिनफिंग ने सोमवार को हंगरी के प्रधानमंत्री विक्टर ओरबान से मुलाकात के दौरान वैश्विक महाशक्तियों से सीधा संवाद बहाल करने में रूस और यूक्रेन की मदद करने का आह्वान किया.,शी चिनफिंग,38,48,"['Protagonist', 'Peacemaker']",207,36,चीन के राष्ट्रपति शी चिनफिंग ने सोमवार को हंगरी के प्रधानमंत्री विक्टर ओरबान से मुलाकात के दौरान वैश्विक महाशक्तियों से सीधा संवाद बहाल करने में रूस और यूक्रेन की मदद करने का आह्वान किया.,20,207,True,Protagonist,0,0.39918137,0.39918137,0.30024797,0.3005706,"['Protagonist', 'Peacemaker']",['Peacemaker'],0.14690068,0.0042287516,0.8777245,0.004250684,0.0047629355,0.4420856,0.010031735,0.013224402,0.0052988552,0.013820442,0.0040334756,0.00089298346,0.0057392023,0.00081756857,0.0036220967,0.0024349494,0.010339514,0.0050873226,0.003275225,0.0023240312,0.005478817,0.0042612986
HI_17.txt,"यूरोपीय संघ में पुतिन के सबसे करीबी सहयोगी माने जाने वाले ओरबान ने यूक्रेन की सहायता करने और युद्ध के लिए मॉस्को पर प्रतिबंध लगाने के यूरोपीय संघ के प्रयासों को नियमित रूप से अवरुद्ध, विलंबित या कमजोर किया है. वह लंबे समय से यूक्रेन में शत्रुता समाप्त करने की वकालत करते रहे हैं, लेकिन उन्होंने यह नहीं बताया कि इसका देश की क्षेत्रीय अखंडता या भविष्य की सुरक्षा पर क्या प्रभाव पड़ेगा.",ओरबान,58,63,"['Antagonist', 'Incompetent', 'Deceiver', 'Traitor']",384,73,"यूरोपीय संघ में पुतिन के सबसे करीबी सहयोगी माने जाने वाले ओरबान ने यूक्रेन की सहायता करने और युद्ध के लिए मॉस्को पर प्रतिबंध लगाने के यूरोपीय संघ के प्रयासों को नियमित रूप से अवरुद्ध, विलंबित या कमजोर किया है.",0,209,True,Antagonist,1,0.42207214,0.30529267,0.42207214,0.27263513,"['Antagonist', 'Peacemaker']",['Peacemaker'],0.06053709,0.0032424743,0.951626,0.0026799696,0.003627599,0.15027294,0.05158906,0.07846241,0.0108427545,0.036187883,0.018664232,0.0014874642,0.033580516,0.0024693825,0.02076184,0.0036993835,0.030391773,0.008984974,0.0027808298,0.0027040537,0.0035479441,0.0058552325
HI_152.txt,उत्तर कोरिया के तानाशाह किम जोंग और रूस के राष्ट्रपति पुतिन के बीच कुछ समय जून में ही पहले बात हुई थी और दोनों नेताओं ने रणनीतिक और सामरिक विषयों के अलावा कई अन्य क्षेत्रों में सहयोग की बात की थी। उत्तर कोरिया की राजधानी प्योंगयोंग में दोनों नेताओं ने अपने हावभाव से निकटता का आभास देने की कोशिश की थी।,किम जोंग,24,32,"['Antagonist', 'Tyrant']",302,61,उत्तर कोरिया के तानाशाह किम जोंग और रूस के राष्ट्रपति पुतिन के बीच कुछ समय जून में ही पहले बात हुई थी और दोनों नेताओं ने रणनीतिक और सामरिक विषयों के अलावा कई अन्य क्षेत्रों में सहयोग की बात की थी।,0,196,True,Antagonist,1,0.42222077,0.3028657,0.42222077,0.2749135,"['Antagonist', 'Tyrant']",['Tyrant'],0.0089881085,0.0019251556,0.008215942,0.009788108,0.0025734873,0.013037573,0.1883711,0.015955295,0.9441865,0.18847571,0.009076143,0.001035426,0.009058487,0.0063338717,0.007264326,0.00872898,0.012422551,0.013800108,0.0039026537,0.0064296196,0.012998124,0.005284704
HI_152.txt,"उत्तर कोरिया का तानाशाह हर उस काम को करने में दिलचस्पी लेता है जो खासकर अमेरिका को चुभता हो। शायद इसीलिए उसने रूस के पाले में खड़े होकर यूक्रेन पर गोले दागने की राह चुनी है। कारण यह कि तानाशाह किम जोंग के लिए अमेरिका और साउथ कोरिया उसके सबसे बड़े दुश्मन हैं। सब जानते हैं, अमेरिका यूक्रेन के पाले में खड़ा है और रूस को परास्त करने के सपने दे रहा है। इसीलिए उत्तर कोरिया का तानाशाह यूक्रेन के विरुद्ध अपने सैनिकों को मैदाने जंग में उतारे हुए है। यह बड़ा आरोप दक्षिण कोरिया के रक्षा मंत्री किम योंग-ह्यून ने लगाया है।",रूस,110,113,"['Antagonist', 'Bigot']",515,103,उत्तर कोरिया का तानाशाह हर उस काम को करने में दिलचस्पी लेता है जो खासकर अमेरिका को चुभता हो। शायद इसीलिए उसने रूस के पाले में खड़े होकर यूक्रेन पर गोले दागने की राह चुनी है।,0,173,True,Protagonist,0,0.39896342,0.39896342,0.29656342,0.30447316,"['Protagonist', 'Tyrant']",['Tyrant'],0.024588076,0.000740228,0.0067116655,0.22635438,0.010192411,0.040219992,0.0135068,0.016271666,0.7917196,0.24534796,0.0034598587,0.0004646278,0.0025079253,0.01124357,0.0055304053,0.0016617521,0.018555215,0.006493771,0.0031422742,0.0020087163,0.0073032966,0.001873718
HI_152.txt,"उत्तर कोरिया का तानाशाह हर उस काम को करने में दिलचस्पी लेता है जो खासकर अमेरिका को चुभता हो। शायद इसीलिए उसने रूस के पाले में खड़े होकर यूक्रेन पर गोले दागने की राह चुनी है। कारण यह कि तानाशाह किम जोंग के लिए अमेरिका और साउथ कोरिया उसके सबसे बड़े दुश्मन हैं। सब जानते हैं, अमेरिका यूक्रेन के पाले में खड़ा है और रूस को परास्त करने के सपने दे रहा है। इसीलिए उत्तर कोरिया का तानाशाह यूक्रेन के विरुद्ध अपने सैनिकों को मैदाने जंग में उतारे हुए है। यह बड़ा आरोप दक्षिण कोरिया के रक्षा मंत्री किम योंग-ह्यून ने लगाया है।",यूक्रेन,136,143,"['Innocent', 'Scapegoat']",515,103,"सब जानते हैं, अमेरिका यूक्रेन के पाले में खड़ा है और रूस को परास्त करने के सपने दे रहा है।",259,349,True,Innocent,2,0.42046407,0.3049473,0.27458867,0.42046407,"['Innocent', 'Victim']",['Victim'],0.008320861,0.0025621501,0.00497971,0.0075715566,0.07830618,0.003164306,0.054577425,0.0043554204,0.012208104,0.106974736,0.0025511282,0.001074269,0.00672856,0.013608125,0.012063151,0.003713911,0.0249277,0.0023664709,0.08037123,0.07030185,0.98031324,0.01131904
HI_152.txt,"उत्तर कोरिया का तानाशाह हर उस काम को करने में दिलचस्पी लेता है जो खासकर अमेरिका को चुभता हो। शायद इसीलिए उसने रूस के पाले में खड़े होकर यूक्रेन पर गोले दागने की राह चुनी है। कारण यह कि तानाशाह किम जोंग के लिए अमेरिका और साउथ कोरिया उसके सबसे बड़े दुश्मन हैं। सब जानते हैं, अमेरिका यूक्रेन के पाले में खड़ा है और रूस को परास्त करने के सपने दे रहा है। इसीलिए उत्तर कोरिया का तानाशाह यूक्रेन के विरुद्ध अपने सैनिकों को मैदाने जंग में उतारे हुए है। यह बड़ा आरोप दक्षिण कोरिया के रक्षा मंत्री किम योंग-ह्यून ने लगाया है।",साउथ कोरिया,220,231,"['Antagonist', 'Foreign Adversary']",515,103,कारण यह कि तानाशाह किम जोंग के लिए अमेरिका और साउथ कोरिया उसके सबसे बड़े दुश्मन हैं।,174,258,True,Antagonist,1,0.4221622,0.30427828,0.4221622,0.27355954,"['Antagonist', 'Foreign Adversary']",['Foreign Adversary'],0.08251946,0.0009135407,0.0046359366,0.057786874,0.0053723822,0.06175768,0.053036503,0.032964054,0.016021358,0.9857087,0.0040948386,0.007450682,0.015906474,0.007355269,0.008106557,0.0059456667,0.03237954,0.010150807,0.014894662,0.0058156624,0.008527631,0.016431507
HI_152.txt,"उत्तर कोरिया का तानाशाह हर उस काम को करने में दिलचस्पी लेता है जो खासकर अमेरिका को चुभता हो। शायद इसीलिए उसने रूस के पाले में खड़े होकर यूक्रेन पर गोले दागने की राह चुनी है। कारण यह कि तानाशाह किम जोंग के लिए अमेरिका और साउथ कोरिया उसके सबसे बड़े दुश्मन हैं। सब जानते हैं, अमेरिका यूक्रेन के पाले में खड़ा है और रूस को परास्त करने के सपने दे रहा है। इसीलिए उत्तर कोरिया का तानाशाह यूक्रेन के विरुद्ध अपने सैनिकों को मैदाने जंग में उतारे हुए है। यह बड़ा आरोप दक्षिण कोरिया के रक्षा मंत्री किम योंग-ह्यून ने लगाया है।",दक्षिण कोरिया,458,471,"['Protagonist', 'Virtuous', 'Guardian']",515,103,"सब जानते हैं, अमेरिका यूक्रेन के पाले में खड़ा है और रूस को परास्त करने के सपने दे रहा है।",259,349,True,Antagonist,1,0.40592563,0.33708057,0.40592563,0.2569939,"['Antagonist', 'Foreign Adversary']",['Foreign Adversary'],0.14775598,0.00063976157,0.0038136004,0.14242476,0.004694311,0.22144805,0.017414134,0.01599816,0.011159678,0.88666403,0.0033721512,0.0028551966,0.0061250534,0.0042346246,0.0063497764,0.002586815,0.01566037,0.00853498,0.009398395,0.0023575916,0.0045673926,0.0054654214
HI_152.txt,"उत्तर कोरिया का तानाशाह हर उस काम को करने में दिलचस्पी लेता है जो खासकर अमेरिका को चुभता हो। शायद इसीलिए उसने रूस के पाले में खड़े होकर यूक्रेन पर गोले दागने की राह चुनी है। कारण यह कि तानाशाह किम जोंग के लिए अमेरिका और साउथ कोरिया उसके सबसे बड़े दुश्मन हैं। सब जानते हैं, अमेरिका यूक्रेन के पाले में खड़ा है और रूस को परास्त करने के सपने दे रहा है। इसीलिए उत्तर कोरिया का तानाशाह यूक्रेन के विरुद्ध अपने सैनिकों को मैदाने जंग में उतारे हुए है। यह बड़ा आरोप दक्षिण कोरिया के रक्षा मंत्री किम योंग-ह्यून ने लगाया है।",किम योंग-ह्यून,488,502,"['Protagonist', 'Guardian']",515,103,यह बड़ा आरोप दक्षिण कोरिया के रक्षा मंत्री किम योंग-ह्यून ने लगाया है।,445,515,True,Antagonist,1,0.42181432,0.3072454,0.42181432,0.27094024,"['Antagonist', 'Guardian']",['Guardian'],0.9493526,0.0010932517,0.00418708,0.054794542,0.0021377015,0.2659738,0.016399218,0.017172724,0.01284626,0.020284932,0.0028638996,0.0038419052,0.008051979,0.0057169474,0.0135151325,0.008861378,0.033911582,0.009947377,0.0031783099,0.002353375,0.007416534,0.0025556146
HI_152.txt,"उल्लेखनीय है कि रूस—यूक्रेन युद्ध के संदर्भ में ही यूक्रेन के सबसे बड़े सहयोगी देश अमेरिका ने रूस पर अनेक प्रतिबंध थोपे हुए हैं और राष्ट्रपति पुतिन को एक ‘हत्यारा’ माना है। लेकिन अमेरिका, ‘नाटो’ और अन्य पश्चिमी देशों के आर्थिक—सैन्य सहयोग के सामने रूस सीना ताने खड़ा है और हथियार डालने को तैयार नहीं है। यूक्रेन की उसके आगे ताकत कहीं कम है, लेकिन विशेष रूप से अमेरिका की मदद और उकसावे से राष्ट्रपति जेलेंस्की भी आक्रामक तेवर अपनाए हुए हैं।",पुतिन,142,147,"['Antagonist', 'Terrorist']",439,82,और राष्ट्रपति पुतिन को एक ‘हत्यारा’ माना है।,128,172,True,Antagonist,1,0.42217278,0.30395,0.42217278,0.2738772,"['Antagonist', 'Incompetent']",['Incompetent'],0.053197104,0.0023381682,0.0051436033,0.0617124,0.009010242,0.014986327,0.0358518,0.0050888364,0.10157606,0.04818178,0.11704673,0.0024071983,0.018368095,0.0462389,0.91261744,0.009975881,0.01631393,0.0039825574,0.004235278,0.0047909794,0.002379314,0.0031980143
HI_152.txt,"उल्लेखनीय है कि रूस—यूक्रेन युद्ध के संदर्भ में ही यूक्रेन के सबसे बड़े सहयोगी देश अमेरिका ने रूस पर अनेक प्रतिबंध थोपे हुए हैं और राष्ट्रपति पुतिन को एक ‘हत्यारा’ माना है। लेकिन अमेरिका, ‘नाटो’ और अन्य पश्चिमी देशों के आर्थिक—सैन्य सहयोग के सामने रूस सीना ताने खड़ा है और हथियार डालने को तैयार नहीं है। यूक्रेन की उसके आगे ताकत कहीं कम है, लेकिन विशेष रूप से अमेरिका की मदद और उकसावे से राष्ट्रपति जेलेंस्की भी आक्रामक तेवर अपनाए हुए हैं।",नाटो,189,193,"['Antagonist', 'Foreign Adversary']",439,82,"लेकिन अमेरिका, ‘नाटो’ और अन्य पश्चिमी देशों के आर्थिक—सैन्य सहयोग के सामने रूस सीना ताने खड़ा है और हथियार डालने को तैयार नहीं है।",173,303,True,Antagonist,1,0.42221788,0.30328286,0.42221788,0.2744992,"['Antagonist', 'Foreign Adversary']",['Foreign Adversary'],0.031213012,0.0018181957,0.004171902,0.055316996,0.00676652,0.024644716,0.1389395,0.052898865,0.027639851,0.99262965,0.005559075,0.007543585,0.020832138,0.014013486,0.008054109,0.008298545,0.011642443,0.009637247,0.014858875,0.013864502,0.012763789,0.014774909
HI_152.txt,"उल्लेखनीय है कि रूस—यूक्रेन युद्ध के संदर्भ में ही यूक्रेन के सबसे बड़े सहयोगी देश अमेरिका ने रूस पर अनेक प्रतिबंध थोपे हुए हैं और राष्ट्रपति पुतिन को एक ‘हत्यारा’ माना है। लेकिन अमेरिका, ‘नाटो’ और अन्य पश्चिमी देशों के आर्थिक—सैन्य सहयोग के सामने रूस सीना ताने खड़ा है और हथियार डालने को तैयार नहीं है। यूक्रेन की उसके आगे ताकत कहीं कम है, लेकिन विशेष रूप से अमेरिका की मदद और उकसावे से राष्ट्रपति जेलेंस्की भी आक्रामक तेवर अपनाए हुए हैं।",पश्चिमी देशों,203,216,"['Antagonist', 'Foreign Adversary']",439,82,"लेकिन अमेरिका, ‘नाटो’ और अन्य पश्चिमी देशों के आर्थिक—सैन्य सहयोग के सामने रूस सीना ताने खड़ा है और हथियार डालने को तैयार नहीं है।",173,303,True,Antagonist,1,0.42222607,0.30274516,0.42222607,0.27502874,"['Antagonist', 'Foreign Adversary']",['Foreign Adversary'],0.029812833,0.0022139298,0.017800929,0.024657978,0.008178389,0.045497112,0.11127444,0.08641982,0.0180389,0.9941876,0.007584693,0.006148393,0.023010738,0.00822439,0.008927261,0.009896653,0.018116796,0.019232905,0.013845837,0.009785936,0.011909051,0.019612987
HI_152.txt,"उल्लेखनीय है कि रूस—यूक्रेन युद्ध के संदर्भ में ही यूक्रेन के सबसे बड़े सहयोगी देश अमेरिका ने रूस पर अनेक प्रतिबंध थोपे हुए हैं और राष्ट्रपति पुतिन को एक ‘हत्यारा’ माना है। लेकिन अमेरिका, ‘नाटो’ और अन्य पश्चिमी देशों के आर्थिक—सैन्य सहयोग के सामने रूस सीना ताने खड़ा है और हथियार डालने को तैयार नहीं है। यूक्रेन की उसके आगे ताकत कहीं कम है, लेकिन विशेष रूप से अमेरिका की मदद और उकसावे से राष्ट्रपति जेलेंस्की भी आक्रामक तेवर अपनाए हुए हैं।",रूस,248,251,"['Protagonist', 'Rebel']",439,82,"लेकिन अमेरिका, ‘नाटो’ और अन्य पश्चिमी देशों के आर्थिक—सैन्य सहयोग के सामने रूस सीना ताने खड़ा है और हथियार डालने को तैयार नहीं है।",173,303,True,Protagonist,0,0.39918825,0.39918825,0.29798058,0.30283114,"['Protagonist', 'Rebel']",['Rebel'],0.040624015,0.001270361,0.008721387,0.8553104,0.01417146,0.037842184,0.025594011,0.011690755,0.38765603,0.075656034,0.005950604,0.0007059981,0.0016026673,0.0077316053,0.009990577,0.002062352,0.015902959,0.007912051,0.002327366,0.0010855782,0.006320896,0.0016176894
HI_152.txt,"उल्लेखनीय है कि रूस—यूक्रेन युद्ध के संदर्भ में ही यूक्रेन के सबसे बड़े सहयोगी देश अमेरिका ने रूस पर अनेक प्रतिबंध थोपे हुए हैं और राष्ट्रपति पुतिन को एक ‘हत्यारा’ माना है। लेकिन अमेरिका, ‘नाटो’ और अन्य पश्चिमी देशों के आर्थिक—सैन्य सहयोग के सामने रूस सीना ताने खड़ा है और हथियार डालने को तैयार नहीं है। यूक्रेन की उसके आगे ताकत कहीं कम है, लेकिन विशेष रूप से अमेरिका की मदद और उकसावे से राष्ट्रपति जेलेंस्की भी आक्रामक तेवर अपनाए हुए हैं।",यूक्रेन,304,311,"['Protagonist', 'Underdog']",439,82,"यूक्रेन की उसके आगे ताकत कहीं कम है, लेकिन विशेष रूप से अमेरिका की मदद और उकसावे से राष्ट्रपति जेलेंस्की भी आक्रामक तेवर अपनाए हुए हैं।",304,439,True,Antagonist,1,0.42220178,0.3036876,0.42220178,0.2741106,"['Antagonist', 'Underdog']",['Underdog'],0.058624856,0.005528636,0.004312079,0.06359487,0.9201168,0.008011827,0.018465107,0.005990594,0.011010387,0.057879362,0.0393693,0.006841688,0.014801545,0.015246265,0.26978117,0.015941398,0.049998518,0.0037228034,0.016457567,0.005030616,0.0059504597,0.0045989947
HI_152.txt,"उल्लेखनीय है कि रूस—यूक्रेन युद्ध के संदर्भ में ही यूक्रेन के सबसे बड़े सहयोगी देश अमेरिका ने रूस पर अनेक प्रतिबंध थोपे हुए हैं और राष्ट्रपति पुतिन को एक ‘हत्यारा’ माना है। लेकिन अमेरिका, ‘नाटो’ और अन्य पश्चिमी देशों के आर्थिक—सैन्य सहयोग के सामने रूस सीना ताने खड़ा है और हथियार डालने को तैयार नहीं है। यूक्रेन की उसके आगे ताकत कहीं कम है, लेकिन विशेष रूप से अमेरिका की मदद और उकसावे से राष्ट्रपति जेलेंस्की भी आक्रामक तेवर अपनाए हुए हैं।",राष्ट्रपति जेलेंस्की,388,408,"['Protagonist', 'Underdog']",439,82,लेकिन विशेष रूप से अमेरिका की मदद और उकसावे से राष्ट्रपति जेलेंस्की भी आक्रामक तेवर अपनाए हुए हैं।,341,439,True,Antagonist,1,0.42221346,0.30339968,0.42221346,0.27438685,"['Antagonist', 'Rebel']",['Rebel'],0.12945443,0.00057021296,0.0023128705,0.75067204,0.021697134,0.014034559,0.04274792,0.0049802014,0.27891237,0.18436858,0.0074776714,0.0011255607,0.0038618697,0.0041727307,0.023873068,0.0038462821,0.018257765,0.0057960325,0.002383856,0.0011705919,0.0028472561,0.0013851369
HI_152.txt,ऐसे में उत्तर कोरिया ने संभवत: अपनी ओर से रूस के पाले में सैनिक भेजने को तैयार हुए होंगे। दक्षिण कोरिया के रक्षा मंत्री के इस आरोप के पीछे उनकी ओर से तथ्य भी रखा गया है। उन्होंने यूक्रेन के ड्रोन हमले में मारे गए सैनिकों की सूची में छह सैनिक उत्तर कोरिया के बताए हैं। उनका कहना है कि इससे साफ पता चलता है कि उत्तर कोरिया के फौजी रूसी के सैनिकों के बीच खड़े यूक्रेन पर गोलियां दाग रहे हैं।,सैनिकों,213,220,"['Innocent', 'Victim']",388,82,उन्होंने यूक्रेन के ड्रोन हमले में मारे गए सैनिकों की सूची में छह सैनिक उत्तर कोरिया के बताए हैं।,170,267,True,Innocent,2,0.42015857,0.3038505,0.27599087,0.42015857,"['Innocent', 'Exploited']",['Exploited'],0.026577601,0.2852566,0.0038445285,0.03038942,0.0054742666,0.0060874675,0.010832409,0.00245169,0.0046942933,0.044261135,0.0040690745,0.1456306,0.0024196852,0.002509067,0.009426035,0.061904103,0.0012447123,0.0065695904,0.04985993,0.4917732,0.06726488,0.06845171
HI_152.txt,ऐसे में उत्तर कोरिया ने संभवत: अपनी ओर से रूस के पाले में सैनिक भेजने को तैयार हुए होंगे। दक्षिण कोरिया के रक्षा मंत्री के इस आरोप के पीछे उनकी ओर से तथ्य भी रखा गया है। उन्होंने यूक्रेन के ड्रोन हमले में मारे गए सैनिकों की सूची में छह सैनिक उत्तर कोरिया के बताए हैं। उनका कहना है कि इससे साफ पता चलता है कि उत्तर कोरिया के फौजी रूसी के सैनिकों के बीच खड़े यूक्रेन पर गोलियां दाग रहे हैं।,उत्तर कोरिया,308,320,"['Antagonist', 'Foreign Adversary', 'Deceiver']",388,82,ऐसे में उत्तर कोरिया ने संभवत: अपनी ओर से रूस के पाले में सैनिक भेजने को तैयार हुए होंगे।,0,89,True,Antagonist,1,0.4222257,0.30257758,0.4222257,0.27519676,"['Antagonist', 'Foreign Adversary']",['Foreign Adversary'],0.021982607,0.0006779019,0.005139148,0.01845589,0.0027024597,0.022665685,0.088357285,0.16042249,0.009655391,0.9718332,0.0070739565,0.0039870786,0.08517044,0.011013249,0.018246982,0.008993815,0.022782441,0.008146202,0.008520345,0.004929333,0.0034500363,0.009684035
HI_152.txt,"दक्षिण कोरिया के रक्षा मंत्री किम योंग-ह्यून ने कल अपने साथी नेता के साथ बात करते हुए आगे कहा कि संभावना है कि अभी 3 अक्तूबर को दोनेत्सक में जो यूक्रेन का मिसाइल हमला हुआ था उसकी चपेट में उत्तर कोरिया के छह फौजी अफसर भी आए थे। और यह आकलन दक्षिण कोरिया का नहीं, बल्कि यूक्रेन के मीडिया में आई एक रिपोर्ट में लिखा था।",दोनेत्सक,128,136,"['Innocent', 'Victim']",315,66,संभावना है कि अभी 3 अक्तूबर को दोनेत्सक में जो यूक्रेन का मिसाइल हमला हुआ था उसकी चपेट में उत्तर कोरिया के छह फौजी अफसर भी आए थे।,97,226,True,Innocent,2,0.4204577,0.3052968,0.27424547,0.4204577,"['Innocent', 'Victim']",['Victim'],0.019262368,0.007341374,0.009115432,0.01777919,0.02123153,0.0094456,0.029700737,0.005989359,0.016137967,0.019659387,0.0034934294,0.0029624782,0.0074397307,0.01803406,0.010195798,0.0090950355,0.018324409,0.009669308,0.15273619,0.101902284,0.99724686,0.017353754
HI_152.txt,"दक्षिण कोरिया के रक्षा मंत्री किम योंग-ह्यून ने कल अपने साथी नेता के साथ बात करते हुए आगे कहा कि संभावना है कि अभी 3 अक्तूबर को दोनेत्सक में जो यूक्रेन का मिसाइल हमला हुआ था उसकी चपेट में उत्तर कोरिया के छह फौजी अफसर भी आए थे। और यह आकलन दक्षिण कोरिया का नहीं, बल्कि यूक्रेन के मीडिया में आई एक रिपोर्ट में लिखा था।",यूक्रेन,144,151,"['Protagonist', 'Underdog']",315,66,दोनेत्सक में जो यूक्रेन का मिसाइल हमला हुआ था उसकी चपेट में उत्तर कोरिया के छह फौजी अफसर भी आए थे।,128,226,True,Innocent,2,0.420058,0.30918744,0.27075458,0.420058,"['Innocent', 'Instigator']",['Instigator'],0.009238087,0.0023430309,0.0010911105,0.060650904,0.0835202,0.000781008,0.81173646,0.0046911286,0.017333006,0.10993158,0.0025601534,0.0014858065,0.010230161,0.004697701,0.0056376057,0.076186344,0.0071499003,0.0011262927,0.0053708176,0.007553269,0.043148324,0.010549842
HI_35.txt,नई दिल्ली: रूस की सरकार ने न्यूज वेबसाइट ‘द मॉस्को टाइम्स’ पर प्रतिबंध लगा दिया है.,द मॉस्को टाइम्स,42,57,"['Antagonist', 'Traitor']",83,16,रूस की सरकार ने न्यूज वेबसाइट ‘द मॉस्को टाइम्स’ पर प्रतिबंध लगा दिया है.,11,83,True,Antagonist,1,0.42109793,0.2957592,0.42109793,0.28314278,"['Antagonist', 'Deceiver', 'Victim']","['Deceiver', 'Victim']",0.0043155565,0.0016298667,0.0010797586,0.006150785,0.0046467083,0.00199852,0.047758553,0.009486748,0.021615556,0.11130833,0.0043832376,0.015163401,0.03405374,0.15479758,0.021148756,0.013852141,0.49610725,0.026983885,0.066494055,0.03594725,0.38824186,0.0633454
HI_35.txt,"रिपोर्ट के मुताबिक, रूसी प्रॉसिक्यूटर जनरल के कार्यालय ने देश की सेना को बदनाम करने का आरोप लगाते हुए 10 को जुलाई को रूस में वेबसाइट को ब्लॉक करने का आदेश जारी किया. उनके कार्यालय ने ‘द मॉस्को टाइम्स’ को ‘समस्या पैदा करने वाला संस्थान’ बताते हुए कहा है कि यह रूस के नेतृत्व को कमजोर कर रहा है.",द मॉस्को टाइम्स,184,199,"['Antagonist', 'Saboteur']",293,59,रूसी प्रॉसिक्यूटर जनरल के कार्यालय ने देश की सेना को बदनाम करने का आरोप लगाते हुए 10 को जुलाई को रूस में वेबसाइट को ब्लॉक करने का आदेश जारी किया.,20,165,True,Antagonist,1,0.42210266,0.30021656,0.42210266,0.2776808,"['Antagonist', 'Saboteur', 'Deceiver']","['Saboteur', 'Deceiver']",0.009490804,0.0009312539,0.0025812453,0.009548552,0.0038736702,0.008959767,0.031846855,0.26681107,0.015589682,0.025322294,0.02719489,0.012622078,0.5945745,0.030627813,0.009362425,0.013096355,0.6220202,0.012730059,0.0040494194,0.0015985264,0.0038614424,0.02014744
HI_35.txt,बयान में कहा गया है कि इस संस्थान का काम घरेलू और विदेश नीति दोनों में रूसी नेतृत्व के निर्णयों को बदनाम करना है. नवंबर 2023 में द मॉस्को टाइम्स को ‘विदेशी एजेंटों’ की सूची में डाला गया था.,द मॉस्को टाइम्स,129,144,"['Antagonist', 'Spy']",189,39,नवंबर 2023 में द मॉस्को टाइम्स को ‘विदेशी एजेंटों’ की सूची में डाला गया था.,114,189,True,Antagonist,1,0.42203614,0.2997314,0.42203614,0.27823249,"['Antagonist', 'Deceiver']",['Deceiver'],0.011316794,0.0018663929,0.0029932957,0.010250421,0.0075436523,0.011521512,0.013889076,0.07938622,0.009448546,0.015014888,0.054241754,0.04168187,0.30663225,0.032874707,0.02864163,0.027276067,0.8572599,0.012060424,0.0034390285,0.0016108259,0.0027824314,0.047956873
HI_35.txt,"2022 की शुरुआत में रूस द्वारा स्वतंत्र मीडिया पर नकेल कसने के बाद मॉस्को टाइम्स को नीदरलैंड में स्थानांतरित कर दिया गया. इसके पूर्व कर्मचारियों में इवान गेर्शकोविच सहित प्रमुख पत्रकार शामिल हैं, जिन पर वर्तमान में जासूसी के आरोप में रूस में मुकदमा चल रहा है.",इवान गेर्शकोविच,148,163,"['Antagonist', 'Spy']",258,47,जिन पर वर्तमान में जासूसी के आरोप में रूस में मुकदमा चल रहा है.,195,258,True,Innocent,2,0.4143512,0.2907139,0.29493487,0.4143512,"['Innocent', 'Rebel']",['Rebel'],0.018832231,0.014928225,0.0010139858,0.7621725,0.007839401,0.014559723,0.020231448,0.015840633,0.005199298,0.0066520497,0.03643575,0.27277285,0.013388124,0.20141818,0.011001729,0.0337819,0.035264526,0.011767769,0.022731543,0.05656736,0.015976781,0.1394008
HI_76.txt,रूस यूक्रेन युद्ध को 24 फरवरी को दो साल पूरे हो गए हैं. इस युद्ध ने लाखों लोगों की जानें ली हैं और दुनियाभर की अर्थव्यवस्था को प्रभावित किया है. यूक्रेन में लाखों लोगों को बेघर भी होना पड़ा और शहर-के-शहर तबाह कर दिए गए. युद्ध तीसरे साल में प्रवेश कर गया है लेकिन युद्धविराम की कोई संभावना नजर नहीं आती. इस बीच अमेरिका भी अपने हाथ खड़े करते नजर आया लेकिन यूक्रेन अब भी मदद की उम्मीद लगाए हुआ है. आइए इस रिपोर्ट में हम यही जानेंगे कि आत्मनिर्भरता कितना अहम है और निर्भरता कैसे संकट पैदा कर सकता है.,रूस,0,3,"['Antagonist', 'Tyrant']",496,101,रूस यूक्रेन युद्ध को 24 फरवरी को दो साल पूरे हो गए हैं.,0,55,True,Antagonist,1,0.4220956,0.3045746,0.4220956,0.27332985,"['Antagonist', 'Tyrant']",['Tyrant'],0.008045363,0.009196109,0.0021780168,0.068354644,0.034211878,0.0050787935,0.049599376,0.004407562,0.9496209,0.07975256,0.0065622157,0.0033794055,0.0026807308,0.02434854,0.023590285,0.034761246,0.004041005,0.007482401,0.008578609,0.010502373,0.072684616,0.0034932767
HI_76.txt,रूस यूक्रेन युद्ध को 24 फरवरी को दो साल पूरे हो गए हैं. इस युद्ध ने लाखों लोगों की जानें ली हैं और दुनियाभर की अर्थव्यवस्था को प्रभावित किया है. यूक्रेन में लाखों लोगों को बेघर भी होना पड़ा और शहर-के-शहर तबाह कर दिए गए. युद्ध तीसरे साल में प्रवेश कर गया है लेकिन युद्धविराम की कोई संभावना नजर नहीं आती. इस बीच अमेरिका भी अपने हाथ खड़े करते नजर आया लेकिन यूक्रेन अब भी मदद की उम्मीद लगाए हुआ है. आइए इस रिपोर्ट में हम यही जानेंगे कि आत्मनिर्भरता कितना अहम है और निर्भरता कैसे संकट पैदा कर सकता है.,अमेरिका,310,317,"['Antagonist', 'Foreign Adversary']",496,101,अमेरिका भी अपने हाथ खड़े करते नजर आया लेकिन यूक्रेन अब भी मदद की उम्मीद लगाए हुआ है.,310,394,True,Protagonist,0,0.38372332,0.38372332,0.3490166,0.26726007,"['Protagonist', 'Guardian']",['Guardian'],0.9831351,0.002728677,0.0225505,0.022055073,0.0062137083,0.24890777,0.016091976,0.010182472,0.005955604,0.08459668,0.002170586,0.0035747117,0.008619987,0.003970135,0.011376223,0.008186919,0.019385373,0.006495928,0.0072534187,0.003820493,0.011192397,0.0041439054
HI_76.txt,"1. सैन्य ताकत: युद्ध में सबसे अहम होती है सैन्य ताकत. यूक्रेनी सेना के मैन पावर पांच लाख का है लेकिन इससे चार गुना बड़ी रूसी सेना के सामने वे दो साल से टिके हैं. तकनीकी रूप से मजबूत, लंबी दूरी और अत्याधुनिक हथियारों से लैस रूसी सेना दो साल में भी यूक्रेन को 'निपटा' पाने में विफल रही. यूक्रेनी सेना ने बड़ी ही सूझबूझ और अमेरिकी मदद से रूसी सेना का मजबूती के साथ मुकाबला किया है.",रूसी सेना,120,129,"['Antagonist', 'Tyrant']",378,78,"तकनीकी रूप से मजबूत, लंबी दूरी और अत्याधुनिक हथियारों से लैस रूसी सेना दो साल में भी यूक्रेन को 'निपटा' पाने में विफल रही.",162,284,True,Antagonist,1,0.41000047,0.33180004,0.41000047,0.25819945,"['Antagonist', 'Rebel', 'Tyrant']","['Rebel', 'Tyrant']",0.0790217,0.0017075376,0.0020265123,0.40707788,0.2105347,0.013139165,0.008247517,0.0023428258,0.3951498,0.16530037,0.004673735,0.0025291387,0.0014175943,0.005832212,0.0491674,0.004305788,0.016039047,0.0052096397,0.0060756966,0.003992104,0.022021804,0.0017646604
HI_76.txt,"1. सैन्य ताकत: युद्ध में सबसे अहम होती है सैन्य ताकत. यूक्रेनी सेना के मैन पावर पांच लाख का है लेकिन इससे चार गुना बड़ी रूसी सेना के सामने वे दो साल से टिके हैं. तकनीकी रूप से मजबूत, लंबी दूरी और अत्याधुनिक हथियारों से लैस रूसी सेना दो साल में भी यूक्रेन को 'निपटा' पाने में विफल रही. यूक्रेनी सेना ने बड़ी ही सूझबूझ और अमेरिकी मदद से रूसी सेना का मजबूती के साथ मुकाबला किया है.",यूक्रेन,247,254,"['Protagonist', 'Underdog']",378,78,यूक्रेनी सेना ने बड़ी ही सूझबूझ और अमेरिकी मदद से रूसी सेना का मजबूती के साथ मुकाबला किया है.,285,378,True,Protagonist,0,0.3989783,0.3989783,0.3034147,0.29760697,"['Protagonist', 'Underdog']",['Underdog'],0.07573409,0.009980461,0.011530785,0.0217203,0.9689698,0.005284744,0.029933,0.0025938237,0.006357784,0.026233377,0.015947713,0.0042808745,0.018708112,0.015151121,0.104745135,0.009152357,0.08952392,0.0030832423,0.039411277,0.011766133,0.040741522,0.0067394013
HI_76.txt,"6. OSINT का इस्तेमाल: मीडिया रिपोर्ट्स की मानें, तो यूक्रेन ने बड़ी ही चतुराई से रूस का मुकाबला किया है. मसलन, यूक्रेनी सेना ने सोशल मीडिया के इस्तेमाल से बड़ी संख्या में रूसी सैनिकों को ढेर किए. बताया जाता है कि रूसी सैनिकों के सल्फी और वीडियो का इस्तेमाल करके यूक्रेनी सेना ने ग्राउंड ऑपरेशन में अच्छी कामयाबी हासिल की. इसकी वजह से पुतिन प्रशासन ने युद्ध के मैदान में मोबाइल फोन को बैन कर दिया था.",यूक्रेनी सेना,111,124,"['Protagonist', 'Underdog']",399,77,यूक्रेनी सेना ने सोशल मीडिया के इस्तेमाल से बड़ी संख्या में रूसी सैनिकों को ढेर किए.,111,195,True,Protagonist,0,0.3979109,0.3979109,0.3118331,0.29025605,"['Protagonist', 'Guardian']",['Guardian'],0.8007166,0.0035498836,0.007862648,0.33911854,0.14513369,0.14194696,0.0043898914,0.004517094,0.0032068305,0.0046755825,0.008804889,0.0033717442,0.003052276,0.003933458,0.006117424,0.003652882,0.0075197173,0.0031514347,0.0033128145,0.001379201,0.0030785894,0.0012697701
HI_76.txt,"6. OSINT का इस्तेमाल: मीडिया रिपोर्ट्स की मानें, तो यूक्रेन ने बड़ी ही चतुराई से रूस का मुकाबला किया है. मसलन, यूक्रेनी सेना ने सोशल मीडिया के इस्तेमाल से बड़ी संख्या में रूसी सैनिकों को ढेर किए. बताया जाता है कि रूसी सैनिकों के सल्फी और वीडियो का इस्तेमाल करके यूक्रेनी सेना ने ग्राउंड ऑपरेशन में अच्छी कामयाबी हासिल की. इसकी वजह से पुतिन प्रशासन ने युद्ध के मैदान में मोबाइल फोन को बैन कर दिया था.",पुतिन प्रशासन,334,347,"['Antagonist', 'Tyrant']",399,77,पुतिन प्रशासन ने युद्ध के मैदान में मोबाइल फोन को बैन कर दिया था.,334,399,True,Antagonist,1,0.42150983,0.3088653,0.42150983,0.26962486,"['Antagonist', 'Foreign Adversary']",['Foreign Adversary'],0.1670357,0.00026503793,0.006651564,0.16664484,0.0009198135,0.06139863,0.06326302,0.027790785,0.31722704,0.6162901,0.0052880365,0.0010654199,0.016186286,0.01331675,0.033068914,0.0017717791,0.04264541,0.00976761,0.0044875233,0.0014435758,0.002452075,0.0021212022
HI_134.txt,पर्यावरण में हो रहे बदलाव का दुष्प्रभाव अब किसी से छुपा नहीं है. पर्यावरण का अध्ययन कर रहे वैज्ञानिकों की माने तो इस बार सर्दियों पर जलवायु परिवर्तन का ऐसा प्रभाव पड़ा है जिसके चलते बसंत ऋतु ही गायब हो गई है. क्लाइमेट कंट्रोल के गहन अध्ययन में देश के 34 राज्यों व केंद्र शासित प्रदेशों में मौसम पर ग्लोबल वार्मिंग के प्रभाव सामने आए हैं.,34 राज्यों,251,261,"['Innocent', 'Victim']",337,66,क्लाइमेट कंट्रोल के गहन अध्ययन में देश के 34 राज्यों व केंद्र शासित प्रदेशों में मौसम पर ग्लोबल वार्मिंग के प्रभाव सामने आए हैं.,209,337,True,Innocent,2,0.42046338,0.30533224,0.27420434,0.42046338,"['Innocent', 'Victim']",['Victim'],0.012991086,0.009683177,0.0061080703,0.015129692,0.028219497,0.008740186,0.024727363,0.004688155,0.017665675,0.016426891,0.003634926,0.0033251734,0.0058368887,0.015728537,0.009194805,0.00918972,0.014600857,0.008919342,0.14535116,0.13579139,0.99737966,0.017336158
HI_134.txt,पर्यावरण में हो रहे बदलाव का दुष्प्रभाव अब किसी से छुपा नहीं है. पर्यावरण का अध्ययन कर रहे वैज्ञानिकों की माने तो इस बार सर्दियों पर जलवायु परिवर्तन का ऐसा प्रभाव पड़ा है जिसके चलते बसंत ऋतु ही गायब हो गई है. क्लाइमेट कंट्रोल के गहन अध्ययन में देश के 34 राज्यों व केंद्र शासित प्रदेशों में मौसम पर ग्लोबल वार्मिंग के प्रभाव सामने आए हैं.,केंद्र शासित प्रदेशों,264,285,"['Innocent', 'Victim']",337,66,क्लाइमेट कंट्रोल के गहन अध्ययन में देश के 34 राज्यों व केंद्र शासित प्रदेशों में मौसम पर ग्लोबल वार्मिंग के प्रभाव सामने आए हैं.,209,337,True,Innocent,2,0.42046264,0.30542994,0.2741075,0.42046264,"['Innocent', 'Victim']",['Victim'],0.013101939,0.009190241,0.0062179295,0.014345334,0.027846692,0.008694584,0.02531675,0.0047735455,0.018362366,0.017646546,0.003421385,0.0033456932,0.0060959673,0.015405069,0.009037559,0.0092235645,0.014839093,0.008526306,0.14967625,0.12853833,0.9973615,0.017875306
HI_134.txt,विश्व में जलवायु परिवर्तन एक बड़ी चुनौती है और भारत भी इससे अछूता नहीं है. जलवायु में बदलाव के दुष्प्रभाव दिखने लगे हैं और अब आंकड़े भी इसकी गवाही दे रहे हैं. एक ताजा रिपोर्ट में पर्यावरण का अध्ययन करने वाली संस्था क्लाइमेट सेंट्रल ने विशेषज्ञों और आंकड़ों के हवाले से कहा है कि जलवायु परिवर्तन के कारण भारत में ऋतुओं में बदलाव देखा जा रहा है. सर्दी के मौसम पर यह विशेष रूप से दिख रहा है. कहीं सर्दी में तापमान बढ़ रहा है तो कहीं कम हो रहा है. कई लोग तो यह भी कहने लगे हैं कि सर्दी के बाद आने वाली बसंत ऋतु मानो गायब सी हो रही है.,भारत,47,51,"['Innocent', 'Victim']",530,113,जलवायु परिवर्तन के कारण भारत में ऋतुओं में बदलाव देखा जा रहा है.,279,343,True,Protagonist,0,0.3990071,0.3990071,0.29441565,0.30657724,"['Protagonist', 'Rebel']",['Rebel'],0.13622692,0.074174486,0.007860554,0.4370253,0.17679,0.16164324,0.004259733,0.0012560275,0.0037337702,0.005649463,0.016124843,0.008189401,0.0013626855,0.011338749,0.007283362,0.002307909,0.0047103795,0.008807042,0.071106434,0.061800603,0.08287608,0.004648328
HI_134.txt,"डा. एंड्रयू परशिंग, वाइस प्रेसिडेंट-साइंस क्लाइमेट सेंटर का कहना है कि मध्य और उत्तर भारतीय राज्यों में जनवरी में तापमान में कमी के बाद फरवरी में तेजी से बढ़ता तापमान सर्दी से बसंत की तरह की स्थिति की ओर बढ़ने के प्रभाव की ओर स्पष्ट संकेत करता है. कोयला और तेल का ईंधन के तौर पर प्रयोग करके लोगों ने भारत में हर मौसम में धरती के तापमान को बढ़ा दिया है.",डा. एंड्रयू परशिंग,0,18,"['Protagonist', 'Guardian']",352,72,"डा. एंड्रयू परशिंग, वाइस प्रेसिडेंट-साइंस क्लाइमेट सेंटर का कहना है कि मध्य और उत्तर भारतीय राज्यों में जनवरी में तापमान में कमी के बाद फरवरी में तेजी से बढ़ता तापमान सर्दी से बसंत की तरह की स्थिति की ओर बढ़ने के प्रभाव की ओर स्पष्ट संकेत करता है.",0,247,True,Protagonist,0,0.3991934,0.3991934,0.29973438,0.30107224,"['Protagonist', 'Virtuous']",['Virtuous'],0.4936329,0.005579034,0.021842433,0.012288291,0.0036626123,0.9251687,0.0061467346,0.009947641,0.006815825,0.0049353545,0.004067469,0.0018766705,0.0043521584,0.0027543188,0.0034642117,0.0038756798,0.008146549,0.009472993,0.0035216627,0.0032004504,0.004102179,0.0045344844
HI_134.txt,"डा. एंड्रयू परशिंग, वाइस प्रेसिडेंट-साइंस क्लाइमेट सेंटर का कहना है कि मध्य और उत्तर भारतीय राज्यों में जनवरी में तापमान में कमी के बाद फरवरी में तेजी से बढ़ता तापमान सर्दी से बसंत की तरह की स्थिति की ओर बढ़ने के प्रभाव की ओर स्पष्ट संकेत करता है. कोयला और तेल का ईंधन के तौर पर प्रयोग करके लोगों ने भारत में हर मौसम में धरती के तापमान को बढ़ा दिया है.",साइंस क्लाइमेट सेंटर,36,56,"['Protagonist', 'Guardian']",352,72,"डा. एंड्रयू परशिंग, वाइस प्रेसिडेंट-साइंस क्लाइमेट सेंटर का कहना है कि मध्य और उत्तर भारतीय राज्यों में जनवरी में तापमान में कमी के बाद फरवरी में तेजी से बढ़ता तापमान सर्दी से बसंत की तरह की स्थिति की ओर बढ़ने के प्रभाव की ओर स्पष्ट संकेत करता है.",0,247,True,Protagonist,0,0.39920002,0.39920002,0.29879612,0.30200386,"['Protagonist', 'Virtuous']",['Virtuous'],0.5476457,0.0051820525,0.019194087,0.011210148,0.0039324006,0.90997696,0.006839569,0.009367343,0.0070668054,0.0050394833,0.0035194396,0.002062297,0.005182318,0.0031584862,0.0033739961,0.0048880978,0.0071141203,0.00798365,0.004264426,0.0035055482,0.004675281,0.0047081267
HI_134.txt,"जलवायु परिवर्तन के लिहाज से देखें तो साल 1850 के बाद से वैश्विक औसत तापमान में 1.3 डिग्री सेल्सियस से अधिक की वृद्धि हुई है और इस आंकड़े ने साल 2023 को एक नया कीर्तिमान बनाया है. तापमान में इस बढ़ोतरी का मुख्य कारण कोयला, तेल और प्राकृतिक गैस जलाने से वातावरण में कार्बन डाइआक्साइड का बढ़ता स्तर है. क्लाइमेट सेंट्रल की इस रिपोर्ट का उद्देश्य भारत को जलवायु परिवर्तन के वैश्विक रुझानों के संदर्भ में परखना और यहां आ रहे परिवर्तनों का अध्ययन करना है. इस रिपोर्ट में सर्दियों (दिसंबर-फरवरी) पर ध्यान केंद्रित रखा गया है.",क्लाइमेट सेंट्रल,300,316,"['Protagonist', 'Virtuous']",518,97,क्लाइमेट सेंट्रल की इस रिपोर्ट का उद्देश्य भारत को जलवायु परिवर्तन के वैश्विक रुझानों के संदर्भ में परखना और यहां आ रहे परिवर्तनों का अध्ययन करना है.,300,449,True,Protagonist,0,0.39919448,0.39919448,0.29947096,0.30133456,"['Protagonist', 'Guardian', 'Virtuous']","['Guardian', 'Virtuous']",0.7140521,0.002957568,0.017872266,0.008580397,0.0031581018,0.80875087,0.0045846477,0.00993654,0.0048516835,0.0040076887,0.003744056,0.0016459728,0.00584158,0.0025577107,0.004318424,0.0036867617,0.019402603,0.011457265,0.0038069598,0.0028935554,0.004279659,0.004252349
HI_71.txt,"एक अन्य ट्वीट में रूस के दूतावास ने लिखा, रूस की सेना बेहद संयम बरत रही है और आम लोगों और यूक्रेन के शहरों पर हमला नहीं कर रही है. रूस की सेना केवल सैन्य ढांचे को ही निशाना बना रही है.",रूस,18,21,"['Protagonist', 'Guardian']",184,42,रूस की सेना बेहद संयम बरत रही है और आम लोगों और यूक्रेन के शहरों पर हमला नहीं कर रही है.,42,130,True,Protagonist,0,0.39919445,0.39919445,0.29951507,0.30129048,"['Protagonist', 'Rebel']",['Rebel'],0.09947169,0.0012915289,0.0061926497,0.86335915,0.015630005,0.03220518,0.028025452,0.005131659,0.303146,0.1021057,0.0028308977,0.0007319988,0.0010429367,0.0044122157,0.0057933456,0.0020547095,0.008603761,0.005119594,0.0035571589,0.00164934,0.013859555,0.0014576439
HI_71.txt,दूतावास ने कहा कि रूस की सेना यूक्रेन की तरह प्रतिबंधित हथियारों का इस्तेमाल नहीं करती है और ना ही नागरिकों को अपनी ढाल बनाती है. रूस की सेना युद्ध बंदियों के साथ भी अच्छा बर्ताव करती है. इन तथ्यों के उलट सारी जानकारियां पूर्वाग्रहों से ग्रसित और भ्रामक हैं.,रूस,18,21,"['Protagonist', 'Virtuous']",258,50,रूस की सेना यूक्रेन की तरह प्रतिबंधित हथियारों का इस्तेमाल नहीं करती है और ना ही नागरिकों को अपनी ढाल बनाती है.,18,129,True,Protagonist,0,0.39913577,0.39913577,0.30167663,0.29918754,"['Protagonist', 'Rebel']",['Rebel'],0.04302561,0.0010520538,0.010109866,0.7654025,0.013270366,0.09784653,0.013491325,0.01204943,0.43319097,0.07036858,0.0062302374,0.0007047941,0.0014204531,0.015801586,0.0070512276,0.0019418779,0.016188739,0.011718854,0.0033331523,0.0014995671,0.0068238256,0.0017207855
HI_71.txt,दूतावास ने कहा कि रूस की सेना यूक्रेन की तरह प्रतिबंधित हथियारों का इस्तेमाल नहीं करती है और ना ही नागरिकों को अपनी ढाल बनाती है. रूस की सेना युद्ध बंदियों के साथ भी अच्छा बर्ताव करती है. इन तथ्यों के उलट सारी जानकारियां पूर्वाग्रहों से ग्रसित और भ्रामक हैं.,यूक्रेन,30,37,"['Antagonist', 'Terrorist']",258,50,रूस की सेना यूक्रेन की तरह प्रतिबंधित हथियारों का इस्तेमाल नहीं करती है और ना ही नागरिकों को अपनी ढाल बनाती है.,18,129,True,Protagonist,0,0.39916992,0.39916992,0.30058885,0.3002412,"['Protagonist', 'Underdog']",['Underdog'],0.032931827,0.006961063,0.0036820427,0.09311517,0.9643637,0.006657771,0.026226832,0.001970916,0.023277745,0.027935412,0.027194405,0.005052567,0.0111730145,0.04410023,0.026308952,0.008183354,0.0674346,0.0026980515,0.04535155,0.012339209,0.03784103,0.0057094824
HI_71.txt,"रूस ने कहा, यूक्रेन में सभी न्यूक्लियर साइट्स सुरक्षित हैं और आएईए ने भी पुष्टि की है कि सभी साइट्स सुरक्षित हैं. रूस की तरफ से वार्ता और समझौते की कोशिशें लगातार की जा रही हैं.",रूस,0,3,"['Protagonist', 'Peacemaker']",177,36,रूस की तरफ से वार्ता और समझौते की कोशिशें लगातार की जा रही हैं.,114,177,True,Protagonist,0,0.39920235,0.39920235,0.2990378,0.30175987,"['Protagonist', 'Guardian', 'Rebel']","['Guardian', 'Rebel']",0.60715723,0.0020795104,0.009522908,0.7888361,0.0066878786,0.08912842,0.014288971,0.008526567,0.03905553,0.013485101,0.0036387048,0.0016453234,0.0017075861,0.007643143,0.004818569,0.00311217,0.013967631,0.007446364,0.0034377968,0.0021436072,0.015755808,0.0018353951
HI_71.txt,"रूस ने शुक्रवार को संयुक्त राष्ट्र सुरक्षा परिषद में अपने खिलाफ पेश हुए प्रस्ताव पर वीटो कर दिया था. वीटो की वजह से यूक्रेन में रूस की सैन्य कार्रवाई की निंदा करने वाले प्रस्ताव को पास नहीं किया जा सका था. रूस ने वीटो पावर के इस्तेमाल को लेकर भी एक ट्वीट किया है. रूसी यूएन मिशन ने लिखा, वीटो अधिकार कोई विशेषाधिकार नहीं है बल्कि हितों के बीच संतुलन साधने का उपकरण है, जिसकी विश्व को सख्त जरूरत है. इस संतुलन की वजह से वैश्विक स्थिरता सुनिश्चित होती है. रूस की उपेक्षा और उसका अपमान यूएन चार्टर की मूल अवधारणा के ही खिलाफ है.",रूस,0,3,"['Innocent', 'Victim']",525,105,रूस ने शुक्रवार को संयुक्त राष्ट्र सुरक्षा परिषद में अपने खिलाफ पेश हुए प्रस्ताव पर वीटो कर दिया था.,0,100,True,Protagonist,0,0.39905262,0.39905262,0.3031186,0.29782876,"['Protagonist', 'Rebel']",['Rebel'],0.06678585,0.002652691,0.006748316,0.96379364,0.026069207,0.06272765,0.017026218,0.013198312,0.083215624,0.028023835,0.017650258,0.0024165602,0.0021450815,0.03628522,0.012411091,0.0026959493,0.016604932,0.0108787455,0.007102462,0.0027141632,0.008084769,0.0019227738
HI_19.txt,"रूस ने कई देशों से जुड़े कैदी अदला-बदली सौदे के तहत एक अमेरिकी पत्रकार इवान गेर्शकोविच और एक पूर्व अमेरिकी मरीन पॉल व्हेलन को रिहा किया है. इसके बदले गुरुवार को 26 कैदियों को रिहा किया गया. इसके अलावा जासूसी के दोषी दो रूसी कैदी भी रिहा किए गए. न्यूज एजेंसी रॉयटर्स के अनुसार, यह कैदी सौदा सोवियत संघ के बाद के इतिहास में रूस और अमेरिका के बीच सबसे बड़ा अदला-बदली है. यह डील तुर्की की राजधानी अंकारा में हुई.",रूस,0,2,"['Protagonist', 'Virtuous']",408,81,रूस ने कई देशों से जुड़े कैदी अदला-बदली सौदे के तहत एक अमेरिकी पत्रकार इवान गेर्शकोविच और एक पूर्व अमेरिकी मरीन पॉल व्हेलन को रिहा किया है.,0,139,True,Protagonist,0,0.3991958,0.3991958,0.29962745,0.30117667,"['Protagonist', 'Peacemaker']",['Peacemaker'],0.062321473,0.002445005,0.90648824,0.019909797,0.004734259,0.45554134,0.0113153,0.028872393,0.01090868,0.007311802,0.014830207,0.00052086543,0.008622695,0.0022708888,0.009702706,0.0013100442,0.012783001,0.005459883,0.0027599076,0.003078112,0.0035758212,0.0025356803
HI_19.txt,"रूस ने कई देशों से जुड़े कैदी अदला-बदली सौदे के तहत एक अमेरिकी पत्रकार इवान गेर्शकोविच और एक पूर्व अमेरिकी मरीन पॉल व्हेलन को रिहा किया है. इसके बदले गुरुवार को 26 कैदियों को रिहा किया गया. इसके अलावा जासूसी के दोषी दो रूसी कैदी भी रिहा किए गए. न्यूज एजेंसी रॉयटर्स के अनुसार, यह कैदी सौदा सोवियत संघ के बाद के इतिहास में रूस और अमेरिका के बीच सबसे बड़ा अदला-बदली है. यह डील तुर्की की राजधानी अंकारा में हुई.",इवान गेर्शकोविच,71,86,"['Innocent', 'Victim']",408,81,रूस ने कई देशों से जुड़े कैदी अदला-बदली सौदे के तहत एक अमेरिकी पत्रकार इवान गेर्शकोविच और एक पूर्व अमेरिकी मरीन पॉल व्हेलन को रिहा किया है.,0,139,True,Innocent,2,0.38122845,0.27537236,0.34339917,0.38122845,"['Innocent', 'Exploited']",['Exploited'],0.009984465,0.16154952,0.0061627943,0.27127218,0.0023715533,0.011341973,0.033555724,0.004898014,0.0067627043,0.016049232,0.034471303,0.13922037,0.004210039,0.016182166,0.009571823,0.009018549,0.0057392186,0.039046083,0.04377706,0.58830625,0.040072765,0.13023674
HI_19.txt,"रूस ने कई देशों से जुड़े कैदी अदला-बदली सौदे के तहत एक अमेरिकी पत्रकार इवान गेर्शकोविच और एक पूर्व अमेरिकी मरीन पॉल व्हेलन को रिहा किया है. इसके बदले गुरुवार को 26 कैदियों को रिहा किया गया. इसके अलावा जासूसी के दोषी दो रूसी कैदी भी रिहा किए गए. न्यूज एजेंसी रॉयटर्स के अनुसार, यह कैदी सौदा सोवियत संघ के बाद के इतिहास में रूस और अमेरिका के बीच सबसे बड़ा अदला-बदली है. यह डील तुर्की की राजधानी अंकारा में हुई.",पॉल व्हेलन,112,122,"['Innocent', 'Victim']",408,81,रूस ने कई देशों से जुड़े कैदी अदला-बदली सौदे के तहत एक अमेरिकी पत्रकार इवान गेर्शकोविच और एक पूर्व अमेरिकी मरीन पॉल व्हेलन को रिहा किया है.,0,139,True,Innocent,2,0.3995299,0.2800589,0.3204112,0.3995299,"['Innocent', 'Rebel', 'Spy', 'Exploited']","['Rebel', 'Spy', 'Exploited']",0.012979992,0.12859489,0.0031378742,0.29604912,0.0034227595,0.007953758,0.019695655,0.0032239368,0.0052262824,0.01336501,0.016586037,0.29992953,0.00460641,0.012852655,0.007309372,0.008944837,0.007914387,0.02416091,0.07692645,0.41933668,0.0585475,0.18830176
HI_19.txt,वॉल स्ट्रीट जर्नल ने एक बयान में कहा था कि वह 'एक झूठे और निराधार आरोप' का सामना कर रहे थे. राष्ट्रपति जो बाइडेन ने गेर्शकोविच की हिरासत को 'पूरी तरह से अवैध' बताया था.,जो बाइडेन,103,112,"['Protagonist', 'Guardian']",168,35,राष्ट्रपति जो बाइडेन ने गेर्शकोविच की हिरासत को 'पूरी तरह से अवैध' बताया था.,92,168,True,Protagonist,0,0.39895812,0.39895812,0.30415916,0.29688272,"['Protagonist', 'Virtuous', 'Deceiver']","['Virtuous', 'Deceiver']",0.08761429,0.0017915093,0.027034288,0.029567529,0.0030562922,0.811327,0.008434573,0.035563465,0.0102458205,0.044386517,0.010011543,0.002839188,0.01592049,0.008750073,0.0070015704,0.001373913,0.56986284,0.03025975,0.008215791,0.0024641412,0.004076256,0.022791827
HI_19.txt,"गुरुवार की अदला-बदली में रूसी FSB सुरक्षा सेवा में कर्नल वादिम कसीकोव भी शामिल थे, जो बर्लिन के एक पार्क में निर्वासित चेचन-जॉर्जियाई असंतुष्ट की हत्या के लिए जर्मनी में आजीवन कारावास की सजा काट रहे थे. राष्ट्रपति व्लादिमीर पुतिन ने पहले उन्हें रूस वापस भेजने की इच्छा जताई थी.",वादिम कसीकोव,57,69,"['Antagonist', 'Terrorist', 'Spy']",277,50,"गुरुवार की अदला-बदली में रूसी FSB सुरक्षा सेवा में कर्नल वादिम कसीकोव भी शामिल थे, जो बर्लिन के एक पार्क में निर्वासित चेचन-जॉर्जियाई असंतुष्ट की हत्या के लिए जर्मनी में आजीवन कारावास की सजा काट रहे थे.",0,202,True,Antagonist,1,0.4100388,0.3319237,0.4100388,0.2580375,"['Antagonist', 'Terrorist']",['Terrorist'],0.038679782,0.03906404,0.00377844,0.043374673,0.010941971,0.01918555,0.011657813,0.024952931,0.010881441,0.019634657,0.008554731,0.35559848,0.014832959,0.009731279,0.01050788,0.84499,0.007950674,0.0065474208,0.0070067737,0.008131994,0.0049626315,0.04994213
HI_139.txt,"Dengue Prevention: भारत के शहरों में डेंगू के मामलों में उछाल के साथ ही इस साल दुनिया भर में रिकॉर्ड संख्या में डेंगू के मामले सामने आए हैं. इसमें ब्राजील और अन्य दक्षिण अमेरिकी देश सबसे ज़्यादा प्रभावित हुए हैं.। विश्व स्वास्थ्य संगठन (WHO) के डेटा से पता चलता है कि डेंगू के मामलों की संख्या साल-दर-साल लगातार बढ़ रही है. आइए, इस खतरनाक बीमारी के बारे में जानते हैं कि यह कैसे फैलता है. साथ ही डेंगू के मामलों में उछाल की स्थिति क्या है और इसकी रोकथाम के लिए कोई कैसे कदम उठा सकता है.",ब्राजील,147,154,"['Innocent', 'Victim']",486,97,इसमें ब्राजील और अन्य दक्षिण अमेरिकी देश सबसे ज़्यादा प्रभावित हुए हैं.,141,212,True,Innocent,2,0.42046618,0.30521813,0.27431566,0.42046618,"['Innocent', 'Victim']",['Victim'],0.016947795,0.008418934,0.006149308,0.015274664,0.03194497,0.008358686,0.025265915,0.0044191736,0.017640438,0.02135247,0.0029988266,0.0035684346,0.005661396,0.014285378,0.007839534,0.010855788,0.014066484,0.0074207433,0.13240948,0.12582909,0.99744785,0.01616265
HI_139.txt,"Dengue Prevention: भारत के शहरों में डेंगू के मामलों में उछाल के साथ ही इस साल दुनिया भर में रिकॉर्ड संख्या में डेंगू के मामले सामने आए हैं. इसमें ब्राजील और अन्य दक्षिण अमेरिकी देश सबसे ज़्यादा प्रभावित हुए हैं.। विश्व स्वास्थ्य संगठन (WHO) के डेटा से पता चलता है कि डेंगू के मामलों की संख्या साल-दर-साल लगातार बढ़ रही है. आइए, इस खतरनाक बीमारी के बारे में जानते हैं कि यह कैसे फैलता है. साथ ही डेंगू के मामलों में उछाल की स्थिति क्या है और इसकी रोकथाम के लिए कोई कैसे कदम उठा सकता है.",दक्षिण अमेरिकी देश,163,181,"['Innocent', 'Victim']",486,97,इसमें ब्राजील और अन्य दक्षिण अमेरिकी देश सबसे ज़्यादा प्रभावित हुए हैं.,141,212,True,Innocent,2,0.42046654,0.30525687,0.27427655,0.42046654,"['Innocent', 'Victim']",['Victim'],0.016556678,0.008110622,0.0063588684,0.014612435,0.030512419,0.008522948,0.02575585,0.004770341,0.018083999,0.022120448,0.0030360508,0.0035228427,0.005828875,0.014531802,0.007962353,0.010541324,0.014295728,0.00803134,0.13543472,0.12313333,0.9975133,0.016788898
HI_139.txt,"विशेषज्ञों का कहना है कि फिलहाल 2024 की रिकॉर्ड संख्या भी कम होने की संभावना है. ऐसा इसलिए है क्योंकि भारत सहित कई देश अपने डेटा को वैश्विक निगरानी नेटवर्क को रिपोर्ट नहीं करते हैं. यहां तक कि डेटा रिपोर्ट करने वाले देशों में भी, हर डेंगू रोगी का परीक्षण नहीं किया गया हो सकता है. साथ ही स्वास्थ्य अधिकारियों को रिपोर्ट नहीं की गई हो सकती है.",भारत,102,106,"['Antagonist', 'Deceiver']",342,68,ऐसा इसलिए है क्योंकि भारत सहित कई देश अपने डेटा को वैश्विक निगरानी नेटवर्क को रिपोर्ट नहीं करते हैं.,81,181,True,Antagonist,1,0.42217427,0.30347344,0.42217427,0.27435228,"['Antagonist', 'Forgotten']",['Forgotten'],0.06525419,0.015620983,0.0024350062,0.21059984,0.030740049,0.021986227,0.0059007467,0.0024574061,0.008618872,0.045053624,0.015357515,0.041978683,0.004566129,0.1431968,0.22415936,0.0039691357,0.022141838,0.027819142,0.36648902,0.1419944,0.06490321,0.011217391
HI_139.txt,"विशेषज्ञों का कहना है कि फिलहाल 2024 की रिकॉर्ड संख्या भी कम होने की संभावना है. ऐसा इसलिए है क्योंकि भारत सहित कई देश अपने डेटा को वैश्विक निगरानी नेटवर्क को रिपोर्ट नहीं करते हैं. यहां तक कि डेटा रिपोर्ट करने वाले देशों में भी, हर डेंगू रोगी का परीक्षण नहीं किया गया हो सकता है. साथ ही स्वास्थ्य अधिकारियों को रिपोर्ट नहीं की गई हो सकती है.",कई देश,112,118,"['Antagonist', 'Deceiver']",342,68,ऐसा इसलिए है क्योंकि भारत सहित कई देश अपने डेटा को वैश्विक निगरानी नेटवर्क को रिपोर्ट नहीं करते हैं.,81,181,True,Innocent,2,0.39835516,0.28052795,0.3211169,0.39835516,"['Innocent', 'Forgotten', 'Exploited', 'Victim']","['Forgotten', 'Exploited', 'Victim']",0.014948356,0.022964042,0.0013763543,0.019969169,0.01588452,0.004279182,0.005404008,0.0011461333,0.0036039983,0.013212702,0.0071150963,0.03289669,0.003636358,0.114730164,0.11822922,0.005112489,0.024385314,0.016751237,0.38737002,0.3102034,0.29518783,0.0565004
HI_139.txt,"पिछले दो महीनों में कई शहरों में डेंगू के मामलों में उछाल देखने को मिला है. नेशनल वेक्टर बोर्न डिजीज कंट्रोल प्रोग्राम के नवीनतम उपलब्ध आंकड़ों के अनुसार, जून के अंत तक डेंगू के 32 हजार से अधिक मामले सामने आए और 32 मौतें हुईं. पिछले दो महीनों में यह संख्या बढ़ने की संभावना है. अगस्त की शुरुआत में केंद्रीय स्वास्थ्य सचिव अपूर्व चंद्रा ने कहा था कि भारत में इस साल डेंगू के मामलों की संख्या में 2023 की इसी अवधि की तुलना में लगभग 50 फीसदी की बढ़त देखी गई है.",अपूर्व चंद्रा,322,335,"['Protagonist', 'Guardian']",458,93,अगस्त की शुरुआत में केंद्रीय स्वास्थ्य सचिव अपूर्व चंद्रा ने कहा था कि भारत में इस साल डेंगू के मामलों की संख्या में 2023 की इसी अवधि की तुलना में लगभग 50 फीसदी की बढ़त देखी गई है.,278,458,True,Protagonist,0,0.39918742,0.39918742,0.3001206,0.30069202,"['Protagonist', 'Guardian']",['Guardian'],0.9912355,0.004626961,0.01771936,0.059502322,0.008951083,0.17404813,0.016591474,0.011282583,0.0125248935,0.0069550793,0.0047764187,0.0035513614,0.00908511,0.010131196,0.033930723,0.010226831,0.04350427,0.017332552,0.00835877,0.008109137,0.036360536,0.004120484
HI_139.txt,"जलवायु परिवर्तन: तापमान में वृद्धि मच्छरों को उन जगहों पर प्रजनन करने की इजाजत देती है जहां वे पहले प्रजनन नहीं कर सकते थे. उदाहरण के लिए अधिक ऊंचाई वाले क्षेत्रों में. डॉक्टर सुजाता सुनील ने कहा, ""ग्लोबल वार्मिंग ने निश्चित रूप से उन भौगोलिक क्षेत्रों में वेक्टर के प्रसार में वृद्धि की है जहां यह पहले नहीं पाया जा सकता था."" इसके अलावा, जलवायु परिवर्तन के कारण वायरस अधिक शक्तिशाली हो गया है और बेहतर तरीके से संचारित हो रहा है.",सुजाता सुनील,176,188,"['Protagonist', 'Guardian']",430,82,"डॉक्टर सुजाता सुनील ने कहा, ""ग्लोबल वार्मिंग ने निश्चित रूप से उन भौगोलिक क्षेत्रों में वेक्टर के प्रसार में वृद्धि की है जहां यह पहले नहीं पाया जा सकता था.""",169,326,True,Protagonist,0,0.39913604,0.39913604,0.29621097,0.30465296,"['Protagonist', 'Guardian']",['Guardian'],0.9861427,0.0064189816,0.014160273,0.086969346,0.01340603,0.21137354,0.008463863,0.007986911,0.0069772294,0.0044423947,0.0045966073,0.004294526,0.0064806356,0.007077377,0.015376557,0.007042343,0.022220036,0.014084032,0.007072791,0.007099402,0.023057818,0.0034714688
HI_139.txt,"डेंगू के मौजूदा प्रकोप पर, यूएस सेंटर फॉर डिजीज कंट्रोल एंड प्रिवेंशन ने कहा, ""उच्च तापमान डेंगू फैलाने वाले मच्छरों की सीमा का विस्तार कर सकता है, साथ ही मच्छर में तेजी से वायरल होने, वेक्टर के जीवित रहने में वृद्धि और प्रजनन और काटने की दरों में परिवर्तन जैसे वायरस के संचरण को सुविधाजनक बनाने वाले अन्य कारकों को भी प्रभावित कर सकता है.""",यूएस सेंटर फॉर डिजीज कंट्रोल एंड प्रिवेंशन,27,69,"['Protagonist', 'Guardian']",340,65,"यूएस सेंटर फॉर डिजीज कंट्रोल एंड प्रिवेंशन ने कहा, ""उच्च तापमान डेंगू फैलाने वाले मच्छरों की सीमा का विस्तार कर सकता है.",-1,-1,True,Protagonist,0,0.39920062,0.39920062,0.29912618,0.30167317,"['Protagonist', 'Guardian']",['Guardian'],0.9901574,0.005409357,0.020791583,0.043386634,0.011207937,0.23254295,0.013272912,0.012180746,0.009413821,0.0070177643,0.0054751914,0.0036539847,0.012763544,0.0062653916,0.025606574,0.009882393,0.04928208,0.02096889,0.0069126217,0.005742803,0.015578939,0.00449534
HI_126.txt,"इसके पहले शायद ही कभी ऐसा हुआ हो कि भारतीय प्रधानमंत्री की विदेश यात्रा पर सारी दुनिया की निगाहें इतनी गहराई से लगी हों, जितनी गहराई से प्रधानमंत्री नरेंद्र मोदी की रूस यात्रा को लेकर लगी हुई थीं। इसका एक बड़ा कारण तो यही था कि भारतीय प्रधानमंत्री तीसरी बार सत्ता संभालने के बाद अपनी पहली विदेश यात्रा के तहत एक ऐसे समय रूस जा रहे थे, जब यूक्रेन युद्ध समाप्त होने का नाम नहीं ले रहा है। पश्चिमी देश विशेष रूप से अमेरिका, रूस-यूक्रेन युद्ध शुरू होने के बाद से इस प्रयास में हैं कि भारत उनके पाले में आए और उनकी भाषा बोले। भारत इस युद्ध से असहमति तो जताता रहा, लेकिन पश्चिमी देशों के पाले में खड़ा होने और उनकी भाषा बोलने के लिए तैयार नहीं हुआ।",नरेंद्र मोदी,149,161,"['Protagonist', 'Virtuous', 'Guardian']",642,130,"प्रधानमंत्री नरेंद्र मोदी की रूस यात्रा को लेकर लगी हुई थीं। इसका एक बड़ा कारण तो यही था कि भारतीय प्रधानमंत्री तीसरी बार सत्ता संभालने के बाद अपनी पहली विदेश यात्रा के तहत एक ऐसे समय रूस जा रहे थे, जब यूक्रेन युद्ध समाप्त होने का नाम नहीं ले रहा है.",-1,-1,True,Protagonist,0,0.39917615,0.39917615,0.29718986,0.30363396,"['Protagonist', 'Virtuous']",['Virtuous'],0.3563957,0.004807389,0.064960256,0.018448643,0.0053043147,0.93863815,0.003133881,0.007566832,0.00572124,0.004704756,0.006849348,0.0019062099,0.0033360606,0.0024273815,0.0046561025,0.0023270196,0.0077283275,0.008663076,0.0043746685,0.0041679777,0.0036741686,0.0046215025
HI_126.txt,"इसके पहले शायद ही कभी ऐसा हुआ हो कि भारतीय प्रधानमंत्री की विदेश यात्रा पर सारी दुनिया की निगाहें इतनी गहराई से लगी हों, जितनी गहराई से प्रधानमंत्री नरेंद्र मोदी की रूस यात्रा को लेकर लगी हुई थीं। इसका एक बड़ा कारण तो यही था कि भारतीय प्रधानमंत्री तीसरी बार सत्ता संभालने के बाद अपनी पहली विदेश यात्रा के तहत एक ऐसे समय रूस जा रहे थे, जब यूक्रेन युद्ध समाप्त होने का नाम नहीं ले रहा है। पश्चिमी देश विशेष रूप से अमेरिका, रूस-यूक्रेन युद्ध शुरू होने के बाद से इस प्रयास में हैं कि भारत उनके पाले में आए और उनकी भाषा बोले। भारत इस युद्ध से असहमति तो जताता रहा, लेकिन पश्चिमी देशों के पाले में खड़ा होने और उनकी भाषा बोलने के लिए तैयार नहीं हुआ।",पश्चिमी देश,387,398,"['Antagonist', 'Foreign Adversary']",642,130,"पश्चिमी देश विशेष रूप से अमेरिका, रूस-यूक्रेन युद्ध शुरू होने के बाद से इस प्रयास में हैं कि भारत उनके पाले में आए और उनकी भाषा बोले.",-1,-1,True,Antagonist,1,0.42221695,0.3020166,0.42221695,0.27576655,"['Antagonist', 'Foreign Adversary']",['Foreign Adversary'],0.011719941,0.0011850095,0.013159034,0.011095576,0.003831286,0.021992015,0.10011335,0.16114347,0.017156813,0.98594797,0.0061812974,0.0028397485,0.026829561,0.006199042,0.008597683,0.012264383,0.0126655465,0.02075109,0.011139495,0.0073627303,0.010550897,0.01582436
HI_126.txt,"इसके पहले शायद ही कभी ऐसा हुआ हो कि भारतीय प्रधानमंत्री की विदेश यात्रा पर सारी दुनिया की निगाहें इतनी गहराई से लगी हों, जितनी गहराई से प्रधानमंत्री नरेंद्र मोदी की रूस यात्रा को लेकर लगी हुई थीं। इसका एक बड़ा कारण तो यही था कि भारतीय प्रधानमंत्री तीसरी बार सत्ता संभालने के बाद अपनी पहली विदेश यात्रा के तहत एक ऐसे समय रूस जा रहे थे, जब यूक्रेन युद्ध समाप्त होने का नाम नहीं ले रहा है। पश्चिमी देश विशेष रूप से अमेरिका, रूस-यूक्रेन युद्ध शुरू होने के बाद से इस प्रयास में हैं कि भारत उनके पाले में आए और उनकी भाषा बोले। भारत इस युद्ध से असहमति तो जताता रहा, लेकिन पश्चिमी देशों के पाले में खड़ा होने और उनकी भाषा बोलने के लिए तैयार नहीं हुआ।",भारत,521,525,"['Protagonist', 'Rebel']",642,130,"“भारत इस युद्ध से असहमति तो जताता रहा, लेकिन पश्चिमी देशों के पाले में खड़ा होने और उनकी भाषा बोलने के लिए तैयार नहीं हुआ।”",-1,-1,True,Protagonist,0,0.39911562,0.39911562,0.29590288,0.3049815,"['Protagonist', 'Virtuous']",['Virtuous'],0.24916416,0.0036347227,0.057076942,0.029205967,0.0035297454,0.96123385,0.006351648,0.019023228,0.007567691,0.010287995,0.0047214446,0.0013067606,0.004077826,0.0039730566,0.0016858331,0.0020199057,0.020953503,0.014728323,0.007340616,0.0055338866,0.014151236,0.007307321
HI_126.txt,"इस पर हैरानी नहीं कि प्रधानमंत्री मोदी की मास्को में रूसी राष्ट्रपति व्लादिमिर पुतिन के साथ गर्मजोशी भरी मुलाकात से पश्चिमी देश जल-भुन-से गए हैं। अमेरिका ने भारतीय प्रधानमंत्री की रूस यात्रा पर चिंता व्यक्त की तो यूक्रेन के राष्ट्रपति बिना सोचे-समझे भारतीय प्रधानमंत्री पर हमलावर हो गए। वैसे यह मानने के अनेक कारण हैं कि उन्होंने प्रधानमंत्री मोदी के इस कथन का संज्ञान लेने के पहले ही अपनी निराशा व्यक्त कर दी कि युद्ध, संघर्ष अथवा आतंकी हमलों में जब नागरिकों और विशेष रूप से मासूम बच्चों की जान जाती है तो हृदय छलनी हो जाता है। प्रधानमंत्री मोदी ने यह दोहराने से भी संकोच नहीं किया कि समस्या का समाधान युद्ध भूमि पर नहीं हो सकता।",यूक्रेन के राष्ट्रपति,213,234,"['Antagonist', 'Foreign Adversary']",630,118,“यूक्रेन के राष्ट्रपति बिना सोचे-समझे भारतीय प्रधानमंत्री पर हमलावर हो गए।”,-1,-1,True,Antagonist,1,0.4178443,0.3190751,0.4178443,0.26308057,"['Antagonist', 'Foreign Adversary']",['Foreign Adversary'],0.0212013,0.0009169766,0.0038252212,0.07415025,0.2306941,0.007094423,0.14360584,0.013274288,0.017758917,0.9456153,0.006363097,0.0030929956,0.019377846,0.009134835,0.011221787,0.0052846135,0.057841856,0.0032775558,0.008459622,0.0028487376,0.014447118,0.0056978185
HI_126.txt,"उन्होंने जब पुतिन के समक्ष कीव में बच्चों के अस्पताल में मिसाइल हमले में गई जानों का जिक्र किया, तब रूसी राष्ट्रपति के हाव-भाव से यह साफ दिखा कि वे असहज हैं। प्रधानमंत्री मोदी ने रूसी राष्ट्रपति को इसी तरह करीब दो वर्ष पहले समरकंद में भी तब असहज किया था, जब उन्होंने बिना किसी लाग-लपेट को कहा था कि यह युग युद्ध का नहीं है। उनके ऐसे खरे बयानों के बावजूद पश्चिमी देश यह स्वीकार नहीं कर पा रहे कि भारत अपनी स्वतंत्र नीति पर कायम रहते और अपने राष्ट्रीय हितों को प्राथमिकता देते हुए रूस से संबंध तोड़ने अथवा उससे दूरी बनाने के लिए उस तरह तैयार नहीं है, जैसी दूरी पश्चिमी देशों ने बना रखी है और उस पर तरह-तरह के आर्थिक प्रतिबंध भी लगा रखे हैं।",प्रधानमंत्री मोदी,158,175,"['Protagonist', 'Virtuous']",638,130,“प्रधानमंत्री मोदी ने यह दोहराने से भी संकोच नहीं किया कि समस्या का समाधान युद्ध भूमि पर नहीं हो सकता।”,-1,-1,True,Protagonist,0,0.3991978,0.3991978,0.29924935,0.30155292,"['Protagonist', 'Virtuous']",['Virtuous'],0.16905288,0.009692371,0.07271241,0.075880446,0.006442213,0.94178444,0.004689875,0.00817281,0.012335392,0.00412288,0.044329043,0.0017609466,0.0041438956,0.004329518,0.012139408,0.0010882393,0.024554864,0.032116532,0.0061765513,0.005146213,0.0035524329,0.0073434347
HI_126.txt,"पश्चिमी देशों को भारत से केवल यही शिकायत नहीं है कि वह रूस से दूरी क्यों नहीं बना रहा है। उन्हें इससे भी समस्या है कि वह उससे कच्चा तेल क्यों खरीद रहा है? यह तब है, जब भारत बार-बार यह स्पष्ट कर चुका है कि वह अपने लोगों की हितों की रक्षा और ऊर्जा जरूरतों को पूरा करने के लिए जो भी संभव होगा, करेगा।",भारत,168,172,"['Protagonist', 'Virtuous', 'Guardian']",297,66,"“वह अपने लोगों की हितों की रक्षा और ऊर्जा जरूरतों को पूरा करने के लिए जो भी संभव होगा, करेगा।”",-1,-1,True,Protagonist,0,0.39919862,0.39919862,0.2994525,0.3013489,"['Protagonist', 'Virtuous']",['Virtuous'],0.16075481,0.00509423,0.50957847,0.009722175,0.0047585997,0.81237775,0.006921554,0.01044899,0.0037530505,0.0046542305,0.0067389994,0.00091644377,0.003616235,0.0015125818,0.003683344,0.0020946485,0.006990937,0.0060509886,0.0023135077,0.0022654277,0.0036072123,0.0035512333
HI_126.txt,"ऐसा नहीं है कि भारत को पश्चिमी देशों की आवश्यकता नहीं है, लेकिन ऐसी ही आवश्यकता उन्हें भी है। यही बात रूस पर लागू होती है। भारतीय प्रधानमंत्री की रूस यात्रा पर स्वाभाविक रूप से चीन की भी निगाह लगी हुई थी। उसने इस बात पर प्रसन्नता व्यक्त की कि प्रधानमंत्री मोदी ने यह दिखा दिया कि वे अमेरिका के प्रयासों के बावजूद रूस से दूरी बनाने के लिए तैयार नहीं, लेकिन भारत को इस पर ध्यान देना होगा कि यूक्रेन युद्ध के बाद से रूस की चीन पर निर्भरता बहुत अधिक बढ़ गई है। यह भारतीय हितों के लिए शुभ नहीं है। चीन पर रूस की निर्भरता जितनी अधिक बढ़ेगी, भारत के लिए चीन की चुनौती उतनी ही अधिक बढ़ेगी। दुर्भाग्य से पश्चिमी देश यह समझने के लिए तैयार नहीं है कि यूके्रन के मामले में रूस की जायज चिंताओं की अनदेखी कर उन्होंने उसे चीन की गोद में बैठाने का काम किया है। स्पष्ट है कि भारत को जितना अधिक चीन से सतर्क रहना होगा, उतना ही अमेरिका से भी। इसके साथ भारत को इस पर भी विचार करना होगा कि वह चीन के साथ अपना व्यापार घाटा कम क्यों नहीं कर पा रहा है?",चीन,177,180,"['Antagonist', 'Foreign Adversary']",928,197,“उसने इस बात पर प्रसन्नता व्यक्त की कि प्रधानमंत्री मोदी ने यह दिखा दिया कि वे अमेरिका के प्रयासों के बावजूद रूस से दूरी बनाने के लिए तैयार नहीं।”,-1,-1,True,Antagonist,1,0.4222087,0.30181074,0.4222087,0.27598053,"['Antagonist', 'Foreign Adversary']",['Foreign Adversary'],0.024334542,0.001210931,0.009168531,0.04202874,0.0070548947,0.040698845,0.11387183,0.08154387,0.043480076,0.99313277,0.005679112,0.0036863117,0.015818888,0.011920367,0.0068048337,0.005710113,0.03559954,0.015111143,0.008493511,0.0048250984,0.010892906,0.013600294
HI_151.txt,"नॉर्थ कोरिया के तानाशाह किंग जोंग को आक्रामकता और अलग-थलग रहने की आदत के लिए जाना जाता है. बहुत सारी पाबंदियों से घिरा ये देश रूस के हरदम साथ रहा. इसका एक उदाहरण रूस-यूक्रेन युद्ध में भी दिख रहा है. कथित तौर पर उत्तर कोरिया यूक्रेन युद्ध में अपनी भागीदारी बढ़ा रहा है, और रूस की मदद कर रहा है.",किंग जोंग,24,33,"['Antagonist', 'Tyrant']",293,60,“नॉर्थ कोरिया के तानाशाह किंग जोंग को आक्रामकता और अलग-थलग रहने की आदत के लिए जाना जाता है।”,-1,-1,True,Antagonist,1,0.42219502,0.30145872,0.42219502,0.27634627,"['Antagonist', 'Instigator', 'Tyrant', 'Incompetent']","['Instigator', 'Tyrant', 'Incompetent']",0.011317526,0.0076977885,0.0026387726,0.024266465,0.0054859146,0.0058811186,0.42235348,0.0036777034,0.5263805,0.044881713,0.057976868,0.0031408914,0.018447641,0.005449856,0.3830388,0.03349171,0.0073103663,0.010561256,0.0018288437,0.007299211,0.0030862805,0.007009429
HI_151.txt,"दक्षिण कोरियाई एजेंसी द वॉर जोन की एक रिपोर्ट में ये दावा किया गया. इसके अनुसार, न केवल उत्तर कोरियाई सैनिक, बल्कि बड़े अधिकारी भी युद्ध में मॉस्को की तरफ से काम कर रहे हैं. वे छिपकर नहीं, बल्कि अपनी वर्दी के साथ ही जंग में शामिल हो रहे हैं. ये अपनी तरह का अलग मामला है. वैसे तो यूक्रेन को भी बहुत से देश मदद कर रहे हैं, उसे हथियार-सेना दे रहे हैं, लेकिन ये सब उतना खुलेआम नहीं बल्कि आड़ में हो रहा है. वहीं नॉर्थ कोरिया लगभग खुलकर रूस के पक्ष में दिखता रहा.",यूक्रेन,279,286,"['Innocent', 'Victim']",458,97,"“वैसे तो यूक्रेन को भी बहुत से देश मदद कर रहे हैं, उसे हथियार-सेना दे रहे हैं, लेकिन ये सब उतना खुलेआम नहीं बल्कि आड़ में हो रहा है।”",-1,-1,True,Innocent,2,0.38846418,0.35360837,0.2579275,0.38846418,"['Innocent', 'Underdog']",['Underdog'],0.11352905,0.02010601,0.022555154,0.013353998,0.96349823,0.014189217,0.010855629,0.0036516918,0.0026035258,0.0068515157,0.021879982,0.012411009,0.020410981,0.023300419,0.019547764,0.0064393682,0.06372225,0.0031784424,0.09077812,0.02063843,0.08610909,0.010609555
HI_151.txt,"रूस और उत्तर कोरिया के बीच संबंधों की जड़ें शीत युद्ध के समय पनपीं, जब तत्कालीन सोवियत संघ ने उत्तर कोरिया को आजादी दिलाने में मदद दी. इसके बाद से रिश्ता गहराता रहा. दोनों के बीच कई कॉमन चीजें हैं. दोनों ही कम्युनिस्ट विचारधारा वाले देश रहे. इस बात ने उन्हें जोड़ने में कुछ वैसा ही काम किया, जैसा एक पार्टी को पसंद करने वाले दो आम लोगों के साथ होता है. इसी तार के साथ कई और तार जुड़ते चले गए.",सोवियत संघ,80,90,"['Protagonist', 'Peacemaker']",392,82,“तत्कालीन सोवियत संघ ने उत्तर कोरिया को आजादी दिलाने में मदद दी।”,-1,-1,True,Protagonist,0,0.39918843,0.39918843,0.30009574,0.30071577,"['Protagonist', 'Virtuous']",['Virtuous'],0.28372738,0.0019334401,0.14386167,0.01586941,0.0035670463,0.77179074,0.0037134096,0.019379292,0.004604436,0.10542318,0.00218549,0.0010447472,0.003489781,0.00094183814,0.0023268312,0.002162395,0.004644345,0.0034418406,0.0036410603,0.002141332,0.0021225237,0.0021086119
HI_151.txt,"पाबंदियों ने भी दोनों को कनेक्ट करने का काम किया. अमेरिका ने रूस और उत्तर कोरिया दोनों पर कई प्रतिबंध लगा रखे हैं, जिनके पीछे सुरक्षा और मानवाधिकार जैसे कारण दिए गए. इनमें ज्यादातर आर्थिक बैन हैं. वहीं नॉर्थ कोरिया पर अमेरिका नाराज है कि उसने रोकने के बाद भी परमाणु हथियार और लंबी दूरी की मिसाइलें बनाईं. इसी के साथ इस देश पर भी कई आर्थिक और व्यापारिक प्रतिबंध लग गए.",अमेरिका,50,57,"['Antagonist', 'Foreign Adversary']",367,72,“अमेरिका ने रूस और उत्तर कोरिया दोनों पर कई प्रतिबंध लगा रखे हैं।”,-1,-1,True,Antagonist,1,0.42221928,0.30291465,0.42221928,0.27486607,"['Antagonist', 'Foreign Adversary']",['Foreign Adversary'],0.0950363,0.0010217086,0.005034384,0.02067113,0.0018641853,0.021553975,0.32038945,0.013474644,0.03542552,0.9666726,0.0023242116,0.0020369678,0.009601264,0.0047518974,0.011950384,0.004030632,0.012857004,0.0046223034,0.0054987893,0.0026345318,0.0076244175,0.0060447054
HI_125.txt,यूक्रेन के राष्ट्रपति वोलोदिमिर जेलेंस्की इस समय पूरी दुनिया को रूस के खिलाफ एकजुट करने का प्रयास कर रहे हैं. उनकी इसी प्रयास के तहत उन्होंने जर्मनी की संसद को संबोधित किया. वहां से उन्होंने पूरी दुनिया को बड़ा संदेश दिया कि रूस द्वारा बनाई जा रही नफरत की दीवार को तोड़ना पड़ेगा.,यूक्रेन,0,7,"['Innocent', 'Victim']",279,53,“यूक्रेन के राष्ट्रपति वोलोदिमिर जेलेंस्की इस समय पूरी दुनिया को रूस के खिलाफ एकजुट करने का प्रयास कर रहे हैं।”,-1,-1,True,Protagonist,0,0.39919275,0.39919275,0.29786763,0.30293953,"['Protagonist', 'Underdog']",['Underdog'],0.13801001,0.006298751,0.07431219,0.032666463,0.9657326,0.024478836,0.0206041,0.005113431,0.0028350789,0.014937689,0.024278436,0.004629103,0.025354093,0.014752062,0.02952365,0.006082749,0.05372106,0.002875604,0.026715972,0.0039424584,0.016720392,0.0049972553
HI_125.txt,यूक्रेन के राष्ट्रपति वोलोदिमिर जेलेंस्की इस समय पूरी दुनिया को रूस के खिलाफ एकजुट करने का प्रयास कर रहे हैं. उनकी इसी प्रयास के तहत उन्होंने जर्मनी की संसद को संबोधित किया. वहां से उन्होंने पूरी दुनिया को बड़ा संदेश दिया कि रूस द्वारा बनाई जा रही नफरत की दीवार को तोड़ना पड़ेगा.,वोलोदिमिर जेलेंस्की,22,41,"['Protagonist', 'Guardian', 'Underdog']",279,53,“यूक्रेन के राष्ट्रपति वोलोदिमिर जेलेंस्की इस समय पूरी दुनिया को रूस के खिलाफ एकजुट करने का प्रयास कर रहे हैं।”,-1,-1,True,Protagonist,0,0.3992022,0.3992022,0.29890546,0.30189237,"['Protagonist', 'Peacemaker']",['Peacemaker'],0.37866,0.004870948,0.8318795,0.008318988,0.018581666,0.3102463,0.0078059807,0.007733291,0.0025472462,0.010971367,0.0053066323,0.0010752057,0.00536916,0.0007510315,0.0062706685,0.0023693296,0.006246644,0.00456019,0.0032172443,0.0021101928,0.0038857867,0.0028367431
HI_125.txt,यूक्रेन के राष्ट्रपति वोलोदिमिर जेलेंस्की इस समय पूरी दुनिया को रूस के खिलाफ एकजुट करने का प्रयास कर रहे हैं. उनकी इसी प्रयास के तहत उन्होंने जर्मनी की संसद को संबोधित किया. वहां से उन्होंने पूरी दुनिया को बड़ा संदेश दिया कि रूस द्वारा बनाई जा रही नफरत की दीवार को तोड़ना पड़ेगा.,रूस,64,67,"['Antagonist', 'Tyrant']",279,53,“रूस द्वारा बनाई जा रही नफरत की दीवार को तोड़ना पड़ेगा।”,-1,-1,True,Antagonist,1,0.4221611,0.3032673,0.4221611,0.27457163,"['Antagonist', 'Tyrant', 'Foreign Adversary']","['Tyrant', 'Foreign Adversary']",0.01200161,0.0008147268,0.0029208544,0.13088629,0.017522754,0.009631933,0.023786964,0.007729374,0.7454112,0.6276406,0.0031560387,0.0010769833,0.0022472944,0.012390517,0.0060388837,0.003954053,0.017008582,0.008174306,0.005951297,0.0033734736,0.023892816,0.002495334
HI_125.txt,"जेलेंस्की ने इस बात पर गुस्सा भी जाहिर किया कि जर्मनी अभी भी रूस के खिलाफ कड़े प्रतिबंध लगाने से बच रहा है. उसे अपने देश की अर्थव्यवस्था की ज्यादा चिंता है. उसे डर लग रहा है कि रूस पर प्रतिबंध लगाने से जर्मनी को बड़ा आर्थिक नुकसान हो जाएगा. इस सब के अलावा जर्मनी की धरती से एक बार फिर जेलेंस्की ने यूक्रेन के लिए यूरोपीय संघ की सदस्यता का मुद्दा भी उठाया. उन्होंने अपील की है कि इस गंभीर मुद्दे पर जर्मनी, यूक्रेन के साथ खड़ा हो जाए.",जर्मनी,47,53,"['Antagonist', 'Foreign Adversary']",433,90,“जेलेंस्की ने इस बात पर गुस्सा भी जाहिर किया कि जर्मनी अभी भी रूस के खिलाफ कड़े प्रतिबंध लगाने से बच रहा है।”,-1,-1,True,Protagonist,0,0.39901674,0.39901674,0.2948428,0.30614045,"['Protagonist', 'Rebel', 'Foreign Adversary']","['Rebel', 'Foreign Adversary']",0.098226376,0.0025510145,0.020849293,0.30708873,0.18698233,0.10719192,0.0037720846,0.0023489145,0.010314165,0.32036483,0.008826735,0.0016700155,0.0022696361,0.0021712242,0.19582729,0.0024284604,0.011032013,0.0037070469,0.015396113,0.0024345359,0.004877868,0.0040673804
HI_125.txt,"जेलेंस्की ने इस बात पर गुस्सा भी जाहिर किया कि जर्मनी अभी भी रूस के खिलाफ कड़े प्रतिबंध लगाने से बच रहा है. उसे अपने देश की अर्थव्यवस्था की ज्यादा चिंता है. उसे डर लग रहा है कि रूस पर प्रतिबंध लगाने से जर्मनी को बड़ा आर्थिक नुकसान हो जाएगा. इस सब के अलावा जर्मनी की धरती से एक बार फिर जेलेंस्की ने यूक्रेन के लिए यूरोपीय संघ की सदस्यता का मुद्दा भी उठाया. उन्होंने अपील की है कि इस गंभीर मुद्दे पर जर्मनी, यूक्रेन के साथ खड़ा हो जाए.",जेलेंस्की,285,294,"['Protagonist', 'Virtuous']",433,90,"“उन्होंने अपील की है कि इस गंभीर मुद्दे पर जर्मनी, यूक्रेन के साथ खड़ा हो जाए।”",-1,-1,True,Protagonist,0,0.39920247,0.39920247,0.2991544,0.3016432,"['Protagonist', 'Virtuous']",['Virtuous'],0.5065337,0.001304283,0.09654839,0.0335382,0.0062193763,0.78432125,0.003221527,0.010154133,0.00278984,0.0057748556,0.0047326926,0.0009016559,0.0034912373,0.0018346738,0.005051778,0.0014955492,0.008747596,0.004473168,0.0024166878,0.0014378963,0.0023739573,0.0019333463
HI_125.txt,"जेलेंस्की ने इस बात पर गुस्सा भी जाहिर किया कि जर्मनी अभी भी रूस के खिलाफ कड़े प्रतिबंध लगाने से बच रहा है. उसे अपने देश की अर्थव्यवस्था की ज्यादा चिंता है. उसे डर लग रहा है कि रूस पर प्रतिबंध लगाने से जर्मनी को बड़ा आर्थिक नुकसान हो जाएगा. इस सब के अलावा जर्मनी की धरती से एक बार फिर जेलेंस्की ने यूक्रेन के लिए यूरोपीय संघ की सदस्यता का मुद्दा भी उठाया. उन्होंने अपील की है कि इस गंभीर मुद्दे पर जर्मनी, यूक्रेन के साथ खड़ा हो जाए.",जर्मनी,398,404,"['Antagonist', 'Corrupt']",433,90,“उसे अपने देश की अर्थव्यवस्था की ज्यादा चिंता है। उसे डर लग रहा है कि रूस पर प्रतिबंध लगाने से जर्मनी को बड़ा आर्थिक नुकसान हो जाएगा।”,-1,-1,True,Protagonist,0,0.39920142,0.39920142,0.2986261,0.30217248,"['Protagonist', 'Virtuous']",['Virtuous'],0.26751915,0.0012396808,0.09661876,0.36429957,0.0051141926,0.7027955,0.015533495,0.010369845,0.024653375,0.028998105,0.004834007,0.00065301906,0.002763854,0.0013938474,0.006004683,0.0015080107,0.005926407,0.003021968,0.0022449028,0.001238356,0.0017900784,0.0014443774
HI_125.txt,"जेलेंस्की ने इस बात पर गुस्सा भी जाहिर किया कि जर्मनी अभी भी रूस के खिलाफ कड़े प्रतिबंध लगाने से बच रहा है. उसे अपने देश की अर्थव्यवस्था की ज्यादा चिंता है. उसे डर लग रहा है कि रूस पर प्रतिबंध लगाने से जर्मनी को बड़ा आर्थिक नुकसान हो जाएगा. इस सब के अलावा जर्मनी की धरती से एक बार फिर जेलेंस्की ने यूक्रेन के लिए यूरोपीय संघ की सदस्यता का मुद्दा भी उठाया. उन्होंने अपील की है कि इस गंभीर मुद्दे पर जर्मनी, यूक्रेन के साथ खड़ा हो जाए.",यूक्रेन,406,413,"['Innocent', 'Forgotten']",433,90,"जेलेंस्की ने इस बात पर गुस्सा भी जाहिर किया कि जर्मनी अभी भी रूस के खिलाफ कड़े प्रतिबंध लगाने से बच रहा है. उसे अपने देश की अर्थव्यवस्था की ज्यादा चिंता है. उसे डर लग रहा है कि रूस पर प्रतिबंध लगाने से जर्मनी को बड़ा आर्थिक नुकसान हो जाएगा. इस सब के अलावा जर्मनी की धरती से एक बार फिर जेलेंस्की ने यूक्रेन के लिए यूरोपीय संघ की सदस्यता का मुद्दा भी उठाया. उन्होंने अपील की है कि इस गंभीर मुद्दे पर जर्मनी, यूक्रेन के साथ खड़ा हो जाए.",0,433,True,Protagonist,0,0.39920068,0.39920068,0.29860625,0.3021931,"['Protagonist', 'Underdog']",['Underdog'],0.14136517,0.014612278,0.009222919,0.09749343,0.9732242,0.01746697,0.023898015,0.004570468,0.005085619,0.008246004,0.033614986,0.012808269,0.017709129,0.02161837,0.02060972,0.015270735,0.04546051,0.0026803266,0.022640983,0.0049733967,0.010235599,0.007487041
HI_97.txt,"इस रिपोर्ट में यह भी कहा गया है कि गिरावट दर्ज करने वाले बड़े तीन देशों में एक रूस भी शामिल है। रूस के अलावा जापान और पाकिस्तान भी एक-एक अंक नीचे लुढ़का है। रिपोर्ट में कहा गया है कि यूक्रेन के खिलाफ अपने आक्रमण को मज़बूत करने के लिए युद्ध अर्थव्यवस्था को संगठित करने के कारण रूस की सैन्य शक्ति में वृद्धि हुई है लेकिन आठ में से पांच मेट्रिक्स के स्कोर में कमी आई है। इन पांच मानदंडों में सांस्कृतिक प्रभाव, आर्थिक योग्यता, लचीलापन, आर्थिक संबंध और रक्षा नेटवर्क शामिल है।",यूक्रेन,183,190,"['Innocent', 'Victim']",472,93,रिपोर्ट में कहा गया है कि यूक्रेन के खिलाफ अपने आक्रमण को मज़बूत करने के लिए युद्ध अर्थव्यवस्था को संगठित करने के कारण रूस की सैन्य शक्ति में वृद्धि हुई है।,-1,-1,True,Innocent,2,0.42044544,0.30446708,0.27508745,0.42044544,"['Innocent', 'Victim']",['Victim'],0.007972955,0.0022614864,0.0048159487,0.0071577677,0.13705699,0.0026023695,0.06180209,0.0033083006,0.010165626,0.21796201,0.0021358328,0.0007556572,0.0053079533,0.010668135,0.009813134,0.002575466,0.019858578,0.0017221187,0.060483985,0.05778411,0.91751224,0.008700483
HI_97.txt,"रूस-यूक्रेन युद्ध खत्म करने की तैयारी, जेलेंस्की बुला रहे दूसरा शांति सम्मेलन",जेलेंस्की,39,48,"['Protagonist', 'Peacemaker']",77,12,"रूस-यूक्रेन युद्ध खत्म करने की तैयारी, जेलेंस्की बुला रहे दूसरा शांति सम्मेलन",0,77,True,Protagonist,0,0.39919063,0.39919063,0.2977049,0.3031045,"['Protagonist', 'Peacemaker']",['Peacemaker'],0.4751356,0.003788575,0.9494024,0.0081885215,0.037488457,0.09460743,0.015105013,0.0108776735,0.0040960936,0.022590997,0.0047131767,0.0010807393,0.009236931,0.001362134,0.010682256,0.003095143,0.010536695,0.004086449,0.0047815694,0.002584025,0.008522432,0.0030033705
HI_143.txt,"सुप्रीम कोर्ट के चीफ जस्टिस डी वाई चंद्रचूड ने दुनिया में ग्लोबल वार्मिंग के बढ़ते खतरों पर चिंता जताई है. चीफ जस्टिस ने कहा कि जलवायु परिवर्तन से महिलाओं, दिव्यांगों और मूल निवासियों के लिए खतरा बढ़ रहा है. ऐसे में सभी लोगों को मिलकर इस बारे में सोचने और पर्यावरण संरक्षण पर काम करने की जरूरत है. ",महिलाओं,147,154,"['Innocent', 'Victim']",299,58,"चीफ जस्टिस ने कहा कि जलवायु परिवर्तन से महिलाओं, दिव्यांगों और मूल निवासियों के लिए खतरा बढ़ रहा है.",107,207,True,Innocent,2,0.4204617,0.30547085,0.27406746,0.4204617,"['Innocent', 'Victim']",['Victim'],0.008237282,0.032627605,0.0052770516,0.009487443,0.020513814,0.007277962,0.013499293,0.0037934124,0.014737452,0.008614343,0.0034338995,0.0035722298,0.0040546767,0.014667251,0.0052775773,0.007381947,0.005243774,0.0063977563,0.07237517,0.23821928,0.9891244,0.013255189
HI_143.txt,"सुप्रीम कोर्ट के चीफ जस्टिस डी वाई चंद्रचूड ने दुनिया में ग्लोबल वार्मिंग के बढ़ते खतरों पर चिंता जताई है. चीफ जस्टिस ने कहा कि जलवायु परिवर्तन से महिलाओं, दिव्यांगों और मूल निवासियों के लिए खतरा बढ़ रहा है. ऐसे में सभी लोगों को मिलकर इस बारे में सोचने और पर्यावरण संरक्षण पर काम करने की जरूरत है. ",दिव्यांगों,156,166,"['Innocent', 'Victim']",299,58,"चीफ जस्टिस ने कहा कि जलवायु परिवर्तन से महिलाओं, दिव्यांगों और मूल निवासियों के लिए खतरा बढ़ रहा है.",107,207,True,Innocent,2,0.42046088,0.3055022,0.27403688,0.42046088,"['Innocent', 'Victim']",['Victim'],0.008244495,0.053900372,0.0051224018,0.0063622775,0.009059193,0.0064626327,0.010612628,0.0029363923,0.008392885,0.005250342,0.0043647187,0.0038605607,0.0035492696,0.013848909,0.005006667,0.005675126,0.0038913204,0.0081703365,0.06254367,0.40618604,0.9547281,0.013775028
HI_143.txt,"सुप्रीम कोर्ट के चीफ जस्टिस डी वाई चंद्रचूड ने दुनिया में ग्लोबल वार्मिंग के बढ़ते खतरों पर चिंता जताई है. चीफ जस्टिस ने कहा कि जलवायु परिवर्तन से महिलाओं, दिव्यांगों और मूल निवासियों के लिए खतरा बढ़ रहा है. ऐसे में सभी लोगों को मिलकर इस बारे में सोचने और पर्यावरण संरक्षण पर काम करने की जरूरत है. ",मूल निवासियों,170,183,"['Innocent', 'Victim']",299,58,"चीफ जस्टिस ने कहा कि जलवायु परिवर्तन से महिलाओं, दिव्यांगों और मूल निवासियों के लिए खतरा बढ़ रहा है.",107,207,True,Innocent,2,0.4204641,0.30537328,0.27416262,0.4204641,"['Innocent', 'Victim']",['Victim'],0.008145524,0.03562647,0.005187995,0.007448563,0.011169205,0.007862168,0.010661173,0.0035374977,0.0101955915,0.0056992862,0.00435182,0.004236165,0.0042805145,0.017043889,0.0049407603,0.006223345,0.0052666347,0.007391579,0.07151422,0.2989522,0.980995,0.015702942
HI_143.txt,"चीफ जस्टिस चंद्रचूड ने अपने संबोधन में यह भी कहा कि जलवायु परिवर्तन के प्रभावों से निपटने के लिए वैश्विक सहयोग की आवश्यकता है। उन्होंने कहा कि पर्यावरणीय चुनौतियों का सामना करने के लिए केवल सरकारी स्तर पर ही नहीं, बल्कि व्यक्तिगत और सामुदायिक स्तर पर भी प्रयास किए जाने चाहिए। चीफ जस्टिस ने जोर देकर कहा कि यह जिम्मेदारी सभी की है कि वे अपने जीवन में छोटे-छोटे बदलाव लाकर पर्यावरण को सुरक्षित रखने में योगदान दें। उन्होंने युवाओं से भी आह्वान किया कि वे जलवायु संरक्षण के लिए सक्रिय भूमिका निभाएं, क्योंकि आने वाली पीढ़ियों का भविष्य इसी पर निर्भर करता है।",चंद्रचूड,11,19,"['Protagonist', 'Virtuous']",557,104,"चीफ जस्टिस चंद्रचूड ने अपने संबोधन में यह भी कहा कि जलवायु परिवर्तन के प्रभावों से निपटने के लिए वैश्विक सहयोग की आवश्यकता है। उन्होंने कहा कि पर्यावरणीय चुनौतियों का सामना करने के लिए केवल सरकारी स्तर पर ही नहीं, बल्कि व्यक्तिगत और सामुदायिक स्तर पर भी प्रयास किए जाने चाहिए।",0,276,True,Protagonist,0,0.39918965,0.39918965,0.300019,0.30079138,"['Protagonist', 'Guardian', 'Virtuous']","['Guardian', 'Virtuous']",0.8611024,0.0031919824,0.020892372,0.019736927,0.004630835,0.604681,0.0047277967,0.006255382,0.0038712109,0.0038397324,0.002830311,0.0016280155,0.0033361414,0.0018686319,0.0043664495,0.0042850776,0.006420366,0.0039371494,0.0026699505,0.0022016754,0.004114395,0.0021568306
HI_156.txt,"रूस-यूक्रेन युद्ध में परमाणु हथियारों के इस्तेमाल की संभावनाओं को लेकर चिंताएं जारी हैं। इसी बीच क्रेमलिन ने कहा है कि अगर रूस 'अस्तित्व से जुड़े खतरे' का सामना करता है, तो ही वह परमाणु...",रूस,123,126,"['Protagonist', 'Guardian']",188,35,"रूस-यूक्रेन युद्ध में परमाणु हथियारों के इस्तेमाल की संभावनाओं को लेकर चिंताएं जारी हैं। इसी बीच क्रेमलिन ने कहा है कि अगर रूस 'अस्तित्व से जुड़े खतरे' का सामना करता है, तो ही वह परमाणु...",0,188,True,Protagonist,0,0.39912754,0.39912754,0.3017555,0.299117,"['Protagonist', 'Rebel']",['Rebel'],0.10600399,0.0071534184,0.015646352,0.90307087,0.016808335,0.31819358,0.011786892,0.008980934,0.01906725,0.009739318,0.020889074,0.0024263472,0.0016594668,0.010250498,0.007317376,0.0023606108,0.007001753,0.010683563,0.0041287458,0.0020899104,0.00357646,0.0019863672
HI_156.txt,"रूस-यूक्रेन युद्ध में परमाणु हथियारों के इस्तेमाल की संभावनाओं को लेकर चिंताएं जारी हैं। इसी बीच क्रेमलिन ने कहा है कि अगर रूस 'अस्तित्व से जुड़े खतरे' का सामना करता है, तो ही वह परमाणु हथियार का उपयोग करेगा। क्रेमलिन के प्रवक्ता दिमित्री पेसकोव ने यह जानकारी दी है। दोनों पड़ोसी देशों के बीच जारी संघर्ष को 27 दिनों का समय बीत चुका है।",दिमित्री पेसकोव,230,245,"['Protagonist', 'Guardian']",336,64,क्रेमलिन के प्रवक्ता दिमित्री पेसकोव ने यह जानकारी दी है।,209,266,True,Protagonist,0,0.3992022,0.3992022,0.29905045,0.30174735,"['Protagonist', 'Guardian']",['Guardian'],0.9923247,0.00764701,0.019715372,0.12862244,0.030596191,0.19260953,0.011480961,0.0105084395,0.005910195,0.011156111,0.0054418934,0.006355396,0.008573902,0.005906848,0.012726746,0.011596105,0.01695575,0.008492683,0.0077466876,0.005438362,0.016580336,0.0031694751
HI_156.txt,"यूक्रेन में रूस की गतिविधियों को लेकर पेस्कोव ने कहा कि उनका मकसद पड़ोसी पर कब्जा करना नहीं है। साथ ही उन्होंने जोर देकर कहा कि उनका देश आम नागरिकों को निशाना नहीं बना रहा है। प्रवक्ता ने कहा कि 'कार्रवाई' का मुख्य उद्देश्य 'यूक्रेन की सैन्य ताकतों से छुटकारा पाना है।' उन्होंने कहा, 'इसलिए हमारी सेना यूक्रेन की धरती पर केवल सैन्य लक्ष्यों और सेना से जुड़ी चीजों को निशाना बना रही हैं, नागरिकों को नहीं।'",यूक्रेन,0,7,"['Antagonist', 'Foreign Adversary']",405,77,प्रवक्ता ने कहा कि 'कार्रवाई' का मुख्य उद्देश्य 'यूक्रेन की सैन्य ताकतों से छुटकारा पाना है।',176,269,True,Protagonist,0,0.39892483,0.39892483,0.2934716,0.30760357,"['Protagonist', 'Underdog']",['Underdog'],0.022430317,0.014224818,0.017173255,0.044000953,0.9265804,0.018228574,0.07124537,0.0028544012,0.008433951,0.016733615,0.09072895,0.00441433,0.018799096,0.05361164,0.031034704,0.0043546595,0.055566326,0.0025305995,0.07352424,0.023517106,0.06531943,0.0072052395
HI_156.txt,यूक्रेन पर हमला करने के कुछ दिनों बाद ही रूसी राष्ट्रपति व्लादिमीर पुतिन ने कहा था कि उन्होंने देश के रणनीतिक परमाणु ताकतों को हाई अलर्ट पर रखा है। 28 फरवरी को हुई इस घोषणा के बाद से ही दुनियाभर में चिंताएं बढ़ गई थी।,राष्ट्रपति व्लादिमीर पुतिन,46,72,"['Protagonist', 'Rebel', 'Guardian']",217,45,यूक्रेन पर हमला करने के कुछ दिनों बाद ही रूसी राष्ट्रपति व्लादिमीर पुतिन ने कहा था कि उन्होंने देश के रणनीतिक परमाणु ताकतों को हाई अलर्ट पर रखा है।,0,147,True,Antagonist,1,0.42221186,0.30347055,0.42221186,0.27431765,"['Antagonist', 'Instigator']",['Instigator'],0.2093622,0.0023624562,0.002901146,0.09983517,0.0038453997,0.0028902858,0.75834066,0.004161092,0.1773702,0.09327761,0.00187886,0.0013764598,0.00618878,0.0025011504,0.013268879,0.031780757,0.0059874495,0.0025322505,0.0015115257,0.0024518883,0.015482519,0.002437116
HI_75.txt,Russia-Ukraine War में शामिल भारतीय युवक प्रिंस सेबेस्टिन घायल होने के बाद पिछले महीने स्वदेश लौटे हैं.,प्रिंस सेबेस्टिन,41,57,"['Innocent', 'Exploited', 'Victim']",103,17,Russia-Ukraine War में शामिल भारतीय युवक प्रिंस सेबेस्टिन घायल होने के बाद पिछले महीने स्वदेश लौटे हैं.,0,103,True,Innocent,2,0.42045766,0.30556542,0.27397698,0.42045766,"['Innocent', 'Victim']",['Victim'],0.005673541,0.15701018,0.003960458,0.0066142087,0.0034883756,0.0053719436,0.012201148,0.0021093253,0.0063067996,0.0046351226,0.004190969,0.0152332485,0.0038599628,0.005831775,0.0048393547,0.01706251,0.003705059,0.014507505,0.066683546,0.31503797,0.83240527,0.066757075
HI_75.txt,"2024 के मार्च में रूस-यूक्रेन जंग (Russia-Ukraine ) में लड़ने वाले और गंभीर रूप से घायल होने वाले प्रिंस सेबेस्टियन पिछले महीने भारत लौटे हैं. केरल के रहने वाले 24 साल के मछुआरे प्रिंस ने यह जानकर राहत की सांस ली कि केंद्रीय जांच ब्यूरो (CBI) के अधिकारियों ने चार भारतीय तस्करों को गिरफ्तार किया है. तस्करों ने प्रिंस और उनके चचेरे भाई, विनीत सिल्वा और टीनू पानी आदिमा को जनवरी में झूठे वादे कर रूस भेज दिया था.",केंद्रीय जांच ब्यूरो,216,236,"['Protagonist', 'Guardian']",411,79,केंद्रीय जांच ब्यूरो (CBI) के अधिकारियों ने चार भारतीय तस्करों को गिरफ्तार किया है।,-1,-1,True,Protagonist,0,0.3992009,0.3992009,0.29861563,0.30218348,"['Protagonist', 'Guardian']",['Guardian'],0.92059064,0.0019131236,0.012118599,0.022100687,0.0044199666,0.28398427,0.0060564773,0.019566555,0.0035557651,0.006206075,0.0052462644,0.0051756236,0.01725723,0.005026637,0.021787776,0.008756577,0.20983227,0.008034338,0.0035296115,0.0024101841,0.0052113896,0.0071419636
HI_75.txt,"2024 के मार्च में रूस-यूक्रेन जंग (Russia-Ukraine ) में लड़ने वाले और गंभीर रूप से घायल होने वाले प्रिंस सेबेस्टियन पिछले महीने भारत लौटे हैं. केरल के रहने वाले 24 साल के मछुआरे प्रिंस ने यह जानकर राहत की सांस ली कि केंद्रीय जांच ब्यूरो (CBI) के अधिकारियों ने चार भारतीय तस्करों को गिरफ्तार किया है. तस्करों ने प्रिंस और उनके चचेरे भाई, विनीत सिल्वा और टीनू पानी आदिमा को जनवरी में झूठे वादे कर रूस भेज दिया था.",विनीत सिल्वा और टीनू पानी आदिमा,337,368,"['Innocent', 'Exploited', 'Victim']",411,79,"तस्करों ने प्रिंस और उनके चचेरे भाई, विनीत सिल्वा और टीनू पानी आदिमा को जनवरी में झूठे वादे कर रूस भेज दिया था.",300,411,True,Antagonist,1,0.41535926,0.28699303,0.41535926,0.29764774,"['Antagonist', 'Deceiver']",['Deceiver'],0.010095503,0.006307637,0.0022348918,0.019994445,0.0075404155,0.0073809475,0.008898535,0.018902183,0.0045001544,0.031860016,0.013519551,0.30185255,0.037908465,0.018003942,0.017753454,0.07787875,0.8007582,0.017469507,0.017924411,0.011538402,0.0121668,0.28629437
HI_75.txt,प्रिंस और उनके चचेरे भाई एक साथ रूस पहुंचे लेकिन इसके बावजूद तस्करों ने उन्हें अलग कर दिया. इन तस्करों ने उन्हें रूसी सेना को बेच दिया था. सभी को अलग-अलग कैंप में रखा गया है.,रूसी सेना,113,122,"['Antagonist', 'Corrupt']",174,36,इन तस्करों ने उन्हें रूसी सेना को बेच दिया था.,92,138,True,Antagonist,1,0.42025986,0.30748948,0.42025986,0.27225065,"['Antagonist', 'Foreign Adversary', 'Victim']","['Foreign Adversary', 'Victim']",0.04258305,0.0014553893,0.0020466042,0.0138028655,0.0115655055,0.012193679,0.012485271,0.013318698,0.16815215,0.41207647,0.0031488622,0.009838826,0.03061902,0.16412614,0.008014109,0.0025032058,0.03826871,0.0089157475,0.102265365,0.043277103,0.3158532,0.019550694
HI_75.txt,"सीबीआई की ओर से मंगलवार को जारी एक प्रेस नोट के मुताबिक, तस्कर एक संगठित नेटवर्क के तौर पर काम कर रहे हैं और यूट्यूब जैसे सोशल मीडिया चैनलों के जरिए और रूस में अच्छी पगार देने वाली नौकरियों के लिए अपने स्थानीय संपर्कों/एजेंटों के जरिए भारतीय नागरिकों को लुभा रहे हैं.",भारतीय नागरिकों,235,250,"['Innocent', 'Exploited', 'Victim']",267,52,तस्कर एक संगठित नेटवर्क के तौर पर काम कर रहे हैं और यूट्यूब जैसे सोशल मीडिया चैनलों के जरिए और रूस में अच्छी पगार देने वाली नौकरियों के लिए अपने स्थानीय संपर्कों/एजेंटों के जरिए भारतीय नागरिकों को लुभा रहे हैं.,57,267,True,Innocent,2,0.42046323,0.3053351,0.2742017,0.42046323,"['Innocent', 'Exploited', 'Victim']","['Exploited', 'Victim']",0.037114616,0.026198916,0.0079281805,0.010750157,0.0032219163,0.04817516,0.007356119,0.004436498,0.0058681276,0.0039518923,0.0044317027,0.005108288,0.0043126973,0.016347894,0.0040138676,0.0031885477,0.0046267877,0.014025397,0.07718701,0.68414164,0.75153875,0.020957455
HI_75.txt,"4 फरवरी को शाम 6 बजे के आसपास जंग के मैदान में अपने पहले दिन के दौरान प्रिंस और उनके साथी सैनिक यूक्रेन के लुशांक की ओर आगे बढ़ रहे थे, तभी वे यूक्रेनी सैनिकों की ओर से की जा रही भारी गोलीबारी के चपेट में आ गए. प्रिंस एक टैंक के साथ-साथ आगे बढ़ रहे थे. लेकिन जैसे ही वह यूक्रेनी सैनिकों को जवाब देने के लिए आगे बढ़े वह अपनी बंदूक के पट्टे में उलझ गए. इसके बाद यूक्रेनी सैनिक के बंदूक से चली एक गोली पहले टैंक से टकराई और फिर प्रिंस के कान को चिरती हुई निकल गई. इसके बाद प्रिंस के मुंह से खून निकलने लगा. इस बीच उसके पैरों तले रूसी सैनिक की लाश पड़ी थी जिससे टकरा कर वह लुढ़क गए.",रूसी सैनिक,526,536,"['Protagonist', 'Martyr']",578,128,इसके बाद प्रिंस के मुंह से खून निकलने लगा. इस बीच उसके पैरों तले रूसी सैनिक की लाश पड़ी थी जिससे टकरा कर वह लुढ़क गए.,461,578,True,Antagonist,1,0.42191395,0.29983726,0.42191395,0.27824885,"['Antagonist', 'Victim']",['Victim'],0.0042985613,0.042317357,0.0016567514,0.008405368,0.025013868,0.002530288,0.02358653,0.003318306,0.1587367,0.07907585,0.0024692544,0.016297676,0.004787336,0.017220998,0.009367742,0.057833873,0.0037224516,0.014110463,0.07181297,0.06786952,0.88108385,0.021741694
HI_5.txt,"फिर भड़क सकता है रूस-यूक्रेन युद्ध, G7 ज़ेलेंस्की को देगा इतनी बड़ी मदद",G7,36,38,"['Protagonist', 'Guardian']",71,13,G7 ज़ेलेंस्की को देगा इतनी बड़ी मदद,36,71,True,Protagonist,0,0.39919862,0.39919862,0.2994553,0.30134603,"['Protagonist', 'Guardian']",['Guardian'],0.978116,0.005473198,0.06041674,0.01712766,0.0052560805,0.2990486,0.016545797,0.013390707,0.004950684,0.009943106,0.0044301925,0.0024355808,0.007561395,0.0029447034,0.015731549,0.008506974,0.015254329,0.0043205116,0.0034733436,0.004013828,0.005920412,0.0027680248
HI_5.txt,"फिर भड़क सकता है रूस-यूक्रेन युद्ध, G7 ज़ेलेंस्की को देगा इतनी बड़ी मदद",ज़ेलेंस्की,39,49,"['Innocent', 'Victim']",71,13,G7 ज़ेलेंस्की को देगा इतनी बड़ी मदद,36,71,True,Protagonist,0,0.39920104,0.39920104,0.2992491,0.30154976,"['Protagonist', 'Guardian', 'Underdog']","['Guardian', 'Underdog']",0.8333138,0.0070766136,0.01735212,0.036794756,0.7334511,0.032835033,0.007936023,0.0044253604,0.002965667,0.00917061,0.0060374783,0.005746145,0.007906341,0.0061744642,0.006035193,0.008172686,0.010424274,0.0021765335,0.0071648774,0.0021919892,0.0089465035,0.0022109877
HI_5.txt,इटली में हुए G7 समिट में पश्चिमी देशों ने यूक्रेन को बड़ी मदद देने की घोषणा की है। यूरोपीय संघ यूक्रेन को 50 बिलियन अमरीकी डॉलर की सहायता राशि देगा। इससे रूस-यूक्रेन युद्ध एक बार फिर भड़क सकता है।,श्चिमी देशों,26,38,"['Protagonist', 'Guardian']",196,39,इटली में हुए G7 समिट में पश्चिमी देशों ने यूक्रेन को बड़ी मदद देने की घोषणा की है।,0,82,True,Protagonist,0,0.39919543,0.39919543,0.299771,0.3010336,"['Protagonist', 'Guardian']",['Guardian'],0.9920889,0.0069127493,0.036231935,0.05514213,0.024593126,0.21650319,0.013418183,0.0074990666,0.006767706,0.01654949,0.0033614982,0.0038262587,0.0064177327,0.0036371495,0.012024832,0.010837703,0.0117171025,0.005960323,0.0077836732,0.006238761,0.01785409,0.0029155503
HI_5.txt,इटली में हुए G7 समिट में पश्चिमी देशों ने यूक्रेन को बड़ी मदद देने की घोषणा की है। यूरोपीय संघ यूक्रेन को 50 बिलियन अमरीकी डॉलर की सहायता राशि देगा। इससे रूस-यूक्रेन युद्ध एक बार फिर भड़क सकता है।,यूक्रेन,42,49,"['Innocent', 'Victim']",196,39,इटली में हुए G7 समिट में पश्चिमी देशों ने यूक्रेन को बड़ी मदद देने की घोषणा की है। यूरोपीय संघ यूक्रेन को 50 बिलियन अमरीकी डॉलर की सहायता राशि देगा।,0,148,True,Innocent,2,0.41985685,0.31062466,0.2695185,0.41985685,"['Innocent', 'Underdog', 'Victim']","['Underdog', 'Victim']",0.027241806,0.0179835,0.01412754,0.004639835,0.68839306,0.003798681,0.017791629,0.0016818182,0.0029862982,0.016549738,0.008325686,0.0030385947,0.0067895013,0.008369194,0.033060163,0.003703597,0.033460632,0.0029042095,0.15414101,0.09634173,0.5887764,0.011770674
HI_5.txt,"लगभग 2 सालों से चल रहे यूक्रेन-रूस युद्ध में पश्चिमी देशों ने एक बार फिर यूक्रेन को बड़ी मदद देने की घोषणा की है। अमेरिका के नेतृत्व में यूरोपीय यूनियन व्लादिमीर ज़ेलेंस्की को 50 बिलियन अमेरिकी डॉलर की मदद देगा। अधिकारियों के अनुसार, आने वाले दिनों में यूक्रेन मोर्चे पर तनाव और बढ़ जाने की आशंका है। इसकी वजह यह है कि फ्रांस और ब्रिटेन यूक्रेन को 300 किमी रेंज की स्टॉर्म शैडो मिसाइलों की आपूर्ति कर रहे हैं। वहीं अमेरिका क्रीमिया में रूसी मोर्चे को निशाना बनाने के लिए हाई मोबिलिटी आर्टिलरी रॉकेट सिस्टम (HIMARS) और आर्मी टैक्टिकल मिसाइल सिस्टम (ATACMS) की आपूर्ति कर रहा है।",अमेरिका,114,121,"['Protagonist', 'Guardian']",577,107,अमेरिका के नेतृत्व में यूरोपीय यूनियन व्लादिमीर ज़ेलेंस्की को 50 बिलियन अमेरिकी डॉलर की मदद देगा।,114,211,True,Protagonist,0,0.3990267,0.3990267,0.30348006,0.2974933,"['Protagonist', 'Guardian']",['Guardian'],0.9772867,0.00399592,0.032331984,0.018325517,0.005655005,0.36025184,0.010029102,0.00812142,0.004630272,0.01572008,0.0021541263,0.0022460853,0.005191089,0.0027868594,0.007939688,0.0068211984,0.008422048,0.00507598,0.0054543368,0.0046037254,0.008468155,0.002609229
HI_5.txt,"लगभग 2 सालों से चल रहे यूक्रेन-रूस युद्ध में पश्चिमी देशों ने एक बार फिर यूक्रेन को बड़ी मदद देने की घोषणा की है। अमेरिका के नेतृत्व में यूरोपीय यूनियन व्लादिमीर ज़ेलेंस्की को 50 बिलियन अमेरिकी डॉलर की मदद देगा। अधिकारियों के अनुसार, आने वाले दिनों में यूक्रेन मोर्चे पर तनाव और बढ़ जाने की आशंका है। इसकी वजह यह है कि फ्रांस और ब्रिटेन यूक्रेन को 300 किमी रेंज की स्टॉर्म शैडो मिसाइलों की आपूर्ति कर रहे हैं। वहीं अमेरिका क्रीमिया में रूसी मोर्चे को निशाना बनाने के लिए हाई मोबिलिटी आर्टिलरी रॉकेट सिस्टम (HIMARS) और आर्मी टैक्टिकल मिसाइल सिस्टम (ATACMS) की आपूर्ति कर रहा है।",फ्रांस,319,325,"['Protagonist', 'Guardian']",577,107,फ्रांस और ब्रिटेन यूक्रेन को 300 किमी रेंज की स्टॉर्म शैडो मिसाइलों की आपूर्ति कर रहे हैं।,319,409,True,Antagonist,1,0.42202526,0.30582508,0.42202526,0.27214965,"['Antagonist', 'Guardian']",['Guardian'],0.98514694,0.0024232862,0.013896941,0.020752514,0.0061864755,0.14610606,0.03117509,0.021145148,0.010567557,0.14061047,0.0042542396,0.005411369,0.023157142,0.013519697,0.02408421,0.014739593,0.030754834,0.010810659,0.0075846706,0.004149017,0.01314681,0.0047981143
HI_5.txt,"लगभग 2 सालों से चल रहे यूक्रेन-रूस युद्ध में पश्चिमी देशों ने एक बार फिर यूक्रेन को बड़ी मदद देने की घोषणा की है। अमेरिका के नेतृत्व में यूरोपीय यूनियन व्लादिमीर ज़ेलेंस्की को 50 बिलियन अमेरिकी डॉलर की मदद देगा। अधिकारियों के अनुसार, आने वाले दिनों में यूक्रेन मोर्चे पर तनाव और बढ़ जाने की आशंका है। इसकी वजह यह है कि फ्रांस और ब्रिटेन यूक्रेन को 300 किमी रेंज की स्टॉर्म शैडो मिसाइलों की आपूर्ति कर रहे हैं। वहीं अमेरिका क्रीमिया में रूसी मोर्चे को निशाना बनाने के लिए हाई मोबिलिटी आर्टिलरी रॉकेट सिस्टम (HIMARS) और आर्मी टैक्टिकल मिसाइल सिस्टम (ATACMS) की आपूर्ति कर रहा है।",ब्रिटेन,329,336,"['Protagonist', 'Guardian']",577,107,फ्रांस और ब्रिटेन यूक्रेन को 300 किमी रेंज की स्टॉर्म शैडो मिसाइलों की आपूर्ति कर रहे हैं।,319,409,True,Antagonist,1,0.42212236,0.30486453,0.42212236,0.27301311,"['Antagonist', 'Guardian']",['Guardian'],0.9819241,0.0019034576,0.013474155,0.01810889,0.004749733,0.17227241,0.02642331,0.020389939,0.010633346,0.1250109,0.003477006,0.0046899645,0.018734181,0.011297209,0.01635738,0.010866095,0.02694743,0.009339204,0.006937456,0.0035720346,0.012174046,0.003969109
HI_5.txt,"लगभग 2 सालों से चल रहे यूक्रेन-रूस युद्ध में पश्चिमी देशों ने एक बार फिर यूक्रेन को बड़ी मदद देने की घोषणा की है। अमेरिका के नेतृत्व में यूरोपीय यूनियन व्लादिमीर ज़ेलेंस्की को 50 बिलियन अमेरिकी डॉलर की मदद देगा। अधिकारियों के अनुसार, आने वाले दिनों में यूक्रेन मोर्चे पर तनाव और बढ़ जाने की आशंका है। इसकी वजह यह है कि फ्रांस और ब्रिटेन यूक्रेन को 300 किमी रेंज की स्टॉर्म शैडो मिसाइलों की आपूर्ति कर रहे हैं। वहीं अमेरिका क्रीमिया में रूसी मोर्चे को निशाना बनाने के लिए हाई मोबिलिटी आर्टिलरी रॉकेट सिस्टम (HIMARS) और आर्मी टैक्टिकल मिसाइल सिस्टम (ATACMS) की आपूर्ति कर रहा है।",यूक्रेन,337,344,"['Innocent', 'Forgotten']",577,107,लगभग 2 सालों से चल रहे यूक्रेन-रूस युद्ध में पश्चिमी देशों ने एक बार फिर यूक्रेन को बड़ी मदद देने की घोषणा की है।,0,113,True,Protagonist,0,0.3936756,0.3936756,0.32517388,0.28115055,"['Protagonist', 'Underdog']",['Underdog'],0.08221028,0.009830914,0.017380362,0.018439787,0.9641075,0.005745319,0.031285588,0.0029116147,0.0043797675,0.040615402,0.01638216,0.004037828,0.01733213,0.023786975,0.070561066,0.0077709337,0.05525342,0.002609861,0.05100031,0.015554568,0.06867836,0.005346039
HI_5.txt,इस सप्ताह अपुलिया में G7 समिट में यूक्रेन के राष्ट्रपति व्लादिमीर ज़ेलेंस्की ने एक बार पश्चिमी शक्तियों को अपने पक्ष में करने में कामयाबी हासिल की। यूरोपीय संघ के 50 बिलियन अमरीकी डॉलर की सहायता राशि के अलावा यूक्रेन को अमेरिकी कांग्रेस द्वारा स्वीकृत 225 मिलियन अमरीकी डॉलर के सैन्य हार्डवेयर की मदद भी मिलेगी।,व्लादिमीर ज़ेलेंस्की,56,76,"['Protagonist', 'Virtuous']",311,55,इस सप्ताह अपुलिया में G7 समिट में यूक्रेन के राष्ट्रपति व्लादिमीर ज़ेलेंस्की ने एक बार पश्चिमी शक्तियों को अपने पक्ष में करने में कामयाबी हासिल की।,0,147,True,Protagonist,0,0.39916557,0.39916557,0.3009627,0.29987174,"['Protagonist', 'Guardian', 'Underdog']","['Guardian', 'Underdog']",0.58673286,0.009504113,0.0059999917,0.21564735,0.7063126,0.017146146,0.009580429,0.0026404609,0.0034413438,0.007974105,0.011845449,0.0037119829,0.0038606965,0.0035023268,0.007658348,0.0075759897,0.0047866777,0.0018641115,0.004718123,0.0018101721,0.004257675,0.0017132163
HI_5.txt,"G7 के माध्यम से यह संदेश देने की कोशिश की गई कि रूस के खिलाफ लड़ाई में अमेरिका के नेतृत्व में यूरोपीय संघ ज़ेलेंस्की के साथ खड़ा है। यह देश यूक्रेन को स्टैंड-ऑफ लॉन्ग रेंज क्रूज मिसाइलों और एयर लॉन्च व्हीकल के माध्यम से रूसी क्षेत्र में आक्रामक कदम उठाने में मदद करने कर रहे हैं। यूके-फ्रांस द्वारा विकसित स्टॉर्म शैडो या SCALP मिसाइल एक हवाई लॉन्च हथियार है जो 300 से 500 किमी की दूरी पर लक्ष्य को हिट करने के लिए सटीक मार्गदर्शन देता है, जबकि HIMARS का प्रयोग रूसी एंटी एयरक्राफ्ट डिफेंस को खत्म करने के लिए किया जा सकता है।",अमेरिका,71,78,"['Protagonist', 'Guardian']",526,104,G7 के माध्यम से यह संदेश देने की कोशिश की गई कि रूस के खिलाफ लड़ाई में अमेरिका के नेतृत्व में यूरोपीय संघ ज़ेलेंस्की के साथ खड़ा है।,0,132,True,Protagonist,0,0.39906397,0.39906397,0.3028786,0.2980574,"['Protagonist', 'Foreign Adversary']",['Foreign Adversary'],0.044304594,0.0015584218,0.016190806,0.080438375,0.005597399,0.05488086,0.10037052,0.017910365,0.014238465,0.9804514,0.002918542,0.0017985,0.0063570254,0.002513341,0.013448554,0.002874665,0.01113163,0.004032842,0.007962281,0.0037381237,0.0046338025,0.010203751
HI_5.txt,"G7 के माध्यम से यह संदेश देने की कोशिश की गई कि रूस के खिलाफ लड़ाई में अमेरिका के नेतृत्व में यूरोपीय संघ ज़ेलेंस्की के साथ खड़ा है। यह देश यूक्रेन को स्टैंड-ऑफ लॉन्ग रेंज क्रूज मिसाइलों और एयर लॉन्च व्हीकल के माध्यम से रूसी क्षेत्र में आक्रामक कदम उठाने में मदद करने कर रहे हैं। यूके-फ्रांस द्वारा विकसित स्टॉर्म शैडो या SCALP मिसाइल एक हवाई लॉन्च हथियार है जो 300 से 500 किमी की दूरी पर लक्ष्य को हिट करने के लिए सटीक मार्गदर्शन देता है, जबकि HIMARS का प्रयोग रूसी एंटी एयरक्राफ्ट डिफेंस को खत्म करने के लिए किया जा सकता है।",ज़ेलेंस्की,106,116,"['Innocent', 'Forgotten']",526,104,G7 के माध्यम से यह संदेश देने की कोशिश की गई कि रूस के खिलाफ लड़ाई में अमेरिका के नेतृत्व में यूरोपीय संघ ज़ेलेंस्की के साथ खड़ा है।,0,132,True,Protagonist,0,0.39916593,0.39916593,0.3007544,0.30007958,"['Protagonist', 'Guardian', 'Rebel', 'Underdog']","['Guardian', 'Rebel', 'Underdog']",0.6153679,0.004123708,0.003973904,0.43736312,0.45972663,0.01015151,0.02651498,0.0033769864,0.005699,0.009877948,0.008297996,0.002281331,0.004491526,0.00394447,0.0045995084,0.010480181,0.005627185,0.001826928,0.0027598552,0.0013353819,0.0037321793,0.0015004692
HI_5.txt,रूसी राष्ट्रपति पुतिन ने यूक्रेन को पश्चिमी देशों की मदद का विरोध करते हुए कहा कि वे अमेरिकी नेतृत्व वाले गठबंधन का विरोध करने वाले देशों और दूसरे गुटों को हथियार देंगे। फिलहाल वैश्विक स्थिति अस्थिर दिख रही है। गाजा पर इजरायल का युद्ध अभी भी जारी है। पुतिन ने रूसी संप्रभुता के खतरे में आने पर परमाणु हथियारों के इस्तेमाल से भी इनकार नहीं किया है।,पुतिन,16,21,"['Protagonist', 'Guardian']",347,67,रूसी राष्ट्रपति पुतिन ने यूक्रेन को पश्चिमी देशों की मदद का विरोध करते हुए कहा कि वे अमेरिकी नेतृत्व वाले गठबंधन का विरोध करने वाले देशों और दूसरे गुटों को हथियार देंगे।,0,169,True,Protagonist,0,0.39912918,0.39912918,0.30177692,0.29909396,"['Protagonist', 'Rebel']",['Rebel'],0.49873024,0.0025786809,0.0025910519,0.85264856,0.012029897,0.009051594,0.072283104,0.0038847995,0.07513429,0.018559627,0.0035493406,0.0017267549,0.0018489303,0.0056121754,0.007481576,0.010579988,0.0050969976,0.004184928,0.0022962475,0.0025565566,0.011333682,0.0018075986
HI_5.txt,"प्रधानमंत्री नरेंद्र मोदी ने भी समित के दौरान राष्ट्रपति ज़ेलेंस्की के साथ एक बैठक की, जिसमें उन्होंने यूक्रेन युद्ध और रूसी आक्रामकता के बारे में बातचीत की।",प्रधानमंत्री,0,12,"['Protagonist', 'Peacemaker']",157,27,"प्रधानमंत्री नरेंद्र मोदी ने भी समित के दौरान राष्ट्रपति ज़ेलेंस्की के साथ एक बैठक की, जिसमें उन्होंने यूक्रेन युद्ध और रूसी आक्रामकता के बारे में बातचीत की।",0,157,True,Protagonist,0,0.39919916,0.39919916,0.29920194,0.30159894,"['Protagonist', 'Guardian', 'Peacemaker', 'Virtuous']","['Guardian', 'Peacemaker', 'Virtuous']",0.53844565,0.001971419,0.48875093,0.009140257,0.0037947588,0.39874107,0.0036551685,0.009839658,0.0036094803,0.0040747058,0.005220462,0.0008656287,0.0040910877,0.0015329346,0.009700988,0.0014113407,0.0068466174,0.0056992024,0.0020991175,0.002123446,0.0029285706,0.0022885522
HI_10.txt,"विदेश मंत्रालय (एमईए) ने शुक्रवार को उन मीडिया रिपोर्टों पर स्पष्टीकरण दिया, जिनमें दावा किया गया है कि प्रधानमंत्री नरेंद्र मोदी अगस्त के अंत तक यूक्रेन का दौरा कर सकते हैं। जुलाई में पीएम मोदी की रूस यात्रा के बाद कई पश्चिमी देशों ने आपत्ति जताई थी। यूक्रेन के राष्ट्रपति वोलोदिमिर जेलेंस्की ने कहा था कि प्रधानमंत्री मोदी का पुतिन से गले मिलना न केवल एक बड़ी निराशा थी, बल्कि ""शांति प्रयासों के लिए एक विनाशकारी झटका"" भी था।",वोलोदिमिर जेलेंस्की,274,293,"['Innocent', 'Forgotten']",427,79,"""यूक्रेन के राष्ट्रपति वोलोदिमिर जेलेंस्की ने कहा था कि प्रधानमंत्री मोदी का पुतिन से गले मिलना न केवल एक बड़ी निराशा थी, बल्कि ""शांति प्रयासों के लिए एक विनाशकारी झटका"" भी था।""",-1,-1,True,Protagonist,0,0.39918873,0.39918873,0.29784968,0.30296156,"['Protagonist', 'Guardian']",['Guardian'],0.8905963,0.0020983065,0.026125252,0.030041967,0.36496386,0.094378255,0.0034965202,0.0039520403,0.0020882743,0.031894654,0.0021376212,0.0023764013,0.0044915155,0.0028776967,0.0020531896,0.0024495162,0.009642436,0.002375835,0.008065329,0.0019324134,0.023816751,0.0017060189
HI_10.txt,"विदेश मंत्रालय (एमईए) ने शुक्रवार को उन मीडिया रिपोर्टों पर स्पष्टीकरण दिया, जिनमें दावा किया गया है कि प्रधानमंत्री नरेंद्र मोदी अगस्त के अंत तक यूक्रेन का दौरा कर सकते हैं। जुलाई में पीएम मोदी की रूस यात्रा के बाद कई पश्चिमी देशों ने आपत्ति जताई थी। यूक्रेन के राष्ट्रपति वोलोदिमिर जेलेंस्की ने कहा था कि प्रधानमंत्री मोदी का पुतिन से गले मिलना न केवल एक बड़ी निराशा थी, बल्कि ""शांति प्रयासों के लिए एक विनाशकारी झटका"" भी था।",मोदी,320,324,"['Antagonist', 'Deceiver']",427,79,"""यूक्रेन के राष्ट्रपति वोलोदिमिर जेलेंस्की ने कहा था कि प्रधानमंत्री मोदी का पुतिन से गले मिलना न केवल एक बड़ी निराशा थी, बल्कि ""शांति प्रयासों के लिए एक विनाशकारी झटका"" भी था।""",-1,-1,True,Antagonist,1,0.41992596,0.31417096,0.41992596,0.26590306,"['Antagonist', 'Guardian']",['Guardian'],0.7347889,0.009047501,0.009131076,0.031187054,0.005525949,0.43415576,0.003739337,0.0023084283,0.0057699378,0.014173093,0.0062691383,0.010426572,0.002953687,0.0039362055,0.011856092,0.004743243,0.0042729448,0.009570051,0.019845549,0.0227581,0.015147372,0.0038758696
HI_10.txt,"विदेश मंत्रालय (एमईए) ने शुक्रवार को उन मीडिया रिपोर्टों पर स्पष्टीकरण दिया, जिनमें दावा किया गया है कि प्रधानमंत्री नरेंद्र मोदी अगस्त के अंत तक यूक्रेन का दौरा कर सकते हैं। जुलाई में पीएम मोदी की रूस यात्रा के बाद कई पश्चिमी देशों ने आपत्ति जताई थी। यूक्रेन के राष्ट्रपति वोलोदिमिर जेलेंस्की ने कहा था कि प्रधानमंत्री मोदी का पुतिन से गले मिलना न केवल एक बड़ी निराशा थी, बल्कि ""शांति प्रयासों के लिए एक विनाशकारी झटका"" भी था।",पुतिन,328,333,"['Antagonist', 'Foreign Adversary']",427,79,"""यूक्रेन के राष्ट्रपति वोलोदिमिर जेलेंस्की ने कहा था कि प्रधानमंत्री मोदी का पुतिन से गले मिलना न केवल एक बड़ी निराशा थी, बल्कि ""शांति प्रयासों के लिए एक विनाशकारी झटका"" भी था।""",-1,-1,True,Antagonist,1,0.42219132,0.30383497,0.42219132,0.2739737,"['Antagonist', 'Guardian']",['Guardian'],0.90631247,0.002013677,0.0030418264,0.08195925,0.0038046786,0.19861111,0.012625216,0.0069828443,0.01451878,0.034971245,0.004612505,0.0097840605,0.007974347,0.007219881,0.011913254,0.00975863,0.011968246,0.008586029,0.0108667305,0.0057876804,0.0060540545,0.003912695
HI_10.txt,"आधिकारिक सूत्रों का हवाला देते हुए मीडिया रिपोर्टों में कहा गया है कि प्रधानमंत्री पोलैंड के रास्ते यूक्रेन की राजधानी कीव जा सकते हैं। चीन के अलावा, भारत एकमात्र ऐसा प्रमुख देश है जिसने यूक्रेन के खिलाफ रूस की आक्रामकता की स्पष्ट रूप से निंदा नहीं की है। हालांकि युद्ध पर भारत की स्थिति को कई पश्चिमी देशों ने रूस समर्थक के तौर पर देखा है, लेकिन भारत ने फरवरी 2022 में आक्रमण की शुरुआत से ही यह सुनिश्चित किया है कि वह संघर्ष को हल करने में बातचीत और कूटनीति के महत्व पर जोर दे। इसके लिए पीएम मोदी समय-समय पर रूस-यूक्रेन के राष्ट्रपतियों से फोन पर बात करते रहे हैं।",भारत,273,277,"['Antagonist', 'Traitor']",566,112,"""चीन के अलावा, भारत एकमात्र ऐसा प्रमुख देश है जिसने यूक्रेन के खिलाफ रूस की आक्रामकता की स्पष्ट रूप से निंदा नहीं की है।""",-1,-1,True,Protagonist,0,0.39904177,0.39904177,0.29464126,0.30631703,"['Protagonist', 'Virtuous']",['Virtuous'],0.10115848,0.010410309,0.051695265,0.246984,0.009222724,0.9215251,0.008821468,0.005547965,0.005171723,0.006323853,0.01846927,0.0030178186,0.0027200666,0.010668664,0.004995826,0.0016766861,0.017329222,0.02700813,0.024972199,0.014254075,0.009071474,0.0101039605
HI_10.txt,"आधिकारिक सूत्रों का हवाला देते हुए मीडिया रिपोर्टों में कहा गया है कि प्रधानमंत्री पोलैंड के रास्ते यूक्रेन की राजधानी कीव जा सकते हैं। चीन के अलावा, भारत एकमात्र ऐसा प्रमुख देश है जिसने यूक्रेन के खिलाफ रूस की आक्रामकता की स्पष्ट रूप से निंदा नहीं की है। हालांकि युद्ध पर भारत की स्थिति को कई पश्चिमी देशों ने रूस समर्थक के तौर पर देखा है, लेकिन भारत ने फरवरी 2022 में आक्रमण की शुरुआत से ही यह सुनिश्चित किया है कि वह संघर्ष को हल करने में बातचीत और कूटनीति के महत्व पर जोर दे। इसके लिए पीएम मोदी समय-समय पर रूस-यूक्रेन के राष्ट्रपतियों से फोन पर बात करते रहे हैं।",भारत,347,351,"['Protagonist', 'Peacemaker']",566,112,"""भारत ने फरवरी 2022 में आक्रमण की शुरुआत से ही यह सुनिश्चित किया है कि वह संघर्ष को हल करने में बातचीत और कूटनीति के महत्व पर जोर दे।""",-1,-1,True,Protagonist,0,0.39920324,0.39920324,0.29902554,0.30177116,"['Protagonist', 'Peacemaker']",['Peacemaker'],0.095190525,0.0035892394,0.9589847,0.006044559,0.00665791,0.3121337,0.01080041,0.01787246,0.004743268,0.010693807,0.0077147475,0.00083666574,0.007407862,0.0018304703,0.007615107,0.0025337718,0.015034273,0.0072589386,0.0036427353,0.0027042273,0.005558759,0.0045859986
HI_154.txt,"नब्बे के दशक से पहले यूक्रेन सोवियत संघ (अब रूस) का हिस्सा हुआ करता था. साल 1991 में भाषा और दूसरी वजहों से यूक्रेन टूटकर आजाद देश बन गया. इसके बाद भी लंबे समय तक ये अप्रत्यक्ष ढंग से रूसी दखल झेलता रहा. रूस अलग होकर भी मजबूत था, लेकिन यूक्रेन में गरीबी और महंगाई लगातार बढ़ने लगी. इसी बात पर यूक्रेन में रूसियों के खिलाफ गुस्सा बढ़ा. धीरे-धीरे वो कंफर्ट जोन से बाहर आकर दूसरे देशों से घुलने-मिलने लगा. यहां तक कि सैन्य मामलों में भी वो आजाद होने लगा. रूस इस बात पर परेशान तो हुआ लेकिन दोनों देशों का तनाव खुलकर तब आया, जब यूक्रेन ने खुद को नाटो में शामिल करने की अपील की.",यूक्रेन,108,115,"['Innocent', 'Victim']",572,118,"""रूस इस बात पर परेशान तो हुआ लेकिन दोनों देशों का तनाव खुलकर तब आया, जब यूक्रेन ने खुद को नाटो में शामिल करने की अपील की।""",-1,-1,True,Innocent,2,0.42038745,0.30679992,0.27281263,0.42038745,"['Innocent', 'Victim']",['Victim'],0.0057236375,0.06577201,0.005308283,0.0028241768,0.021600615,0.0047973655,0.013675372,0.0020068123,0.018623995,0.0054763444,0.0057154973,0.002845789,0.0033377442,0.008889254,0.01430354,0.0057088486,0.0029285303,0.010082179,0.07700961,0.5400168,0.79928696,0.014478267
HI_154.txt,"नब्बे के दशक से पहले यूक्रेन सोवियत संघ (अब रूस) का हिस्सा हुआ करता था. साल 1991 में भाषा और दूसरी वजहों से यूक्रेन टूटकर आजाद देश बन गया. इसके बाद भी लंबे समय तक ये अप्रत्यक्ष ढंग से रूसी दखल झेलता रहा. रूस अलग होकर भी मजबूत था, लेकिन यूक्रेन में गरीबी और महंगाई लगातार बढ़ने लगी. इसी बात पर यूक्रेन में रूसियों के खिलाफ गुस्सा बढ़ा. धीरे-धीरे वो कंफर्ट जोन से बाहर आकर दूसरे देशों से घुलने-मिलने लगा. यहां तक कि सैन्य मामलों में भी वो आजाद होने लगा. रूस इस बात पर परेशान तो हुआ लेकिन दोनों देशों का तनाव खुलकर तब आया, जब यूक्रेन ने खुद को नाटो में शामिल करने की अपील की.",रूस,204,207,"['Antagonist', 'Instigator']",572,118,"""रूस इस बात पर परेशान तो हुआ लेकिन दोनों देशों का तनाव खुलकर तब आया, जब यूक्रेन ने खुद को नाटो में शामिल करने की अपील की।""",-1,-1,True,Protagonist,0,0.3991887,0.3991887,0.2983293,0.30248204,"['Protagonist', 'Tyrant']",['Tyrant'],0.024842478,0.0016725392,0.016516283,0.30857217,0.008329703,0.030798707,0.0380175,0.015879693,0.8875064,0.04834774,0.003480403,0.00058548304,0.0021316449,0.015326534,0.006091849,0.0025083607,0.011212093,0.011272343,0.0044514807,0.005119156,0.027569925,0.0024695564
HI_154.txt,"नब्बे के दशक से पहले यूक्रेन सोवियत संघ (अब रूस) का हिस्सा हुआ करता था. साल 1991 में भाषा और दूसरी वजहों से यूक्रेन टूटकर आजाद देश बन गया. इसके बाद भी लंबे समय तक ये अप्रत्यक्ष ढंग से रूसी दखल झेलता रहा. रूस अलग होकर भी मजबूत था, लेकिन यूक्रेन में गरीबी और महंगाई लगातार बढ़ने लगी. इसी बात पर यूक्रेन में रूसियों के खिलाफ गुस्सा बढ़ा. धीरे-धीरे वो कंफर्ट जोन से बाहर आकर दूसरे देशों से घुलने-मिलने लगा. यहां तक कि सैन्य मामलों में भी वो आजाद होने लगा. रूस इस बात पर परेशान तो हुआ लेकिन दोनों देशों का तनाव खुलकर तब आया, जब यूक्रेन ने खुद को नाटो में शामिल करने की अपील की.",रूसियों,305,312,"['Antagonist', 'Foreign Adversary']",572,118,"""इसी बात पर यूक्रेन में रूसियों के खिलाफ गुस्सा बढ़ा।""",-1,-1,True,Antagonist,1,0.41985083,0.29537055,0.41985083,0.28477857,"['Antagonist', 'Exploited', 'Victim']","['Exploited', 'Victim']",0.016977439,0.07226945,0.0021723413,0.016650371,0.06250525,0.003487046,0.016071402,0.0014194815,0.062061634,0.035665054,0.0033281723,0.024311626,0.0026479377,0.019571962,0.011276085,0.020283567,0.0033956054,0.009155008,0.12896925,0.32562673,0.4458729,0.009695218
HI_154.txt,"नाटो यानी नॉर्थ अटलाटिंक ट्रीटी ऑर्गनाइजेशन वो संगठन है, जिसमें रूस का कट्टर दुश्मन अमेरिका भी शामिल है. ये संगठन युद्ध जैसे हालातों में एक-दूसरे की मदद करते हैं. ऐसे में यूक्रेन अगर नाटो से जुड़ जाए तो बड़े-बड़े देश रूस के खिलाफ उसका साथ देंगे. इसी बात ने रूस की सरकार को गुस्सा दिला दिया. उसने साल 2021 के आखिर में ही यूक्रेन की सीमाओं पर सैनिक तैनात करने शुरू कर दिए और 24 फरवरी 2022 को यूक्रेन पर हमला ही कर दिया. तब से युद्ध चल रहा है.",अमेरिका,84,91,"['Antagonist', 'Foreign Adversary']",440,90,"""नाटो यानी नॉर्थ अटलाटिंक ट्रीटी ऑर्गनाइजेशन वो संगठन है, जिसमें रूस का कट्टर दुश्मन अमेरिका भी शामिल है।""",-1,-1,True,Antagonist,1,0.42222247,0.3026362,0.42222247,0.27514127,"['Antagonist', 'Foreign Adversary']",['Foreign Adversary'],0.015033313,0.0028954782,0.0028465604,0.022576077,0.0037125985,0.011543825,0.18622792,0.014363787,0.0403423,0.9764287,0.003374814,0.014258398,0.008848153,0.0032655662,0.007982113,0.04340426,0.008486499,0.008500224,0.018712755,0.012369784,0.012217693,0.03606146
HI_154.txt,"नाटो यानी नॉर्थ अटलाटिंक ट्रीटी ऑर्गनाइजेशन वो संगठन है, जिसमें रूस का कट्टर दुश्मन अमेरिका भी शामिल है. ये संगठन युद्ध जैसे हालातों में एक-दूसरे की मदद करते हैं. ऐसे में यूक्रेन अगर नाटो से जुड़ जाए तो बड़े-बड़े देश रूस के खिलाफ उसका साथ देंगे. इसी बात ने रूस की सरकार को गुस्सा दिला दिया. उसने साल 2021 के आखिर में ही यूक्रेन की सीमाओं पर सैनिक तैनात करने शुरू कर दिए और 24 फरवरी 2022 को यूक्रेन पर हमला ही कर दिया. तब से युद्ध चल रहा है.",नाटो,183,187,"['Antagonist', 'Foreign Adversary']",440,90,"""नाटो यानी नॉर्थ अटलाटिंक ट्रीटी ऑर्गनाइजेशन वो संगठन है, जिसमें रूस का कट्टर दुश्मन अमेरिका भी शामिल है।""",-1,-1,True,Antagonist,1,0.42221797,0.3024689,0.42221797,0.27531308,"['Antagonist', 'Foreign Adversary']",['Foreign Adversary'],0.043598052,0.0014744203,0.009265391,0.0062502893,0.0022239126,0.040516116,0.10835539,0.13828501,0.012304054,0.91901124,0.0061555062,0.007914429,0.13997884,0.0055719065,0.0045869914,0.008595349,0.02941929,0.009326652,0.0075313994,0.0055137277,0.004845653,0.013156092
HI_154.txt,"नाटो यानी नॉर्थ अटलाटिंक ट्रीटी ऑर्गनाइजेशन वो संगठन है, जिसमें रूस का कट्टर दुश्मन अमेरिका भी शामिल है. ये संगठन युद्ध जैसे हालातों में एक-दूसरे की मदद करते हैं. ऐसे में यूक्रेन अगर नाटो से जुड़ जाए तो बड़े-बड़े देश रूस के खिलाफ उसका साथ देंगे. इसी बात ने रूस की सरकार को गुस्सा दिला दिया. उसने साल 2021 के आखिर में ही यूक्रेन की सीमाओं पर सैनिक तैनात करने शुरू कर दिए और 24 फरवरी 2022 को यूक्रेन पर हमला ही कर दिया. तब से युद्ध चल रहा है.",यूक्रेन,320,327,"['Innocent', 'Victim']",440,90,"""उसने साल 2021 के आखिर में ही यूक्रेन की सीमाओं पर सैनिक तैनात करने शुरू कर दिए और 24 फरवरी 2022 को यूक्रेन पर हमला ही कर दिया।""",-1,-1,True,Innocent,2,0.4204618,0.30540997,0.2741282,0.4204618,"['Innocent', 'Victim']",['Victim'],0.012379242,0.0051739295,0.007106542,0.013652006,0.07285309,0.0048147286,0.045251887,0.004800319,0.016733127,0.04647586,0.0024795756,0.0019295445,0.006107303,0.013794948,0.011209551,0.0073638735,0.01602083,0.0035697236,0.09202664,0.10036556,0.99528617,0.010790209
HI_154.txt,"एक कंप्यूटर सिस्टम है, जो भौगोलिक आधार पर अलग-अलग तरह की जानकारियां जमा करता है. जियोग्राफिकल इंफॉर्मेशन सिस्टम (जीआईएस) की कई रिपोर्ट्स यही इशारा कर रही हैं. रक्षा विशेषज्ञ और जर्मनी के फेडरल इंटेलिजेंस सर्विस के पूर्व वाइस प्रेसिडेंट रूडोल्फ जी एडम ने जीआईएस के डेटा को देखते हुए इसी तरह का दावा किया. इसके मुताबिक तीन धड़े एक-दूसरे को शक और चुनौती की नजर से देखेंगे और यही बात आगे चलकर लड़ाई बढ़ाएगी.",रूडोल्फ जी एडम,236,250,"['Protagonist', 'Guardian']",403,74,"""रक्षा विशेषज्ञ और जर्मनी के फेडरल इंटेलिजेंस सर्विस के पूर्व वाइस प्रेसिडेंट रूडोल्फ जी एडम ने जीआईएस के डेटा को देखते हुए इसी तरह का दावा किया।""",-1,-1,True,Protagonist,0,0.39919695,0.39919695,0.2993539,0.3014491,"['Protagonist', 'Virtuous']",['Virtuous'],0.35964662,0.004376168,0.030725693,0.020820685,0.004816063,0.9636067,0.0058868756,0.020186277,0.0061737094,0.0065825083,0.006054531,0.0021666144,0.005948077,0.0039663613,0.0035385184,0.0031941542,0.010114654,0.009265675,0.0044438946,0.0034404148,0.0041582356,0.0052943886
HI_154.txt,"शुरू करते हैं रूस के दोस्त ईरान से. दोनों ही पर अमेरिकी पाबंदी है, इस वजह से दोनों आपस में दोस्त बन गए और फिलहाल यूक्रेन से लड़ाई में भी ईरान अपने एक ताजा दोस्त की हथियारों और ड्रोन्स से मदद कर रहा है. ये दोनों देश ताकतवर भी हैं और आक्रामक भी. ऐसे में इनका साथ होना बड़ा खतरा हो सकता है. भारत जिस तरह से लगातार इकनॉमी में आगे आ रहा है, सबकी उम्मीदें इस तरफ हैं. ऐसे में वो कमजोर देशों के लीडर की तरह उभरकर तीसरे खेमे का नेतृत्व भी कर सकता है. बहुत मुमकिन ये भी है कि भारत शांति की अपील करे, जो सुनी भी जाए.",भारत,288,292,"['Protagonist', 'Guardian']",506,112,"""ऐसे में वो कमजोर देशों के लीडर की तरह उभरकर तीसरे खेमे का नेतृत्व भी कर सकता है।""",-1,-1,True,Protagonist,0,0.39919975,0.39919975,0.29893494,0.30186528,"['Protagonist', 'Peacemaker']",['Peacemaker'],0.15389165,0.004738435,0.862317,0.0066422676,0.0053187166,0.4415611,0.010381958,0.009015681,0.0041381456,0.0061872383,0.00527536,0.00080558757,0.0044075577,0.0013506146,0.004156291,0.0025763258,0.008164369,0.0056410767,0.0026411954,0.0021112524,0.005506558,0.0037579334
HI_28.txt,russia and west prisoners swap: अमेरिका-रूस कैदियों की अदला-बदली ये बताती है कि पत्रकारों कै भू-राजनीतिक सौदेबाजी में इस्तेमाल का जोखिम बढ़ गया है.,अमेरिका-,32,40,"['Antagonist', 'Foreign Adversary']",147,24,"""अमेरिका-रूस कैदियों की अदला-बदली ये बताती है कि पत्रकारों कै भू-राजनीतिक सौदेबाजी में इस्तेमाल का जोखिम बढ़ गया है।""",-1,-1,True,Protagonist,0,0.39918175,0.39918175,0.30039477,0.30042344,"['Protagonist', 'Foreign Adversary']",['Foreign Adversary'],0.029203765,0.0013028292,0.08883662,0.044205014,0.011589166,0.12700033,0.01996484,0.04062055,0.008457463,0.93975514,0.005346379,0.0020564154,0.026377264,0.009581529,0.008972496,0.0015855787,0.016038911,0.0053863223,0.03799022,0.01626087,0.012496458,0.00974292
HI_28.txt,russia and west prisoners swap: अमेरिका-रूस कैदियों की अदला-बदली ये बताती है कि पत्रकारों कै भू-राजनीतिक सौदेबाजी में इस्तेमाल का जोखिम बढ़ गया है.,रूस,40,43,"['Antagonist', 'Foreign Adversary']",147,24,"""अमेरिका-रूस कैदियों की अदला-बदली ये बताती है कि पत्रकारों कै भू-राजनीतिक सौदेबाजी में इस्तेमाल का जोखिम बढ़ गया है।""",-1,-1,True,Protagonist,0,0.39916375,0.39916375,0.30095765,0.2998786,"['Protagonist', 'Corrupt']",['Corrupt'],0.009734909,0.0019144306,0.0030414637,0.12534611,0.015801875,0.024421478,0.0070064687,0.0077862553,0.10005338,0.19398849,0.0041870945,0.0028561808,0.0049568047,0.25626782,0.0047319476,0.0013167107,0.009701461,0.005940512,0.0790753,0.074184805,0.11248654,0.008200803
HI_28.txt,russia and west prisoners swap: अमेरिका-रूस कैदियों की अदला-बदली ये बताती है कि पत्रकारों कै भू-राजनीतिक सौदेबाजी में इस्तेमाल का जोखिम बढ़ गया है.,पत्रकारों,80,89,"['Innocent', 'Exploited']",147,24,पत्रकारों को भू-राजनीतिक सौदेबाजी में इस्तेमाल का जोखिम बढ़ गया है.,-1,-1,True,Innocent,2,0.4203441,0.30689538,0.27276057,0.4203441,"['Innocent', 'Exploited']",['Exploited'],0.016220106,0.020174734,0.0017637266,0.0074433926,0.0025850479,0.008360805,0.0073343576,0.0037605409,0.0041351006,0.013252621,0.00907755,0.019435218,0.007171974,0.2663511,0.014933816,0.0058008847,0.004161171,0.016783359,0.1964144,0.83792114,0.124717996,0.0702513
HI_28.txt,"कुल मिलाकर, सात अलग-अलग देशों के 26 लोगों को एक बेहद जटिल समझौते के तहत रिहा किया गया, जिस पर बातचीत करने में कई साल लग गए. उनमें रूस में कैद 16 लोग शामिल थे: तीन अमेरिकी, कई रूसी राजनीतिक कैदी, और एक 19 वर्षीय रूसी-जर्मन नागरिक जो रूसी सैन्य अड्डे की तस्वीरें लेने के कारण जेल में बंद था. बदले में, आठ रूसियों को भी रिहा कर दिया गया-उनमें से सबसे कुख्यात वादिम क्रासिकोव, संघीय सुरक्षा सेवा में एक कर्नल था, जिसे 2019 में बर्लिन में एक पूर्व चेचन विद्रोही की हत्या करने पर जर्मनी में जेल में डाल दिया गया था.",वादिम क्रासिकोव,356,371,"['Antagonist', 'Terrorist']",509,103,"वादिम क्रासिकोव, संघीय सुरक्षा सेवा में एक कर्नल था, जिसे 2019 में बर्लिन में एक पूर्व चेचन विद्रोही की हत्या करने पर जर्मनी में जेल में डाल दिया गया था.",356,509,True,Antagonist,1,0.4095089,0.28296828,0.4095089,0.3075228,"['Antagonist', 'Terrorist']",['Terrorist'],0.02141804,0.02408421,0.0031433618,0.03408172,0.006349942,0.013630911,0.014006003,0.03335316,0.010220809,0.035067737,0.00755722,0.25443718,0.0123543795,0.008993236,0.008868072,0.9218504,0.0069727604,0.008482139,0.008991881,0.011616229,0.006983367,0.071565956
HI_28.txt,अन्यायपूर्ण तरीके से कैद किए गए लोगों के लिए स्वतंत्रता निर्विवाद रूप से अद्भुत खबर है. भले ही इसमें बहुत देर हो चुकी हो. बाइडेन प्रशासन सौदे पर बातचीत के दौरान की गई मेहनत के लिए श्रेय का हकदार है. लेकिन यह मामला एक अंतरराष्ट्रीय मिसाल भी कायम कर सकता है कि पत्रकारों को भू-राजनीतिक सौदेबाजी के साधन के रूप में इस्तेमाल किया जा सकता है.,बाइडेन,122,128,"['Protagonist', 'Guardian']",337,66,बाइडेन प्रशासन सौदे पर बातचीत के दौरान की मेहनत के लिए श्रेय का हकदार है.,-1,-1,True,Protagonist,0,0.3991857,0.3991857,0.29947954,0.30133477,"['Protagonist', 'Virtuous', 'Corrupt', 'Exploited']","['Virtuous', 'Corrupt', 'Exploited']",0.08181124,0.020213386,0.0049193604,0.08099405,0.010777788,0.28913477,0.009787421,0.007603062,0.0029640645,0.02537686,0.031763278,0.015972966,0.008214936,0.31309664,0.07130023,0.0042941733,0.0042855907,0.011459183,0.15921575,0.3429219,0.013534745,0.013450926
HI_28.txt,अन्यायपूर्ण तरीके से कैद किए गए लोगों के लिए स्वतंत्रता निर्विवाद रूप से अद्भुत खबर है. भले ही इसमें बहुत देर हो चुकी हो. बाइडेन प्रशासन सौदे पर बातचीत के दौरान की गई मेहनत के लिए श्रेय का हकदार है. लेकिन यह मामला एक अंतरराष्ट्रीय मिसाल भी कायम कर सकता है कि पत्रकारों को भू-राजनीतिक सौदेबाजी के साधन के रूप में इस्तेमाल किया जा सकता है.,पत्रकारों,259,268,"['Innocent', 'Exploited']",337,66,पत्रकारों को भू-राजनीतिक सौदेबाजी के साधन के रूप में इस्तेमाल किया जा सकता है.,259,337,True,Innocent,2,0.4056966,0.28646293,0.3078404,0.4056966,"['Innocent', 'Exploited']",['Exploited'],0.011108318,0.028863603,0.0015016942,0.0059258197,0.0021958873,0.0059025288,0.011517673,0.002408976,0.004084012,0.009532105,0.007432649,0.015074539,0.004460193,0.08345797,0.015013626,0.005994321,0.0060819397,0.017629635,0.14832012,0.82496595,0.31544217,0.05643417
HI_28.txt,"रूस द्वारा हिरासत में लिए गए लोगों में गेर्शकोविच की प्रोफ़ाइल सबसे ऊंची थी. जिस दिन मार्च 2023 में पत्रकार को जासूसी के आरोप में गिरफ्तार किया गया था, उसी दिन से यह स्पष्ट था कि एकमात्र रास्ता किसी तरह की बातचीत ही होगा. शुरू से ही, रूस अपने दावों को प्रमाणित करने के लिए कोई भी सबूत पेश करने में विफल रहा कि वह एक जासूस था और केवल अपना काम करने वाला सक्षम पत्रकार नहीं था. फरवरी में, रूसी राष्ट्रपति व्लादिमीर पुतिन ने फॉक्स न्यूज के टकर कार्लसन से कहा: विशेष सेवाएं एक दूसरे के संपर्क में हैं. वे बात कर रहे हैं. मेरा मानना है कि एक समझौते पर पहुंचा जा सकता है.",गेर्शकोविच,39,49,"['Innocent', 'Scapegoat']",564,116,गेर्शकोविच को जासूसी के आरोप में गिरफ्तार किया गया था.,-1,-1,True,Antagonist,1,0.42207894,0.3046878,0.42207894,0.2732333,"['Antagonist', 'Rebel']",['Rebel'],0.037950628,0.13769111,0.0021532143,0.6862552,0.0495848,0.0136651695,0.067860246,0.00278378,0.012592844,0.011949326,0.1198686,0.22303684,0.008172458,0.01560081,0.071414515,0.03156387,0.018496376,0.015239008,0.023031501,0.0571845,0.015357242,0.0352883
HI_11.txt,"Russia Ukaine war: रूस यूक्रेन युद्ध टॉप गियर में है. इजरायल और हमास (Israel hamas war) की जंग भी जारी है. लेबनान और इजरायल (Lebanon Israel war) में जंग छिड़ी है. वहीं ईरान और इजरायल में भी खूनी टशल चल रही है. नाटो की फौजें रूस को चुनौती दे रही हैं. उत्तर कोरिया का तानाशाह, अमेरिका और दक्षिण कोरिया को आंख दिखा रहा है. इराक, यमन और सीरिया में भी तनाव है. कुल मिलाकर दुनिया बारूद के ढेर पर बैठी है. कभी इस लड़ाई में इजरायल लीड लेता दिखता है. तो कभी दूसरा वर्चस्व की जंग में जीतने के लिए तोपखाने और आर्टिलरी का इस्तेमाल कर रहा है. तमाम तनाव के बीच जल्द ही आतंकी संगठन हमास का नया चीफ चुना जा सकता है. जिस रफ्तार से इजरायल की खुफिया एजेंसी हमास को निपटा रही है. उससे लग रहा है कि इजरायल, मिडिल ईस्ट का नया बादशाह बन सकता है.",नाटो,210,214,"['Antagonist', 'Instigator']",722,150,नाटो की फौजें रूस को चुनौती दे रही हैं.,210,249,True,Protagonist,0,0.39919597,0.39919597,0.29891244,0.30189165,"['Protagonist', 'Underdog']",['Underdog'],0.43775436,0.020403864,0.0065902025,0.06623228,0.887192,0.011493106,0.005817736,0.0028966018,0.0018919936,0.04371613,0.0072853207,0.016673528,0.0073605836,0.0045387377,0.0054610353,0.009583081,0.010860352,0.002131656,0.02807935,0.0101166265,0.024213659,0.0052196425
HI_11.txt,"Russia Ukaine war: रूस यूक्रेन युद्ध टॉप गियर में है. इजरायल और हमास (Israel hamas war) की जंग भी जारी है. लेबनान और इजरायल (Lebanon Israel war) में जंग छिड़ी है. वहीं ईरान और इजरायल में भी खूनी टशल चल रही है. नाटो की फौजें रूस को चुनौती दे रही हैं. उत्तर कोरिया का तानाशाह, अमेरिका और दक्षिण कोरिया को आंख दिखा रहा है. इराक, यमन और सीरिया में भी तनाव है. कुल मिलाकर दुनिया बारूद के ढेर पर बैठी है. कभी इस लड़ाई में इजरायल लीड लेता दिखता है. तो कभी दूसरा वर्चस्व की जंग में जीतने के लिए तोपखाने और आर्टिलरी का इस्तेमाल कर रहा है. तमाम तनाव के बीच जल्द ही आतंकी संगठन हमास का नया चीफ चुना जा सकता है. जिस रफ्तार से इजरायल की खुफिया एजेंसी हमास को निपटा रही है. उससे लग रहा है कि इजरायल, मिडिल ईस्ट का नया बादशाह बन सकता है.",उत्तर,250,255,"['Antagonist', 'Terrorist']",722,150,"उत्तर कोरिया का तानाशाह, अमेरिका और दक्षिण कोरिया को आंख दिखा रहा है.",250,319,True,Antagonist,1,0.42222032,0.3028764,0.42222032,0.27490333,"['Antagonist', 'Foreign Adversary']",['Foreign Adversary'],0.021349326,0.0010326122,0.0047510993,0.05320135,0.003124844,0.056023795,0.053658232,0.03967114,0.07790138,0.985641,0.0059637623,0.0035183178,0.012360571,0.009161222,0.009924248,0.0047331736,0.025394503,0.020242956,0.012905581,0.006677459,0.009066354,0.014360317
HI_11.txt,"Russia Ukaine war: रूस यूक्रेन युद्ध टॉप गियर में है. इजरायल और हमास (Israel hamas war) की जंग भी जारी है. लेबनान और इजरायल (Lebanon Israel war) में जंग छिड़ी है. वहीं ईरान और इजरायल में भी खूनी टशल चल रही है. नाटो की फौजें रूस को चुनौती दे रही हैं. उत्तर कोरिया का तानाशाह, अमेरिका और दक्षिण कोरिया को आंख दिखा रहा है. इराक, यमन और सीरिया में भी तनाव है. कुल मिलाकर दुनिया बारूद के ढेर पर बैठी है. कभी इस लड़ाई में इजरायल लीड लेता दिखता है. तो कभी दूसरा वर्चस्व की जंग में जीतने के लिए तोपखाने और आर्टिलरी का इस्तेमाल कर रहा है. तमाम तनाव के बीच जल्द ही आतंकी संगठन हमास का नया चीफ चुना जा सकता है. जिस रफ्तार से इजरायल की खुफिया एजेंसी हमास को निपटा रही है. उससे लग रहा है कि इजरायल, मिडिल ईस्ट का नया बादशाह बन सकता है.",अमेरिका,275,282,"['Innocent', 'Victim']",722,150,"उत्तर कोरिया का तानाशाह, अमेरिका और दक्षिण कोरिया को आंख दिखा रहा है.",250,319,True,Antagonist,1,0.4221505,0.30453146,0.4221505,0.27331805,"['Antagonist', 'Foreign Adversary']",['Foreign Adversary'],0.12425888,0.00080116844,0.005296988,0.049927484,0.0024334406,0.04924172,0.052313846,0.017336946,0.044003863,0.9744031,0.0032369755,0.004311446,0.011634217,0.0047860486,0.011107815,0.004952033,0.037351824,0.009158188,0.009830789,0.0037392247,0.0047749733,0.01043036
HI_11.txt,"Russia Ukaine war: रूस यूक्रेन युद्ध टॉप गियर में है. इजरायल और हमास (Israel hamas war) की जंग भी जारी है. लेबनान और इजरायल (Lebanon Israel war) में जंग छिड़ी है. वहीं ईरान और इजरायल में भी खूनी टशल चल रही है. नाटो की फौजें रूस को चुनौती दे रही हैं. उत्तर कोरिया का तानाशाह, अमेरिका और दक्षिण कोरिया को आंख दिखा रहा है. इराक, यमन और सीरिया में भी तनाव है. कुल मिलाकर दुनिया बारूद के ढेर पर बैठी है. कभी इस लड़ाई में इजरायल लीड लेता दिखता है. तो कभी दूसरा वर्चस्व की जंग में जीतने के लिए तोपखाने और आर्टिलरी का इस्तेमाल कर रहा है. तमाम तनाव के बीच जल्द ही आतंकी संगठन हमास का नया चीफ चुना जा सकता है. जिस रफ्तार से इजरायल की खुफिया एजेंसी हमास को निपटा रही है. उससे लग रहा है कि इजरायल, मिडिल ईस्ट का नया बादशाह बन सकता है.",दक्षिण कोरिया,286,299,"['Innocent', 'Victim']",722,150,"उत्तर कोरिया का तानाशाह, अमेरिका और दक्षिण कोरिया को आंख दिखा रहा है.",250,319,True,Antagonist,1,0.41222966,0.32879576,0.41222966,0.25897458,"['Antagonist', 'Foreign Adversary']",['Foreign Adversary'],0.08630618,0.0010961383,0.0056072413,0.094528176,0.0045624287,0.059464537,0.03520449,0.014437202,0.032338146,0.9776748,0.003942689,0.007567448,0.010594243,0.0041322527,0.010946379,0.006084035,0.040380087,0.011320866,0.016086593,0.005156868,0.0057461504,0.014010475
HI_11.txt,"Russia Ukaine war: रूस यूक्रेन युद्ध टॉप गियर में है. इजरायल और हमास (Israel hamas war) की जंग भी जारी है. लेबनान और इजरायल (Lebanon Israel war) में जंग छिड़ी है. वहीं ईरान और इजरायल में भी खूनी टशल चल रही है. नाटो की फौजें रूस को चुनौती दे रही हैं. उत्तर कोरिया का तानाशाह, अमेरिका और दक्षिण कोरिया को आंख दिखा रहा है. इराक, यमन और सीरिया में भी तनाव है. कुल मिलाकर दुनिया बारूद के ढेर पर बैठी है. कभी इस लड़ाई में इजरायल लीड लेता दिखता है. तो कभी दूसरा वर्चस्व की जंग में जीतने के लिए तोपखाने और आर्टिलरी का इस्तेमाल कर रहा है. तमाम तनाव के बीच जल्द ही आतंकी संगठन हमास का नया चीफ चुना जा सकता है. जिस रफ्तार से इजरायल की खुफिया एजेंसी हमास को निपटा रही है. उससे लग रहा है कि इजरायल, मिडिल ईस्ट का नया बादशाह बन सकता है.",हमास,567,571,"['Antagonist', 'Terrorist']",722,150,आतंकी संगठन हमास का नया चीफ चुना जा सकता है.,555,599,True,Antagonist,1,0.42221823,0.30229235,0.42221823,0.2754895,"['Antagonist', 'Terrorist']",['Terrorist'],0.03959423,0.0102798315,0.004168471,0.020480221,0.008693379,0.011435882,0.04221809,0.027740719,0.0075727245,0.0773126,0.0062610875,0.07819582,0.01835116,0.0052332603,0.015596475,0.9756151,0.009552674,0.0061892057,0.008819525,0.0077419644,0.0073881615,0.07389712
HI_11.txt,"Russia Ukaine war: रूस यूक्रेन युद्ध टॉप गियर में है. इजरायल और हमास (Israel hamas war) की जंग भी जारी है. लेबनान और इजरायल (Lebanon Israel war) में जंग छिड़ी है. वहीं ईरान और इजरायल में भी खूनी टशल चल रही है. नाटो की फौजें रूस को चुनौती दे रही हैं. उत्तर कोरिया का तानाशाह, अमेरिका और दक्षिण कोरिया को आंख दिखा रहा है. इराक, यमन और सीरिया में भी तनाव है. कुल मिलाकर दुनिया बारूद के ढेर पर बैठी है. कभी इस लड़ाई में इजरायल लीड लेता दिखता है. तो कभी दूसरा वर्चस्व की जंग में जीतने के लिए तोपखाने और आर्टिलरी का इस्तेमाल कर रहा है. तमाम तनाव के बीच जल्द ही आतंकी संगठन हमास का नया चीफ चुना जा सकता है. जिस रफ्तार से इजरायल की खुफिया एजेंसी हमास को निपटा रही है. उससे लग रहा है कि इजरायल, मिडिल ईस्ट का नया बादशाह बन सकता है.",इजरायल,678,684,"['Protagonist', 'Rebel']",722,150,इजरायल की खुफिया एजेंसी हमास को निपटा रही है.,614,659,True,Antagonist,1,0.4219563,0.30622363,0.4219563,0.27182,"['Antagonist', 'Virtuous']",['Virtuous'],0.18922658,0.0020702267,0.050792508,0.22855768,0.00532813,0.7751102,0.010827439,0.014779949,0.007669561,0.025767045,0.012302935,0.0020978656,0.0051650573,0.0047169966,0.009483621,0.0013387455,0.013514846,0.0064790333,0.003923405,0.0015625436,0.0025650593,0.0020071208
HI_11.txt,"ये भी पढ़ें- भारत की 'तरंग शक्ति' से लगेगा चीन को करंट, पाकिस्तान के सीने में लोट जाएंगे सांप; कहीं निकल न जाए दम",भारत,13,17,"['Protagonist', 'Guardian']",113,24,"भारत की 'तरंग शक्ति' से लगेगा चीन को करंट, पाकिस्तान के सीने में लोट जाएंगे सांप.",-1,-1,True,Protagonist,0,0.39917338,0.39917338,0.30043247,0.30039415,"['Protagonist', 'Peacemaker']",['Peacemaker'],0.11618637,0.008558266,0.8412313,0.004528436,0.0038693487,0.44810283,0.014710723,0.009554552,0.005393134,0.011915123,0.005531153,0.0010061187,0.0057185823,0.00087602297,0.004827373,0.0028590641,0.011191089,0.005950308,0.0033693847,0.0029852975,0.0054716356,0.0062560635
HI_11.txt,"ये भी पढ़ें- भारत की 'तरंग शक्ति' से लगेगा चीन को करंट, पाकिस्तान के सीने में लोट जाएंगे सांप; कहीं निकल न जाए दम",चीन,43,46,"['Antagonist', 'Foreign Adversary']",113,24,भारत की 'तरंग शक्ति' से लगेगा चीन को करंट.,-1,-1,True,Antagonist,1,0.42221305,0.30255255,0.42221305,0.27523437,"['Antagonist', 'Foreign Adversary']",['Foreign Adversary'],0.02438554,0.0018384438,0.008239674,0.06527972,0.012639443,0.031833306,0.1190335,0.04933435,0.03784352,0.99538076,0.007146249,0.0058802823,0.014307647,0.011439505,0.012092511,0.00885959,0.02898533,0.015956419,0.012032482,0.0064885435,0.013570757,0.017666155
HI_11.txt,"ये भी पढ़ें- भारत की 'तरंग शक्ति' से लगेगा चीन को करंट, पाकिस्तान के सीने में लोट जाएंगे सांप; कहीं निकल न जाए दम",पाकिस्तान,56,65,"['Antagonist', 'Foreign Adversary']",113,24,भारत की 'तरंग शक्ति' से पाकिस्तान के सीने में लोट जाएंगे सांप.,-1,-1,True,Protagonist,0,0.3989722,0.3989722,0.30257255,0.2984552,"['Protagonist', 'Foreign Adversary']",['Foreign Adversary'],0.039513364,0.0026221543,0.008896143,0.019011188,0.016447483,0.018648747,0.059521217,0.007266313,0.020277565,0.9582786,0.0018092145,0.0018941757,0.006477766,0.0051000696,0.0064025894,0.003585038,0.011880445,0.0068730316,0.039579898,0.0150498515,0.17838286,0.022179274
HI_11.txt,"रूस अब यूक्रेन पर पहले से तेज प्रहार कर रहा है. नॉर्थ कोरिया में बाढ़ के हालात हैं ऐसे में फिलहाल वहां का सनकी तानाशाह चुप है, लेकिन हालात संभलते ही वो क्या फैसला लेगा इस पर सबकी निगाहें टिकी हुई हैं.",रूस,0,3,"['Antagonist', 'Instigator']",200,42,रूस अब यूक्रेन पर पहले से तेज प्रहार कर रहा है.,0,47,True,Antagonist,1,0.42221916,0.30220625,0.42221916,0.2755746,"['Antagonist', 'Instigator', 'Tyrant']","['Instigator', 'Tyrant']",0.00972072,0.0020746912,0.008007069,0.008444864,0.0021295655,0.0045978576,0.8174197,0.0136184,0.6394096,0.068156004,0.0036655888,0.0007288674,0.014691494,0.0052055093,0.011658663,0.011925304,0.018919814,0.0050017647,0.0013367853,0.0028443728,0.015034005,0.0045299367
HI_11.txt,"रूस अब यूक्रेन पर पहले से तेज प्रहार कर रहा है. नॉर्थ कोरिया में बाढ़ के हालात हैं ऐसे में फिलहाल वहां का सनकी तानाशाह चुप है, लेकिन हालात संभलते ही वो क्या फैसला लेगा इस पर सबकी निगाहें टिकी हुई हैं.",यूक्रेन,7,14,"['Innocent', 'Victim']",200,42,रूस अब यूक्रेन पर पहले से तेज प्रहार कर रहा है.,0,47,True,Innocent,2,0.4204653,0.30526298,0.27427173,0.4204653,"['Innocent', 'Victim']",['Victim'],0.011398286,0.0063308324,0.006715256,0.012295626,0.050306752,0.005838834,0.04252557,0.0050860797,0.018829113,0.038698014,0.0026968434,0.002408732,0.006294893,0.011411623,0.008855437,0.009935105,0.016776836,0.005270638,0.10507671,0.10430922,0.9967319,0.014754127
HI_11.txt,"रूस अब यूक्रेन पर पहले से तेज प्रहार कर रहा है. नॉर्थ कोरिया में बाढ़ के हालात हैं ऐसे में फिलहाल वहां का सनकी तानाशाह चुप है, लेकिन हालात संभलते ही वो क्या फैसला लेगा इस पर सबकी निगाहें टिकी हुई हैं.",नॉर्थ कोरिया,48,60,"['Innocent', 'Victim']",200,42,नॉर्थ कोरिया में बाढ़ के हालात हैं.,-1,-1,True,Innocent,2,0.42046404,0.3050692,0.27446678,0.42046404,"['Innocent', 'Victim']",['Victim'],0.012439778,0.0077975513,0.0062827296,0.013550747,0.037087556,0.007193267,0.03511701,0.0053048152,0.023536852,0.030770618,0.0028878325,0.002933897,0.0066050543,0.013865037,0.008457167,0.012509229,0.014438262,0.0075413217,0.13063218,0.102422915,0.99752754,0.016585266
HI_11.txt,"रूस अब यूक्रेन पर पहले से तेज प्रहार कर रहा है. नॉर्थ कोरिया में बाढ़ के हालात हैं ऐसे में फिलहाल वहां का सनकी तानाशाह चुप है, लेकिन हालात संभलते ही वो क्या फैसला लेगा इस पर सबकी निगाहें टिकी हुई हैं.",तानाशाह,111,118,"['Antagonist', 'Tyrant']",200,42,नॉर्थ कोरिया में बाढ़ के हालात हैं ऐसे में फिलहाल वहां का सनकी तानाशाह चुप है.,-1,-1,True,Antagonist,1,0.4221513,0.3008719,0.4221513,0.27697682,"['Antagonist', 'Deceiver']",['Deceiver'],0.01222338,0.006356962,0.0032326,0.01128386,0.0056831096,0.0100372955,0.15361175,0.0040555666,0.08391802,0.132378,0.017429153,0.04016763,0.0927774,0.009582225,0.061252862,0.021045478,0.37026036,0.022128018,0.054327667,0.032676313,0.027231725,0.21135928
HI_31.txt,"नई दिल्ली: यूक्रेन के खिलाफ युद्ध में रूसी सेना के साथ तैनात एक भारतीय नागरिक ने कहा है कि उसके समूह में 15 गैर-रुसी थे, जिनमें से 13 मारे गए हैं. साथ ही, उन्होंने अपनी रिहाई और सुरक्षित देश वापसी के लिए प्रधानमंत्री नरेंद्र मोदी और रूसी राष्ट्रपति व्लादिमीर पुतिन के बीच 8 जुलाई को हुई बैठक से उम्मीद जताई है.",नरेंद्र मोदी,217,229,"['Protagonist', 'Guardian']",310,61,उन्होंने अपनी रिहाई और सुरक्षित देश वापसी के लिए प्रधानमंत्री नरेंद्र मोदी और रूसी राष्ट्रपति व्लादिमीर पुतिन के बीच 8 जुलाई को हुई बैठक से उम्मीद जताई है.,155,310,True,Protagonist,0,0.3992014,0.3992014,0.29921183,0.30158678,"['Protagonist', 'Guardian']",['Guardian'],0.9835618,0.0045090583,0.07226064,0.028808236,0.008965867,0.22969697,0.009639655,0.010281083,0.008827372,0.0071239476,0.0033374128,0.0027955833,0.006598121,0.003455009,0.010636918,0.0074473787,0.0123860175,0.005981118,0.004576233,0.0049607125,0.012867612,0.002529732
HI_31.txt,"नई दिल्ली: यूक्रेन के खिलाफ युद्ध में रूसी सेना के साथ तैनात एक भारतीय नागरिक ने कहा है कि उसके समूह में 15 गैर-रुसी थे, जिनमें से 13 मारे गए हैं. साथ ही, उन्होंने अपनी रिहाई और सुरक्षित देश वापसी के लिए प्रधानमंत्री नरेंद्र मोदी और रूसी राष्ट्रपति व्लादिमीर पुतिन के बीच 8 जुलाई को हुई बैठक से उम्मीद जताई है.",व्लादिमीर पुतिन,249,264,"['Protagonist', 'Virtuous']",310,61,उन्होंने अपनी रिहाई और सुरक्षित देश वापसी के लिए प्रधानमंत्री नरेंद्र मोदी और रूसी राष्ट्रपति व्लादिमीर पुतिन के बीच 8 जुलाई को हुई बैठक से उम्मीद जताई है.,155,310,True,Protagonist,0,0.39919475,0.39919475,0.29987437,0.30093092,"['Protagonist', 'Guardian']",['Guardian'],0.886156,0.0062261736,0.008156963,0.39832476,0.00838297,0.09431527,0.012293443,0.003892982,0.027780918,0.0124864895,0.0015964183,0.003834239,0.0015381976,0.0015942309,0.003681079,0.009656129,0.0028613529,0.0039008155,0.0053117718,0.007162805,0.019724678,0.0018417571
HI_31.txt,पश्चिम बंगाल के कलिम्पोंग के रहने वाले 47 वर्षीय उर्गेन तमांग ने अपने द्वारा जारी एक वीडियो में यह बयान दिया है.,उर्गेन तमांग,49,61,"['Innocent', 'Exploited', 'Scapegoat', 'Victim']",112,22,पश्चिम बंगाल के कलिम्पोंग के रहने वाले 47 वर्षीय उर्गेन तमांग ने अपने द्वारा जारी एक वीडियो में यह बयान दिया है.,0,112,True,Protagonist,0,0.3988263,0.3988263,0.2924711,0.30870262,"['Protagonist', 'Rebel', 'Virtuous']","['Rebel', 'Virtuous']",0.09168007,0.044389058,0.011276829,0.7592204,0.018573908,0.5340213,0.016307794,0.0075231637,0.007922343,0.0040024407,0.021390926,0.00586916,0.0025857007,0.006380982,0.006110499,0.0038291956,0.0031020418,0.015326153,0.00748842,0.016496327,0.009314077,0.004480436
HI_31.txt,"हिंदुस्तान टाइम्स की रिपोर्ट के अनुसार, उन्होंने 11 जुलाई को कलिम्पोंग नगर पालिका के प्रशासक बोर्ड के अध्यक्ष रबि प्रधान को वीडियो भेजा. हालांकि, हिन्दुस्तान टाइम्स उस वीडियो की सत्यता का दावा नहीं करता है.",रबि प्रधान,110,120,"['Protagonist', 'Virtuous']",206,35,उन्होंने 11 जुलाई को कलिम्पोंग नगर पालिका के प्रशासक बोर्ड के अध्यक्ष रबि प्रधान को वीडियो भेजा.,40,136,True,Protagonist,0,0.3954265,0.3954265,0.3218172,0.28275627,"['Protagonist', 'Guardian']",['Guardian'],0.8456314,0.015542108,0.003157596,0.23845436,0.041046362,0.049248833,0.0060556764,0.004346214,0.006138447,0.006208361,0.009846095,0.03255115,0.011076871,0.095191166,0.18699425,0.011769088,0.021273745,0.009109715,0.04111848,0.036374375,0.03628618,0.008545312
HI_31.txt,"इससे पहले तमांग ने मार्च के आखिरी सप्ताह में युद्ध क्षेत्र से अपना पहला वीडियो भेजा था, जिसमें कहा गया था कि उन्हें 10-12 दिनों के हथियार प्रशिक्षण के बाद जबरन युद्ध क्षेत्र में भेज दिया गया है.",तमांग,10,15,"['Innocent', 'Exploited']",194,38,"इससे पहले तमांग ने मार्च के आखिरी सप्ताह में युद्ध क्षेत्र से अपना पहला वीडियो भेजा था, जिसमें कहा गया था कि उन्हें 10-12 दिनों के हथियार प्रशिक्षण के बाद जबरन युद्ध क्षेत्र में भेज दिया गया है.",0,194,True,Innocent,2,0.4204473,0.3054054,0.27414724,0.4204473,"['Innocent', 'Rebel']",['Rebel'],0.15106773,0.18980859,0.0017797576,0.78948164,0.04032783,0.010918403,0.00904527,0.0032127348,0.0028198373,0.0039035454,0.018477064,0.09407372,0.0027501017,0.009368808,0.012759572,0.012419614,0.0077635655,0.009495768,0.044172015,0.053458206,0.036293227,0.02031159
HI_31.txt,तमांग ने मार्च में रूस जाने से पहले 18 साल तक भारतीय सेना में सेवा की थी. कुछ एजेंटों ने उनसे रूस में सुरक्षाकर्मी की नौकरी देने का वादा करके उन्हें रूस भिजवाया. उन एजेंटों ने कथित तौर पर उन्हें धोखा दिया और रूस पहुंचने पर उन्हें यूक्रेन के खिलाफ युद्ध में भेज दिया गया.,एजेंटों,165,172,"['Antagonist', 'Deceiver']",270,55,कुछ एजेंटों ने उनसे रूस में सुरक्षाकर्मी की नौकरी देने का वादा करके उन्हें रूस भिजवाया. उन एजेंटों ने कथित तौर पर उन्हें धोखा दिया और रूस पहुंचने पर उन्हें यूक्रेन के खिलाफ युद्ध में भेज दिया गया.,74,270,True,Antagonist,1,0.4222169,0.3020538,0.4222169,0.27572924,"['Antagonist', 'Deceiver']",['Deceiver'],0.0096641,0.0012281266,0.004137483,0.0115959635,0.007452664,0.0130962,0.014514133,0.10712399,0.010923785,0.028618766,0.040032107,0.027011357,0.24480827,0.08425991,0.013717461,0.011961238,0.86940193,0.0151229855,0.005128751,0.0019650916,0.0054255743,0.029491287
HI_31.txt,"वीडियो में उन्होंने कहा, ‘मैं कलिम्पोंग नगर पालिका के अध्यक्ष के संपर्क में हूं. वह मेरा हालचाल पूछते रहते थे. उन्होंने मुझे बताया कि मोदी ने रूस का दौरा किया है और रूसी राष्ट्रपति से बातचीत की है ताकि सभी भारतीयों को जल्द से जल्द छोड़ा जा सके. मैं बहुत खुश हूं. मुझे लगता है कि मैं जिंदा घर पहुंच पाऊंगा.’",मोदी,134,138,"['Protagonist', 'Guardian']",306,61,उन्होंने मुझे बताया कि मोदी ने रूस का दौरा किया है और रूसी राष्ट्रपति से बातचीत की है ताकि सभी भारतीयों को जल्द से जल्द छोड़ा जा सके.,111,244,True,Protagonist,0,0.39920214,0.39920214,0.2988222,0.3019757,"['Protagonist', 'Virtuous']",['Virtuous'],0.32727695,0.001987011,0.26659098,0.0195502,0.00277575,0.75815445,0.0032104405,0.009598295,0.0037597853,0.0043779467,0.004542173,0.00084837404,0.0031478282,0.0017769937,0.0042603035,0.00138962,0.005058301,0.0049270834,0.0023431857,0.0018508998,0.0029304677,0.00218801
HI_31.txt,"वीडियो में उन्होंने कहा, ‘मैं कलिम्पोंग नगर पालिका के अध्यक्ष के संपर्क में हूं. वह मेरा हालचाल पूछते रहते थे. उन्होंने मुझे बताया कि मोदी ने रूस का दौरा किया है और रूसी राष्ट्रपति से बातचीत की है ताकि सभी भारतीयों को जल्द से जल्द छोड़ा जा सके. मैं बहुत खुश हूं. मुझे लगता है कि मैं जिंदा घर पहुंच पाऊंगा.’",रूसी,165,169,"['Protagonist', 'Virtuous']",306,61,उन्होंने मुझे बताया कि मोदी ने रूस का दौरा किया है और रूसी राष्ट्रपति से बातचीत की है ताकि सभी भारतीयों को जल्द से जल्द छोड़ा जा सके.,111,244,True,Protagonist,0,0.39919764,0.39919764,0.2985098,0.30229253,"['Protagonist', 'Virtuous']",['Virtuous'],0.38700822,0.0010653797,0.05108165,0.0512924,0.0066838064,0.6107913,0.0034130723,0.006633618,0.0064960443,0.23583321,0.0013333422,0.001022733,0.0024173672,0.0014731599,0.0023298531,0.00081836747,0.0077197864,0.004422036,0.0095111225,0.0027812568,0.009541447,0.0026042575
HI_31.txt,उन्होंने वीडियो में भारत सरकार से सभी भारतीयों की जल्द से जल्द रिहाई सुनिश्चित करने की अपील की है.,भारत सरकार,20,30,"['Protagonist', 'Guardian']",98,19,उन्होंने वीडियो में भारत सरकार से सभी भारतीयों की जल्द से जल्द रिहाई सुनिश्चित करने की अपील की है.,0,98,True,Protagonist,0,0.3991946,0.3991946,0.29942864,0.30137682,"['Protagonist', 'Guardian']",['Guardian'],0.8257963,0.0036436268,0.23723093,0.007464337,0.0041040005,0.34715632,0.0067766733,0.00862704,0.0057056746,0.003707873,0.0031491495,0.0011144516,0.0041150833,0.0017196129,0.0069019455,0.0039919787,0.006666032,0.0038780149,0.0023658292,0.002743353,0.0046038674,0.002273349
HI_31.txt,तमांग के परिवार के सदस्यों ने हिन्दुस्तान टाइम्स को बताया कि सुरक्षाकर्मी की नौकरी का वादा करके तमांग को रूस भेजने वाले एजेंटों ने उससे 6 लाख रुपये लिए थे. उन्होंने उसे धोखा दिया और यूक्रेन के खिलाफ युद्ध में रूस की तरफ से लड़ने के लिए मजबूर किया.,तमांग,96,101,"['Innocent', 'Exploited']",247,49,तमांग के परिवार के सदस्यों ने हिन्दुस्तान टाइम्स को बताया कि सुरक्षाकर्मी की नौकरी का वादा करके तमांग को रूस भेजने वाले एजेंटों ने उससे 6 लाख रुपये लिए थे. उन्होंने उसे धोखा दिया और यूक्रेन के खिलाफ युद्ध में रूस की तरफ से लड़ने के लिए मजबूर किया.,0,247,True,Innocent,2,0.42045546,0.30543888,0.27410567,0.42045546,"['Innocent', 'Exploited']",['Exploited'],0.012497923,0.020063214,0.0018311884,0.017617399,0.0017869668,0.012937322,0.01181282,0.0051191906,0.0038263665,0.012470283,0.020568376,0.04746259,0.009029785,0.2541954,0.012358907,0.0073470646,0.00488946,0.028923742,0.18087122,0.8335152,0.03419364,0.14831623
HI_31.txt,तमांग के परिवार के सदस्यों ने हिन्दुस्तान टाइम्स को बताया कि सुरक्षाकर्मी की नौकरी का वादा करके तमांग को रूस भेजने वाले एजेंटों ने उससे 6 लाख रुपये लिए थे. उन्होंने उसे धोखा दिया और यूक्रेन के खिलाफ युद्ध में रूस की तरफ से लड़ने के लिए मजबूर किया.,एजेंटों,120,127,"['Antagonist', 'Deceiver']",247,49,तमांग के परिवार के सदस्यों ने हिन्दुस्तान टाइम्स को बताया कि सुरक्षाकर्मी की नौकरी का वादा करके तमांग को रूस भेजने वाले एजेंटों ने उससे 6 लाख रुपये लिए थे. उन्होंने उसे धोखा दिया और यूक्रेन के खिलाफ युद्ध में रूस की तरफ से लड़ने के लिए मजबूर किया.,0,247,True,Antagonist,1,0.42220393,0.3015837,0.42220393,0.27621233,"['Antagonist', 'Conspirator']",['Conspirator'],0.0504501,0.0008289491,0.005617327,0.006546127,0.0023258585,0.01912323,0.012727339,0.8439869,0.008892032,0.050459508,0.012818691,0.006404164,0.51838213,0.039789557,0.013561613,0.012754407,0.04964584,0.011253805,0.0018161045,0.0017330436,0.00220526,0.0039657513
HI_31.txt,यूक्रेन के खिलाफ रूस की ओर से लड़ते हुए कम से कम चार भारतीय नागरिकों की जान चली गई है. युद्ध क्षेत्र में फंसे कई अन्य लोगों का आरोप है कि उन्हें युद्ध में धोखे से शामिल किया गया था.,भारतीय नागरिकों,53,68,"['Innocent', 'Victim']",181,40,यूक्रेन के खिलाफ रूस की ओर से लड़ते हुए कम से कम चार भारतीय नागरिकों की जान चली गई है.,0,86,True,Innocent,2,0.42046416,0.3053354,0.27420044,0.42046416,"['Innocent', 'Victim']",['Victim'],0.008103869,0.023565898,0.005723285,0.014062517,0.01498461,0.007961272,0.019042155,0.0039994917,0.011799864,0.00835447,0.0046227816,0.0037582174,0.00419475,0.018171998,0.009110149,0.006809008,0.0069744615,0.00840425,0.08635172,0.24981312,0.9936333,0.01789851
HI_107.txt,"व्लादिमीर पुतिन, रूस के पांचवीं बार राष्ट्रपति बने हैं. यूक्रेन के साथ जंग के बीच हुए चुनाव में जीत के तुरंत बाद उन्होंने पश्चिमी गठबंधन NATO को चेतावनी भी दी. उन्होंने चेताया कि रूस और नाटो के बीच सीधा टकराव तीसरे विश्व युद्ध की तरफ पहला कदम होगा. साथ ही उन्होंने कहा कि शायद ही कोई ऐसा मंजर चाहेगा.",NATO,137,141,"['Antagonist', 'Foreign Adversary']",300,59,उन्होंने पश्चिमी गठबंधन NATO को चेतावनी भी दी.,113,159,True,Antagonist,1,0.42210338,0.3002304,0.42210338,0.27766624,"['Antagonist', 'Foreign Adversary']",['Foreign Adversary'],0.031730182,0.00144604,0.005499084,0.07153195,0.016170025,0.018991658,0.14698346,0.029535428,0.031225596,0.9940339,0.0065156003,0.0054067434,0.015426602,0.00886459,0.012624705,0.008494186,0.02226898,0.009373806,0.010156069,0.005741124,0.010906277,0.013591872
HI_107.txt,"व्लादिमीर पुतिन, रूस के पांचवीं बार राष्ट्रपति बने हैं. यूक्रेन के साथ जंग के बीच हुए चुनाव में जीत के तुरंत बाद उन्होंने पश्चिमी गठबंधन NATO को चेतावनी भी दी. उन्होंने चेताया कि रूस और नाटो के बीच सीधा टकराव तीसरे विश्व युद्ध की तरफ पहला कदम होगा. साथ ही उन्होंने कहा कि शायद ही कोई ऐसा मंजर चाहेगा.",रूस,179,182,"['Protagonist', 'Rebel']",300,59,"व्लादिमीर पुतिन, रूस के पांचवीं बार राष्ट्रपति बने हैं.",0,55,True,Antagonist,1,0.42221865,0.30235037,0.42221865,0.27543104,"['Antagonist', 'Foreign Adversary']",['Foreign Adversary'],0.018618718,0.000834487,0.0036761225,0.228122,0.010482209,0.018328609,0.03530907,0.01917865,0.15813899,0.96258616,0.003895535,0.0027659852,0.0050168848,0.009069159,0.0064322427,0.0038887265,0.022933228,0.009317355,0.007676081,0.0028038947,0.009737544,0.0052084588
HI_107.txt,"व्लादिमीर पुतिन, रूस के पांचवीं बार राष्ट्रपति बने हैं. यूक्रेन के साथ जंग के बीच हुए चुनाव में जीत के तुरंत बाद उन्होंने पश्चिमी गठबंधन NATO को चेतावनी भी दी. उन्होंने चेताया कि रूस और नाटो के बीच सीधा टकराव तीसरे विश्व युद्ध की तरफ पहला कदम होगा. साथ ही उन्होंने कहा कि शायद ही कोई ऐसा मंजर चाहेगा.",नाटो,186,190,"['Antagonist', 'Foreign Adversary']",300,59,उन्होंने पश्चिमी गठबंधन NATO को चेतावनी भी दी.,113,159,True,Antagonist,1,0.42221865,0.3022818,0.42221865,0.27549952,"['Antagonist', 'Foreign Adversary']",['Foreign Adversary'],0.04458947,0.0019495859,0.008274642,0.08714751,0.018958198,0.028421199,0.084406964,0.027170913,0.022589643,0.9938008,0.0067332243,0.009360681,0.01481225,0.0077119404,0.01265971,0.00999983,0.027117744,0.01619449,0.017144999,0.008457607,0.012523792,0.017150767
HI_159.txt,यूक्रेन के हमलों में अपनी जमीन गंवाने के बाद भी रूस ने अपना कड़ा रुख नहीं बदला है। रूस की तरफ से दावा किया गया है कि उसने डोनेट्स्क के पूर्वी यूक्रेनी क्षेत्र में एक महत्वपूर्ण लॉजिस्टिक हब के पास एक गांव पर कब्जा कर लिया है।,यूक्रेन,0,7,"['Antagonist', 'Foreign Adversary']",225,47,यूक्रेन के हमलों में अपनी जमीन गंवाने के बाद भी रूस ने अपना कड़ा रुख नहीं बदला है।,0,82,True,Antagonist,1,0.42222294,0.30231354,0.42222294,0.27546355,"['Antagonist', 'Instigator', 'Foreign Adversary']","['Instigator', 'Foreign Adversary']",0.0053833444,0.0008007751,0.002337877,0.012145402,0.011577434,0.001963895,0.85967153,0.018124636,0.026641252,0.6708516,0.0025205573,0.00096144003,0.021204531,0.0035887193,0.0069464296,0.015555107,0.013529679,0.002141499,0.0022110152,0.00251729,0.009867017,0.0046949326
HI_159.txt,यूक्रेन के हमलों में अपनी जमीन गंवाने के बाद भी रूस ने अपना कड़ा रुख नहीं बदला है। रूस की तरफ से दावा किया गया है कि उसने डोनेट्स्क के पूर्वी यूक्रेनी क्षेत्र में एक महत्वपूर्ण लॉजिस्टिक हब के पास एक गांव पर कब्जा कर लिया है।,रूस,48,51,"['Protagonist', 'Rebel']",225,47,रूस की तरफ से दावा किया गया है कि उसने डोनेट्स्क के पूर्वी यूक्रेनी क्षेत्र में एक महत्वपूर्ण लॉजिस्टिक हब के पास एक गांव पर कब्जा कर लिया है।,83,225,True,Protagonist,0,0.39918604,0.39918604,0.30013436,0.3006796,"['Protagonist', 'Underdog']",['Underdog'],0.077212706,0.033355083,0.0063852766,0.083900884,0.96974957,0.008549155,0.010932423,0.002828059,0.011217417,0.013898994,0.017228432,0.008053526,0.0060389154,0.012540374,0.05410033,0.0109718945,0.014718887,0.0024602015,0.023513328,0.008470132,0.025551818,0.0044106683
HI_159.txt,रूस और यूक्रेन का युद्ध अब और भी ज्यादा आक्रामक हो गया है दोनों ही पक्षों के लोग लगातार हमलावर हो रहे हैं। हमला करके यूक्रेन ने भले ही रूसी कुर्स्क क्षेत्र में बढ़त हासिल कर रखी हो लेकिन इन हमलों ने रूस का मनोबल तोड़ने की जगह उसे और भी ज्यादा हमलावर बना दिया है। रूस की तरफ से युद्ध के शुरूआती छोर पर लगातार हमला करना जारी है। रूसी सेना का दावा है कि उसने यूक्रेन के कब्जे वाले लॉजिस्टिक्स हब पोक्रोव्स्क के पास एक गांव सर्गिव्का पर कब्जा कर लिया है।,कुर्स्क,140,147,"['Innocent', 'Victim']",450,94,हमला करके यूक्रेन ने भले ही रूसी कुर्स्क क्षेत्र में बढ़त हासिल कर रखी हो,107,180,True,Innocent,2,0.4204648,0.30529433,0.27424088,0.4204648,"['Innocent', 'Victim']",['Victim'],0.018735228,0.0018313286,0.0021564828,0.017653657,0.07143311,0.005761994,0.033588104,0.0019322119,0.17125331,0.32843837,0.0018504522,0.0006730449,0.0030129075,0.007190942,0.011844075,0.0014218594,0.0072251526,0.0027629817,0.046847023,0.047551807,0.71045774,0.007043736
HI_159.txt,रूस और यूक्रेन का युद्ध अब और भी ज्यादा आक्रामक हो गया है दोनों ही पक्षों के लोग लगातार हमलावर हो रहे हैं। हमला करके यूक्रेन ने भले ही रूसी कुर्स्क क्षेत्र में बढ़त हासिल कर रखी हो लेकिन इन हमलों ने रूस का मनोबल तोड़ने की जगह उसे और भी ज्यादा हमलावर बना दिया है। रूस की तरफ से युद्ध के शुरूआती छोर पर लगातार हमला करना जारी है। रूसी सेना का दावा है कि उसने यूक्रेन के कब्जे वाले लॉजिस्टिक्स हब पोक्रोव्स्क के पास एक गांव सर्गिव्का पर कब्जा कर लिया है।,रूसी सेना,327,336,"['Protagonist', 'Rebel', 'Guardian']",450,94,रूसी सेना का दावा है कि उसने यूक्रेन के कब्जे वाले लॉजिस्टिक्स हब पोक्रोव्स्क के पास एक गांव सर्गिव्का पर कब्जा कर लिया है।,327,450,True,Antagonist,1,0.3830626,0.36013386,0.3830626,0.25680363,"['Antagonist', 'Guardian']",['Guardian'],0.53590876,0.0019136482,0.01330475,0.18781053,0.00890695,0.052289158,0.029430063,0.0023974937,0.19535021,0.26276252,0.0008056467,0.0011566608,0.0013969683,0.0018522498,0.0058547407,0.0026042974,0.0074571525,0.005225224,0.008270299,0.005204216,0.13594347,0.0022086494
HI_159.txt,रूस और यूक्रेन का युद्ध अब और भी ज्यादा आक्रामक हो गया है दोनों ही पक्षों के लोग लगातार हमलावर हो रहे हैं। हमला करके यूक्रेन ने भले ही रूसी कुर्स्क क्षेत्र में बढ़त हासिल कर रखी हो लेकिन इन हमलों ने रूस का मनोबल तोड़ने की जगह उसे और भी ज्यादा हमलावर बना दिया है। रूस की तरफ से युद्ध के शुरूआती छोर पर लगातार हमला करना जारी है। रूसी सेना का दावा है कि उसने यूक्रेन के कब्जे वाले लॉजिस्टिक्स हब पोक्रोव्स्क के पास एक गांव सर्गिव्का पर कब्जा कर लिया है।,सर्गिव्का,420,429,"['Innocent', 'Victim']",450,94,रूसी सेना का दावा है कि उसने यूक्रेन के कब्जे वाले लॉजिस्टिक्स हब पोक्रोव्स्क के पास एक गांव सर्गिव्का पर कब्जा कर लिया है।,327,450,True,Innocent,2,0.42046508,0.30528626,0.2742487,0.42046508,"['Innocent', 'Victim']",['Victim'],0.010333476,0.010853459,0.005690168,0.013342724,0.0295957,0.007412856,0.026822416,0.005804667,0.016517414,0.01788497,0.0035022118,0.0032723711,0.006051906,0.01879571,0.009060361,0.009746546,0.011922126,0.006617972,0.10430662,0.16382076,0.9973442,0.01641969
HI_159.txt,"रूस की सेना ने लगातार अपने कब्जे वाले क्षेत्रों पर मजबूत पकड़ बनाते हुए यूक्रेन की सेना को पीछे खदेड़ने का काम किया है। यूक्रेन के सीमावर्ती गांव अवदीवका से शुरुआत करते हुए, रूस ने कहा कि उसने पूर्वी यूक्रेन में दर्जनों गांवों को जीत लिया है। इनमें से कई गांव रूस ने तब जीते थे, जब उसने खार्किव पर एक तेज और आश्चर्यजनक हमला किया था।",अवदीवका,146,153,"['Innocent', 'Victim']",332,67,"यूक्रेन के सीमावर्ती गांव अवदीवका से शुरुआत करते हुए, रूस ने कहा कि उसने पूर्वी यूक्रेन में दर्जनों गांवों को जीत लिया है।",120,242,True,Innocent,2,0.42046073,0.30556688,0.27397233,0.42046073,"['Innocent', 'Exploited', 'Victim']","['Exploited', 'Victim']",0.0890518,0.13226324,0.008068102,0.0692838,0.012492401,0.020894963,0.106887035,0.0007672957,0.052816477,0.013309853,0.006599074,0.01356118,0.004680834,0.005791144,0.033760905,0.011429314,0.0015957541,0.0035423453,0.106043845,0.29752576,0.3405567,0.02681523
HI_159.txt,"रूस की सेना ने लगातार अपने कब्जे वाले क्षेत्रों पर मजबूत पकड़ बनाते हुए यूक्रेन की सेना को पीछे खदेड़ने का काम किया है। यूक्रेन के सीमावर्ती गांव अवदीवका से शुरुआत करते हुए, रूस ने कहा कि उसने पूर्वी यूक्रेन में दर्जनों गांवों को जीत लिया है। इनमें से कई गांव रूस ने तब जीते थे, जब उसने खार्किव पर एक तेज और आश्चर्यजनक हमला किया था।",खार्किव,287,294,"['Innocent', 'Victim']",332,67,रूस ने खार्किव पर एक तेज और आश्चर्यजनक हमला किया था।,-1,-1,True,Innocent,2,0.42046306,0.30549014,0.2740468,0.42046306,"['Innocent', 'Victim']",['Victim'],0.014193915,0.007951538,0.007095225,0.014564548,0.03491041,0.007758102,0.030622425,0.005462084,0.015577278,0.021448448,0.0035777926,0.002890976,0.0062200576,0.015679626,0.010209035,0.00907631,0.01727963,0.007093331,0.11553841,0.134867,0.9975159,0.014331661
HI_159.txt,"एएफपी कि रिपोर्ट के मुताबिक जिस गांव पर रूस कब्जा करने की बात कर रहा है वह पोक्रोव्स्क के प्रमुख लॉजिस्टिक केंद्र से लगभग 15 किमी दूर है। इस गांव से गुजरने वाली एक मुख्य सड़क पूर्वी में स्थित यूक्रेनी सेनाओं की रसद आपूर्ति को सुनिश्चित करती थी इसलिए यह रूसी सेना के लिए एक बड़ा लक्ष्य रही है। पोक्रोव्स्क पर हमले में गांव के नियंत्रण से रूस को लाभ होने की उम्मीद है। महीनों से, रूस शहर की ओर बढ़ रहा है और शहर के बाहरी इलाके में गांवों को काट रहा है। इस सप्ताह की शुरुआत में, रूसी सेना ने पोक्रोव्स्क के पास दो गांवों पर कब्जा करने का दावा किया था।",पोक्रोव्स्क,293,304,"['Innocent', 'Victim']",548,114,पोक्रोव्स्क पर हमले में गांव के नियंत्रण से रूस को लाभ होने की उम्मीद है।,293,366,True,Innocent,2,0.42045698,0.3056792,0.27386385,0.42045698,"['Innocent', 'Victim']",['Victim'],0.01454129,0.0083454335,0.0068932734,0.015505897,0.035593256,0.007859015,0.030117651,0.0054155174,0.018851422,0.020081012,0.003549344,0.0029802534,0.006437368,0.016293213,0.010260309,0.009568059,0.01653166,0.007013273,0.11322279,0.13113429,0.99763846,0.014037272
HI_159.txt,"इससे पहले यूक्रेन भी लगातार कुर्स्क क्षेत्र से आगे बढ़ते हुए रूसी जमीन पर अपने पैर जमाते जा रहा है। उसने इस क्षेत्र में अपने हमले और तेज कर दिए हैं, जो कि वहां मौजूद रूसी सेनाओं के लिए काफी खतरनाक साबित हो रहा है। रिपोर्ट के मुताबिक, यूक्रेनी सेनाओं ने अब तक एक शहर, 80 से अधिक बस्तियों और कुल मिलाकर लगभग हजार वर्ग किलोमीटर के क्षेत्र पर कब्जा कर लिया है। यूक्रेन के अनुसार, उसके इस तेज आक्रमण का उद्देश्य युद्ध के अन्य क्षेत्रों में लड़ाई कर रही यूक्रेनी सेनाओं पर दबाव कम करना है। लेकिन यूक्रेन के इस हमले में रूसी सेनाओं ने रूस को और भी ज्यादा हमलावर बनाया है। रूस ने पूर्वी डोनेट्स्क प्रांत में लगातार तेज हमले करना जारी रखा है। रिपोर्ट के अनुसार, युद्ध शुरू होने के बाद से पूर्वी यूक्रेन में डोनेट्स्क और लुहान्स्क वाले डोनबास क्षेत्र में सबसे अधिक लड़ाई देखी गई है।",यूक्रेन,490,497,"['Antagonist', 'Foreign Adversary']",772,152,इससे पहले यूक्रेन भी लगातार कुर्स्क क्षेत्र से आगे बढ़ते हुए रूसी जमीन पर अपने पैर जमाते जा रहा है।,0,99,True,Protagonist,0,0.3725237,0.3725237,0.25886032,0.36861596,"['Protagonist', 'Underdog']",['Underdog'],0.16118148,0.0038570396,0.010810552,0.070222795,0.8532898,0.0037098287,0.08607331,0.0012943638,0.0059546386,0.02981254,0.007835155,0.0015528286,0.011103876,0.011042569,0.029959667,0.0064256606,0.059879553,0.0015501421,0.028455557,0.008994733,0.078501046,0.005269326
HI_159.txt,"इससे पहले यूक्रेन भी लगातार कुर्स्क क्षेत्र से आगे बढ़ते हुए रूसी जमीन पर अपने पैर जमाते जा रहा है। उसने इस क्षेत्र में अपने हमले और तेज कर दिए हैं, जो कि वहां मौजूद रूसी सेनाओं के लिए काफी खतरनाक साबित हो रहा है। रिपोर्ट के मुताबिक, यूक्रेनी सेनाओं ने अब तक एक शहर, 80 से अधिक बस्तियों और कुल मिलाकर लगभग हजार वर्ग किलोमीटर के क्षेत्र पर कब्जा कर लिया है। यूक्रेन के अनुसार, उसके इस तेज आक्रमण का उद्देश्य युद्ध के अन्य क्षेत्रों में लड़ाई कर रही यूक्रेनी सेनाओं पर दबाव कम करना है। लेकिन यूक्रेन के इस हमले में रूसी सेनाओं ने रूस को और भी ज्यादा हमलावर बनाया है। रूस ने पूर्वी डोनेट्स्क प्रांत में लगातार तेज हमले करना जारी रखा है। रिपोर्ट के अनुसार, युद्ध शुरू होने के बाद से पूर्वी यूक्रेन में डोनेट्स्क और लुहान्स्क वाले डोनबास क्षेत्र में सबसे अधिक लड़ाई देखी गई है।",रूसी सेनाओं,513,524,"['Protagonist', 'Rebel']",772,152,यूक्रेन के इस हमले में रूसी सेनाओं ने रूस को और भी ज्यादा हमलावर बनाया है।,490,564,True,Protagonist,0,0.3950975,0.3950975,0.3229413,0.28196123,"['Protagonist', 'Rebel', 'Tyrant']","['Rebel', 'Tyrant']",0.059618615,0.001961234,0.0024009643,0.6605688,0.025478184,0.0061693606,0.05322199,0.003012309,0.6105244,0.09653977,0.0028344537,0.0009783986,0.0012838703,0.004861411,0.012588729,0.0060154535,0.00909716,0.0051609254,0.003130443,0.0035970584,0.02312696,0.001707439
HI_159.txt,"इससे पहले यूक्रेन भी लगातार कुर्स्क क्षेत्र से आगे बढ़ते हुए रूसी जमीन पर अपने पैर जमाते जा रहा है। उसने इस क्षेत्र में अपने हमले और तेज कर दिए हैं, जो कि वहां मौजूद रूसी सेनाओं के लिए काफी खतरनाक साबित हो रहा है। रिपोर्ट के मुताबिक, यूक्रेनी सेनाओं ने अब तक एक शहर, 80 से अधिक बस्तियों और कुल मिलाकर लगभग हजार वर्ग किलोमीटर के क्षेत्र पर कब्जा कर लिया है। यूक्रेन के अनुसार, उसके इस तेज आक्रमण का उद्देश्य युद्ध के अन्य क्षेत्रों में लड़ाई कर रही यूक्रेनी सेनाओं पर दबाव कम करना है। लेकिन यूक्रेन के इस हमले में रूसी सेनाओं ने रूस को और भी ज्यादा हमलावर बनाया है। रूस ने पूर्वी डोनेट्स्क प्रांत में लगातार तेज हमले करना जारी रखा है। रिपोर्ट के अनुसार, युद्ध शुरू होने के बाद से पूर्वी यूक्रेन में डोनेट्स्क और लुहान्स्क वाले डोनबास क्षेत्र में सबसे अधिक लड़ाई देखी गई है।",डोनेट्स्क,698,707,"['Innocent', 'Victim']",772,152,रूस ने पूर्वी डोनेट्स्क प्रांत में लगातार तेज हमले करना जारी रखा है।,565,633,True,Innocent,2,0.42046568,0.30529827,0.2742361,0.42046568,"['Innocent', 'Victim']",['Victim'],0.011631015,0.009777914,0.00678014,0.014871373,0.03388227,0.007233887,0.032264285,0.005074872,0.019703096,0.019844342,0.003524135,0.0031639705,0.0059678797,0.013389271,0.01065515,0.011485438,0.015323015,0.008156488,0.11742291,0.1286257,0.9976169,0.016202826
HI_159.txt,"इससे पहले यूक्रेन भी लगातार कुर्स्क क्षेत्र से आगे बढ़ते हुए रूसी जमीन पर अपने पैर जमाते जा रहा है। उसने इस क्षेत्र में अपने हमले और तेज कर दिए हैं, जो कि वहां मौजूद रूसी सेनाओं के लिए काफी खतरनाक साबित हो रहा है। रिपोर्ट के मुताबिक, यूक्रेनी सेनाओं ने अब तक एक शहर, 80 से अधिक बस्तियों और कुल मिलाकर लगभग हजार वर्ग किलोमीटर के क्षेत्र पर कब्जा कर लिया है। यूक्रेन के अनुसार, उसके इस तेज आक्रमण का उद्देश्य युद्ध के अन्य क्षेत्रों में लड़ाई कर रही यूक्रेनी सेनाओं पर दबाव कम करना है। लेकिन यूक्रेन के इस हमले में रूसी सेनाओं ने रूस को और भी ज्यादा हमलावर बनाया है। रूस ने पूर्वी डोनेट्स्क प्रांत में लगातार तेज हमले करना जारी रखा है। रिपोर्ट के अनुसार, युद्ध शुरू होने के बाद से पूर्वी यूक्रेन में डोनेट्स्क और लुहान्स्क वाले डोनबास क्षेत्र में सबसे अधिक लड़ाई देखी गई है।",लुहान्स्क,711,720,"['Innocent', 'Victim']",772,152,रूस ने पूर्वी डोनेट्स्क प्रांत में लगातार तेज हमले करना जारी रखा है।,565,633,True,Innocent,2,0.42046568,0.3052972,0.2742372,0.42046568,"['Innocent', 'Victim']",['Victim'],0.011052088,0.011348839,0.006379873,0.013191029,0.030310163,0.006950591,0.030974615,0.0046546087,0.0196409,0.018247366,0.0034607204,0.0032093085,0.005822501,0.012693309,0.010560175,0.011034496,0.013519907,0.007823265,0.11739304,0.13655545,0.9974131,0.017095346
HI_110.txt, रूस और यूक्रेन के बीच छिड़े युद्ध के बीच राष्ट्रपति व्लादिमीर पुतिन ने अमेरिका और ब्रिटेन को कड़ी चेतावनी दी है. उन्होंने कहा कि अगर ये देश यूक्रेन को रूस पर हमला करने देंगे तो वे उन देशों पर हमला कर देंगे.,रूस,1,4,"['Antagonist', 'Tyrant']",207,42,रूस और यूक्रेन के बीच छिड़े युद्ध के बीच राष्ट्रपति व्लादिमीर पुतिन ने अमेरिका और ब्रिटेन को कड़ी चेतावनी दी है. उन्होंने कहा कि अगर ये देश यूक्रेन को रूस पर हमला करने देंगे तो वे उन देशों पर हमला कर देंगे.,1,207,True,Antagonist,1,0.42218846,0.30375445,0.42218846,0.27405706,"['Antagonist', 'Tyrant']",['Tyrant'],0.0065633757,0.0012484649,0.0039018202,0.02122151,0.0025713816,0.0030092031,0.54929435,0.012240335,0.79022646,0.12168715,0.003032145,0.0006055295,0.0070839543,0.0070973923,0.009814571,0.010979209,0.01645276,0.0064161276,0.0017398297,0.0026312862,0.0152298445,0.0030804204
HI_110.txt, रूस और यूक्रेन के बीच छिड़े युद्ध के बीच राष्ट्रपति व्लादिमीर पुतिन ने अमेरिका और ब्रिटेन को कड़ी चेतावनी दी है. उन्होंने कहा कि अगर ये देश यूक्रेन को रूस पर हमला करने देंगे तो वे उन देशों पर हमला कर देंगे.,व्लादिमीर पुतिन,53,68,"['Protagonist', 'Guardian']",207,42,रूस और यूक्रेन के बीच छिड़े युद्ध के बीच राष्ट्रपति व्लादिमीर पुतिन ने अमेरिका और ब्रिटेन को कड़ी चेतावनी दी है. उन्होंने कहा कि अगर ये देश यूक्रेन को रूस पर हमला करने देंगे तो वे उन देशों पर हमला कर देंगे.,1,207,True,Protagonist,0,0.3991644,0.3991644,0.3009844,0.29985118,"['Protagonist', 'Guardian']",['Guardian'],0.8018271,0.004387982,0.009789754,0.3858463,0.0064296834,0.022708088,0.1507673,0.0029078948,0.096038505,0.019414205,0.0017298276,0.0010154737,0.0021606055,0.0011815773,0.005221978,0.010913605,0.003335889,0.003144296,0.0022172588,0.0024728372,0.014071485,0.0017551926
HI_110.txt, रूस और यूक्रेन के बीच छिड़े युद्ध के बीच राष्ट्रपति व्लादिमीर पुतिन ने अमेरिका और ब्रिटेन को कड़ी चेतावनी दी है. उन्होंने कहा कि अगर ये देश यूक्रेन को रूस पर हमला करने देंगे तो वे उन देशों पर हमला कर देंगे.,अमेरिका,72,79,"['Antagonist', 'Foreign Adversary']",207,42,रूस और यूक्रेन के बीच छिड़े युद्ध के बीच राष्ट्रपति व्लादिमीर पुतिन ने अमेरिका और ब्रिटेन को कड़ी चेतावनी दी है. उन्होंने कहा कि अगर ये देश यूक्रेन को रूस पर हमला करने देंगे तो वे उन देशों पर हमला कर देंगे.,1,207,True,Antagonist,1,0.42221078,0.30181795,0.42221078,0.27597123,"['Antagonist', 'Foreign Adversary']",['Foreign Adversary'],0.097077146,0.0022317849,0.009384727,0.04969899,0.009256316,0.036551017,0.10243397,0.0141675165,0.027135653,0.9902822,0.003976921,0.0058170166,0.0077681253,0.004649473,0.007941063,0.006799415,0.015995698,0.009880266,0.012065538,0.0052518537,0.013626962,0.014006623
HI_110.txt, रूस और यूक्रेन के बीच छिड़े युद्ध के बीच राष्ट्रपति व्लादिमीर पुतिन ने अमेरिका और ब्रिटेन को कड़ी चेतावनी दी है. उन्होंने कहा कि अगर ये देश यूक्रेन को रूस पर हमला करने देंगे तो वे उन देशों पर हमला कर देंगे.,ब्रिटेन,83,90,"['Antagonist', 'Foreign Adversary']",207,42,रूस और यूक्रेन के बीच छिड़े युद्ध के बीच राष्ट्रपति व्लादिमीर पुतिन ने अमेरिका और ब्रिटेन को कड़ी चेतावनी दी है. उन्होंने कहा कि अगर ये देश यूक्रेन को रूस पर हमला करने देंगे तो वे उन देशों पर हमला कर देंगे.,1,207,True,Antagonist,1,0.42221695,0.3021464,0.42221695,0.27563667,"['Antagonist', 'Foreign Adversary']",['Foreign Adversary'],0.048488587,0.0022996638,0.008995698,0.07011333,0.01569416,0.03414561,0.09748963,0.01962947,0.032317188,0.9942615,0.005758624,0.0073137092,0.01124429,0.006841315,0.010525917,0.007833313,0.021110957,0.012399827,0.015865406,0.006359435,0.01604784,0.018684184
HI_110.txt, रूस और यूक्रेन के बीच पिछले दो सालों से युद्ध चल रहा है. इस जंग में अब तक 1 लाख से ज़्यादा लोगों की मौत हो चुकी है. जिसमें सबसे ज़्यादा 50 हज़ार यूक्रेनी सैनिकों की मौत हुई है. इस बीच दोनों देशों के बीच भीषण युद्ध छिड़ गया है. यूक्रेन आक्रामक मूड में है और अमेरिका और ब्रिटेन की मदद से रूस पर ड्रोन हमले कर रहा है.,यूक्रेनी सैनिकों,146,162,"['Protagonist', 'Martyr']",315,69,इस जंग में अब तक 1 लाख से ज़्यादा लोगों की मौत हो चुकी है. जिसमें सबसे ज़्यादा 50 हज़ार यूक्रेनी सैनिकों की मौत हुई है.,58,177,True,Innocent,2,0.42042568,0.30640787,0.27316648,0.42042568,"['Innocent', 'Victim']",['Victim'],0.009557436,0.016285863,0.006971443,0.01632016,0.047345135,0.0058837007,0.029882679,0.0041587786,0.01851741,0.015573593,0.0033590484,0.003116494,0.0046014553,0.012675191,0.011005929,0.008275045,0.0088934945,0.0054330924,0.08630825,0.15509565,0.99672604,0.01200173
HI_110.txt, रूस और यूक्रेन के बीच पिछले दो सालों से युद्ध चल रहा है. इस जंग में अब तक 1 लाख से ज़्यादा लोगों की मौत हो चुकी है. जिसमें सबसे ज़्यादा 50 हज़ार यूक्रेनी सैनिकों की मौत हुई है. इस बीच दोनों देशों के बीच भीषण युद्ध छिड़ गया है. यूक्रेन आक्रामक मूड में है और अमेरिका और ब्रिटेन की मदद से रूस पर ड्रोन हमले कर रहा है.,यूक्रेन,228,235,"['Protagonist', 'Rebel']",315,69,यूक्रेन आक्रामक मूड में है और अमेरिका और ब्रिटेन की मदद से रूस पर ड्रोन हमले कर रहा है.,228,315,True,Protagonist,0,0.39021325,0.39021325,0.3358882,0.27389848,"['Protagonist', 'Instigator']",['Instigator'],0.011735349,0.0031502815,0.004986628,0.20645954,0.10076952,0.0034661565,0.79045206,0.0063899676,0.23908748,0.033878665,0.013032174,0.0010515894,0.011340347,0.0069617513,0.006945762,0.014560941,0.045327596,0.006148363,0.0020565249,0.0021459605,0.00981489,0.0026923479
HI_158.txt,"मॉस्को : रूसी राष्ट्रपति व्लादिमीर पुतिन ने कहा कि यूक्रेन देश के दक्षिण में अपनी घुसपैठ के साथ रूसी स्थिरता को कमजोर करने की कोशिश कर रहा है. पुतिन ने कहा कि यूक्रेन को 'उचित जवाब' मिलेगा. पिछले हफ्ते, यूक्रेनी सेना ने रूसी सीमा में प्रवेश कर लिया. कुर्स्क क्षेत्र के पश्चिमी हिस्सों में घुसपैठ की. 2022 में देश में रूस के युद्ध की शुरुआत के बाद से यह यूक्रेन की सीमा पार की गई सबसे बड़ी घुसपैठ है.",पुतिन,143,148,"['Protagonist', 'Rebel']",399,79,रूसी राष्ट्रपति व्लादिमीर पुतिन ने कहा कि यूक्रेन देश के दक्षिण में अपनी घुसपैठ के साथ रूसी स्थिरता को कमजोर करने की कोशिश कर रहा है. पुतिन ने कहा कि यूक्रेन को 'उचित जवाब' मिलेगा.,9,189,True,Protagonist,0,0.39908648,0.39908648,0.30252954,0.29838395,"['Protagonist', 'Guardian', 'Rebel']","['Guardian', 'Rebel']",0.83795625,0.005485837,0.003410248,0.70070726,0.030511783,0.029397879,0.014162915,0.0038807902,0.009063697,0.008957986,0.004955572,0.0032125788,0.0021933664,0.003785515,0.0054388414,0.0077485167,0.0040303394,0.0033886284,0.0039114077,0.002932101,0.008035536,0.0015975937
HI_158.txt,"मॉस्को : रूसी राष्ट्रपति व्लादिमीर पुतिन ने कहा कि यूक्रेन देश के दक्षिण में अपनी घुसपैठ के साथ रूसी स्थिरता को कमजोर करने की कोशिश कर रहा है. पुतिन ने कहा कि यूक्रेन को 'उचित जवाब' मिलेगा. पिछले हफ्ते, यूक्रेनी सेना ने रूसी सीमा में प्रवेश कर लिया. कुर्स्क क्षेत्र के पश्चिमी हिस्सों में घुसपैठ की. 2022 में देश में रूस के युद्ध की शुरुआत के बाद से यह यूक्रेन की सीमा पार की गई सबसे बड़ी घुसपैठ है.",यूक्रेनी सेना,203,216,"['Antagonist', 'Foreign Adversary', 'Tyrant']",399,79,यूक्रेनी सेना ने रूसी सीमा में प्रवेश कर लिया. कुर्स्क क्षेत्र के पश्चिमी हिस्सों में घुसपैठ की.,203,299,True,Protagonist,0,0.39912075,0.39912075,0.30182168,0.2990576,"['Protagonist', 'Guardian', 'Rebel']","['Guardian', 'Rebel']",0.4659021,0.005377417,0.003413734,0.6567889,0.4012233,0.01367062,0.016497077,0.005114969,0.009082689,0.0067172055,0.010033922,0.0042024134,0.0037358978,0.00534113,0.003688855,0.01391396,0.00784622,0.0027208182,0.0033295301,0.0013876732,0.0031868143,0.0018043546
HI_158.txt,"मॉस्को : रूसी राष्ट्रपति व्लादिमीर पुतिन ने कहा कि यूक्रेन देश के दक्षिण में अपनी घुसपैठ के साथ रूसी स्थिरता को कमजोर करने की कोशिश कर रहा है. पुतिन ने कहा कि यूक्रेन को 'उचित जवाब' मिलेगा. पिछले हफ्ते, यूक्रेनी सेना ने रूसी सीमा में प्रवेश कर लिया. कुर्स्क क्षेत्र के पश्चिमी हिस्सों में घुसपैठ की. 2022 में देश में रूस के युद्ध की शुरुआत के बाद से यह यूक्रेन की सीमा पार की गई सबसे बड़ी घुसपैठ है.",कुर्स्क,250,257,"['Innocent', 'Victim']",399,79,"पिछले हफ्ते, यूक्रेनी सेना ने रूसी सीमा में प्रवेश कर लिया. कुर्स्क क्षेत्र के पश्चिमी हिस्सों में घुसपैठ की.",190,299,True,Innocent,2,0.42046425,0.30528584,0.27424994,0.42046425,"['Innocent', 'Victim']",['Victim'],0.013282907,0.007781931,0.0055515277,0.015881361,0.041110873,0.007666369,0.024493681,0.0044767344,0.025430901,0.02421024,0.0030023225,0.0028377506,0.006143202,0.01883076,0.009692504,0.0062948754,0.014076143,0.005392763,0.12764838,0.11037462,0.9968569,0.013452205
HI_158.txt,"मॉस्को : रूसी राष्ट्रपति व्लादिमीर पुतिन ने कहा कि यूक्रेन देश के दक्षिण में अपनी घुसपैठ के साथ रूसी स्थिरता को कमजोर करने की कोशिश कर रहा है. पुतिन ने कहा कि यूक्रेन को 'उचित जवाब' मिलेगा. पिछले हफ्ते, यूक्रेनी सेना ने रूसी सीमा में प्रवेश कर लिया. कुर्स्क क्षेत्र के पश्चिमी हिस्सों में घुसपैठ की. 2022 में देश में रूस के युद्ध की शुरुआत के बाद से यह यूक्रेन की सीमा पार की गई सबसे बड़ी घुसपैठ है.",रूस,317,320,"['Antagonist', 'Instigator', 'Tyrant']",399,79,मॉस्को : रूसी राष्ट्रपति व्लादिमीर पुतिन ने कहा कि यूक्रेन देश के दक्षिण में अपनी घुसपैठ के साथ रूसी स्थिरता को कमजोर करने की कोशिश कर रहा है. पुतिन ने कहा कि यूक्रेन को 'उचित जवाब' मिलेगा.,0,189,True,Antagonist,1,0.4222166,0.30224144,0.4222166,0.2755419,"['Antagonist', 'Tyrant']",['Tyrant'],0.0062797945,0.0020713038,0.0044605047,0.0068090986,0.0027880138,0.005118044,0.38423878,0.0114761945,0.90982103,0.08847364,0.005075159,0.0010887806,0.012922747,0.012292261,0.0072669564,0.02017672,0.012792651,0.009807016,0.0027573337,0.005233464,0.015752703,0.006135027
HI_158.txt,"मॉस्को : रूसी राष्ट्रपति व्लादिमीर पुतिन ने कहा कि यूक्रेन देश के दक्षिण में अपनी घुसपैठ के साथ रूसी स्थिरता को कमजोर करने की कोशिश कर रहा है. पुतिन ने कहा कि यूक्रेन को 'उचित जवाब' मिलेगा. पिछले हफ्ते, यूक्रेनी सेना ने रूसी सीमा में प्रवेश कर लिया. कुर्स्क क्षेत्र के पश्चिमी हिस्सों में घुसपैठ की. 2022 में देश में रूस के युद्ध की शुरुआत के बाद से यह यूक्रेन की सीमा पार की गई सबसे बड़ी घुसपैठ है.",यूक्रेन,353,360,"['Protagonist', 'Underdog']",399,79,मॉस्को : रूसी राष्ट्रपति व्लादिमीर पुतिन ने कहा कि यूक्रेन देश के दक्षिण में अपनी घुसपैठ के साथ रूसी स्थिरता को कमजोर करने की कोशिश कर रहा है. पुतिन ने कहा कि यूक्रेन को 'उचित जवाब' मिलेगा.,0,189,True,Innocent,2,0.42046568,0.3050757,0.2744586,0.42046568,"['Innocent', 'Victim']",['Victim'],0.0038700711,0.0037771661,0.0033899795,0.0054344404,0.09965758,0.0023496922,0.061444357,0.0029553107,0.014263814,0.07495465,0.0035839106,0.001171971,0.0054207263,0.015403248,0.009082621,0.0030491652,0.017393008,0.0023073228,0.08821707,0.10031942,0.9571,0.012622958
HI_158.txt,"मॉस्को ने घुसपैठ को रोकने के लिए अपने स्वयं के सैनिकों को तैनात करके सैन्य रूप से जवाबी कार्रवाई की है. रूस के रक्षा मंत्रालय ने सोमवार को कहा कि अतिरिक्त बल और संसाधन कुर्स्क में पहुंच गए हैं. हालांकि, बल की संख्या के बारे में विस्तार से नहीं बताया. सेना ने बताया कि भारी ट्रैक वाले वाहनों को ऑटोमोबाइल ट्रेलरों पर लोड किया जा रहा है ताकि उन क्षेत्रों में तुरंत पहुंचाया जा सके जहां यूक्रेनी सशस्त्र बलों की संरचनाओं को अवरुद्ध किया जा रहा है और सड़क की सतह की सुरक्षा सुनिश्चित की जा सके.",मॉस्को,0,6,"['Protagonist', 'Guardian']",490,97,मॉस्को ने घुसपैठ को रोकने के लिए अपने स्वयं के सैनिकों को तैनात करके सैन्य रूप से जवाबी कार्रवाई की है.,0,103,True,Protagonist,0,0.3992,0.3992,0.2993782,0.3014218,"['Protagonist', 'Guardian', 'Rebel']","['Guardian', 'Rebel']",0.613843,0.0020253689,0.0024185313,0.78912514,0.018714419,0.011413335,0.062351868,0.0036337832,0.01665583,0.083699636,0.0029892342,0.0014635219,0.0027746388,0.0027827134,0.0061573326,0.008813316,0.0045040245,0.002482423,0.002671002,0.0025291543,0.0075138877,0.001550105
HI_158.txt,"मॉस्को ने घुसपैठ को रोकने के लिए अपने स्वयं के सैनिकों को तैनात करके सैन्य रूप से जवाबी कार्रवाई की है. रूस के रक्षा मंत्रालय ने सोमवार को कहा कि अतिरिक्त बल और संसाधन कुर्स्क में पहुंच गए हैं. हालांकि, बल की संख्या के बारे में विस्तार से नहीं बताया. सेना ने बताया कि भारी ट्रैक वाले वाहनों को ऑटोमोबाइल ट्रेलरों पर लोड किया जा रहा है ताकि उन क्षेत्रों में तुरंत पहुंचाया जा सके जहां यूक्रेनी सशस्त्र बलों की संरचनाओं को अवरुद्ध किया जा रहा है और सड़क की सतह की सुरक्षा सुनिश्चित की जा सके.",रक्षा मंत्रालय,111,125,"['Protagonist', 'Guardian']",490,97,रूस के रक्षा मंत्रालय ने सोमवार को कहा कि अतिरिक्त बल और संसाधन कुर्स्क में पहुंच गए हैं.,104,193,True,Protagonist,0,0.39911196,0.39911196,0.30206674,0.29882124,"['Protagonist', 'Guardian']",['Guardian'],0.9902644,0.0040650917,0.014458856,0.20178567,0.010808834,0.13202372,0.020970182,0.009007211,0.01765502,0.01473764,0.0031906553,0.0027211872,0.0056635193,0.004855436,0.016871769,0.011192423,0.013203833,0.007128489,0.004767234,0.004757974,0.016850602,0.0023095796
HI_158.txt,"सोमवार को यूक्रेन के सेना प्रमुख ओलेक्सांद्र सिरस्की ने कहा कि कीव कुर्स्क के लगभग 1,000 वर्ग किलोमीटर (386 वर्ग मील) क्षेत्र पर अपना कब्जा कर लिया है. सोमवार को पहली बार जेलेंस्की ने पुष्टि की कि यूक्रेनी सैन्य बल कुर्स्क के अंदर काम कर रहे हैं. अपने रात्रिकालीन संबोधन में राष्ट्रपति ने कहा कि मॉस्को की ओर से अन्य देशों में लड़ाई को ले जाने के बाद अब युद्ध रूस में वापस आ रहा है.",ओलेक्सांद्र सिरस्की,33,52,"['Protagonist', 'Guardian', 'Underdog']",382,76,"सोमवार को यूक्रेन के सेना प्रमुख ओलेक्सांद्र सिरस्की ने कहा कि कीव कुर्स्क के लगभग 1,000 वर्ग किलोमीटर (386 वर्ग मील) क्षेत्र पर अपना कब्जा कर लिया है.",0,151,True,Protagonist,0,0.3991422,0.3991422,0.3014938,0.299364,"['Protagonist', 'Guardian']",['Guardian'],0.9319874,0.004901043,0.008749047,0.117297255,0.35496473,0.032720096,0.008306491,0.0032772787,0.0045317886,0.011877177,0.00468485,0.002809461,0.0039574197,0.0028298278,0.0056832954,0.006895062,0.0068358737,0.0024826606,0.004426554,0.002444038,0.010788067,0.0013546415
HI_158.txt,"सोमवार को यूक्रेन के सेना प्रमुख ओलेक्सांद्र सिरस्की ने कहा कि कीव कुर्स्क के लगभग 1,000 वर्ग किलोमीटर (386 वर्ग मील) क्षेत्र पर अपना कब्जा कर लिया है. सोमवार को पहली बार जेलेंस्की ने पुष्टि की कि यूक्रेनी सैन्य बल कुर्स्क के अंदर काम कर रहे हैं. अपने रात्रिकालीन संबोधन में राष्ट्रपति ने कहा कि मॉस्को की ओर से अन्य देशों में लड़ाई को ले जाने के बाद अब युद्ध रूस में वापस आ रहा है.",कीव,63,66,"['Protagonist', 'Rebel', 'Underdog']",382,76,"सोमवार को यूक्रेन के सेना प्रमुख ओलेक्सांद्र सिरस्की ने कहा कि कीव कुर्स्क के लगभग 1,000 वर्ग किलोमीटर (386 वर्ग मील) क्षेत्र पर अपना कब्जा कर लिया है.",0,151,True,Innocent,2,0.4204607,0.3051153,0.27442396,0.4204607,"['Innocent', 'Guardian']",['Guardian'],0.5896731,0.0071002156,0.003073312,0.16038005,0.39647567,0.0033446644,0.043948475,0.0013353779,0.008136333,0.008877164,0.0053463127,0.0026952056,0.0049118176,0.0039442917,0.010182324,0.014023517,0.0057560042,0.001020774,0.010683926,0.008001828,0.04306001,0.0039415937
HI_158.txt,"सोमवार को यूक्रेन के सेना प्रमुख ओलेक्सांद्र सिरस्की ने कहा कि कीव कुर्स्क के लगभग 1,000 वर्ग किलोमीटर (386 वर्ग मील) क्षेत्र पर अपना कब्जा कर लिया है. सोमवार को पहली बार जेलेंस्की ने पुष्टि की कि यूक्रेनी सैन्य बल कुर्स्क के अंदर काम कर रहे हैं. अपने रात्रिकालीन संबोधन में राष्ट्रपति ने कहा कि मॉस्को की ओर से अन्य देशों में लड़ाई को ले जाने के बाद अब युद्ध रूस में वापस आ रहा है.",जेलेंस्की,171,180,"['Protagonist', 'Guardian', 'Underdog']",382,76,सोमवार को पहली बार जेलेंस्की ने पुष्टि की कि यूक्रेनी सैन्य बल कुर्स्क के अंदर काम कर रहे हैं.,152,246,True,Protagonist,0,0.39916617,0.39916617,0.3009475,0.29988632,"['Protagonist', 'Guardian']",['Guardian'],0.9415573,0.0017313245,0.01754766,0.042213913,0.17610365,0.10784009,0.004174532,0.0045287865,0.0029090869,0.011967451,0.0028424542,0.0024636865,0.0056548924,0.002727984,0.004348951,0.0033097332,0.039084647,0.003453093,0.0045793187,0.0014096791,0.008770146,0.00199022
HI_158.txt,"सोमवार को यूक्रेन के सेना प्रमुख ओलेक्सांद्र सिरस्की ने कहा कि कीव कुर्स्क के लगभग 1,000 वर्ग किलोमीटर (386 वर्ग मील) क्षेत्र पर अपना कब्जा कर लिया है. सोमवार को पहली बार जेलेंस्की ने पुष्टि की कि यूक्रेनी सैन्य बल कुर्स्क के अंदर काम कर रहे हैं. अपने रात्रिकालीन संबोधन में राष्ट्रपति ने कहा कि मॉस्को की ओर से अन्य देशों में लड़ाई को ले जाने के बाद अब युद्ध रूस में वापस आ रहा है.",मॉस्को,296,302,"['Antagonist', 'Instigator']",382,76,मॉस्को की ओर से अन्य देशों में लड़ाई को ले जाने के बाद अब युद्ध रूस में वापस आ रहा है.,296,382,True,Antagonist,1,0.41238979,0.3285793,0.41238979,0.25903088,"['Antagonist', 'Instigator', 'Foreign Adversary']","['Instigator', 'Foreign Adversary']",0.024647202,0.0014575676,0.00675931,0.010030414,0.0011923681,0.008315543,0.65850323,0.026101781,0.052037973,0.61221886,0.0030168232,0.0013628684,0.08406232,0.0017097017,0.013862475,0.021686314,0.01090939,0.004081554,0.0032139232,0.0031800203,0.0047411295,0.007647159
HI_158.txt,"सोमवार को यूक्रेन के सेना प्रमुख ओलेक्सांद्र सिरस्की ने कहा कि कीव कुर्स्क के लगभग 1,000 वर्ग किलोमीटर (386 वर्ग मील) क्षेत्र पर अपना कब्जा कर लिया है. सोमवार को पहली बार जेलेंस्की ने पुष्टि की कि यूक्रेनी सैन्य बल कुर्स्क के अंदर काम कर रहे हैं. अपने रात्रिकालीन संबोधन में राष्ट्रपति ने कहा कि मॉस्को की ओर से अन्य देशों में लड़ाई को ले जाने के बाद अब युद्ध रूस में वापस आ रहा है.",युद्ध,354,359,"['Antagonist', 'Foreign Adversary']",382,76,मॉस्को की ओर से अन्य देशों में लड़ाई को ले जाने के बाद अब युद्ध रूस में वापस आ रहा है.,296,382,True,Protagonist,0,0.3974533,0.3974533,0.31313458,0.28941217,"['Protagonist', 'Foreign Adversary']",['Foreign Adversary'],0.007836197,0.002384827,0.012516034,0.010416106,0.0039256937,0.010570399,0.2554281,0.034830485,0.17222205,0.6837516,0.0032975525,0.00080778915,0.031149955,0.0047339443,0.010284073,0.004336506,0.0047412515,0.001954423,0.0062812855,0.004909031,0.007822755,0.006033073
HI_158.txt,"इससे पहले दिन में, कुर्स्क के गवर्नर एलेक्सी स्मिरनोव ने पुतिन को बताया कि उनके क्षेत्र पर छह दिनों के यूक्रेनी जमीनी हमलों के परिणामस्वरूप 28 बस्तियां नष्ट हो गई हैं, और घुसपैठ लगभग 12 किमी गहरी और 40 किमी चौड़ी थी. उन्होंने कहा कि 12 नागरिक मारे गए हैं और 121,000 लोगों को निकाला गया है या वे लड़ाई से प्रभावित क्षेत्रों को अपने आप छोड़ गए हैं. निकासी की कुल नियोजित संख्या 180,000 है.",एलेक्सी स्मिरनोव,37,53,"['Protagonist', 'Guardian']",387,76,एलेक्सी स्मिरनोव ने पुतिन को बताया कि उनके क्षेत्र पर छह दिनों के यूक्रेनी जमीनी हमलों के परिणामस्वरूप 28 बस्तियां नष्ट हो गई हैं.,-1,-1,True,Protagonist,0,0.39918715,0.39918715,0.30016592,0.300647,"['Protagonist', 'Guardian']",['Guardian'],0.9953081,0.00813887,0.031283032,0.078856066,0.026961109,0.189391,0.020221476,0.010403748,0.010087125,0.014172405,0.0056025106,0.0049111,0.011601507,0.0047654994,0.023896512,0.01291516,0.024765542,0.011223708,0.009060301,0.0077964584,0.032289978,0.0040325564
HI_158.txt,"इससे पहले दिन में, कुर्स्क के गवर्नर एलेक्सी स्मिरनोव ने पुतिन को बताया कि उनके क्षेत्र पर छह दिनों के यूक्रेनी जमीनी हमलों के परिणामस्वरूप 28 बस्तियां नष्ट हो गई हैं, और घुसपैठ लगभग 12 किमी गहरी और 40 किमी चौड़ी थी. उन्होंने कहा कि 12 नागरिक मारे गए हैं और 121,000 लोगों को निकाला गया है या वे लड़ाई से प्रभावित क्षेत्रों को अपने आप छोड़ गए हैं. निकासी की कुल नियोजित संख्या 180,000 है.",नागरिक,236,242,"['Innocent', 'Victim']",387,76,"उन्होंने कहा कि 12 नागरिक मारे गए हैं और 121,000 लोगों को निकाला गया है या वे लड़ाई से प्रभावित क्षेत्रों को अपने आप छोड़ गए हैं.",217,346,True,Innocent,2,0.42045957,0.30553806,0.27400237,0.42045957,"['Innocent', 'Victim']",['Victim'],0.012931424,0.02179352,0.0068913545,0.0154619645,0.032225464,0.007755669,0.02437023,0.0043593263,0.019186486,0.012764048,0.0031869977,0.0038198251,0.004187876,0.01149491,0.008729216,0.0105496235,0.0075844233,0.006742824,0.079792194,0.15908545,0.9967325,0.013416888
HI_158.txt,"झूठे आरोप?: क्षेत्रीय गवर्नर व्याचेस्लाव ग्लैडकोव के अनुसार, सोमवार को रूस के बेलगोरोड क्षेत्र में भी एक नया निकासी आदेश जारी किया गया क्योंकि इसके क्रास्नाया यारुगा जिले में यूक्रेनी सेना द्वारा घुसपैठ की आशंका थी. क्रास्नाया यारुगा बेलगोरोड के उत्तर-पश्चिम में स्थित है और कुर्स्क की सीमा पर है. पुतिन ने एक टेलीविजन मीटिंग में कहा कि यूक्रेनी सशस्त्र बलों के नुकसान उनके लिए नाटकीय रूप से बढ़ रहे हैं, जिनमें सबसे अधिक युद्ध-तैयार इकाइयां शामिल हैं, जिन्हें दुश्मन हमारी सीमा पर स्थानांतरित कर रहा है.",व्याचेस्लाव ग्लैडकोव,29,49,"['Protagonist', 'Guardian']",504,87,"क्षेत्रीय गवर्नर व्याचेस्लाव ग्लैडकोव के अनुसार, सोमवार को रूस के बेलगोरोड क्षेत्र में भी एक नया निकासी आदेश जारी किया गया.",-1,-1,True,Protagonist,0,0.39910954,0.39910954,0.30211928,0.2987712,"['Protagonist', 'Guardian']",['Guardian'],0.99153906,0.0038462365,0.028687263,0.036661323,0.012340796,0.25447676,0.013603384,0.011358619,0.0101074,0.010559702,0.004413555,0.0029921615,0.010822965,0.00448268,0.018604435,0.008200113,0.06157104,0.011919272,0.0060792416,0.0047489735,0.01908107,0.0043680957
HI_158.txt,"झूठे आरोप?: क्षेत्रीय गवर्नर व्याचेस्लाव ग्लैडकोव के अनुसार, सोमवार को रूस के बेलगोरोड क्षेत्र में भी एक नया निकासी आदेश जारी किया गया क्योंकि इसके क्रास्नाया यारुगा जिले में यूक्रेनी सेना द्वारा घुसपैठ की आशंका थी. क्रास्नाया यारुगा बेलगोरोड के उत्तर-पश्चिम में स्थित है और कुर्स्क की सीमा पर है. पुतिन ने एक टेलीविजन मीटिंग में कहा कि यूक्रेनी सशस्त्र बलों के नुकसान उनके लिए नाटकीय रूप से बढ़ रहे हैं, जिनमें सबसे अधिक युद्ध-तैयार इकाइयां शामिल हैं, जिन्हें दुश्मन हमारी सीमा पर स्थानांतरित कर रहा है.",बेलगोरोड,78,86,"['Innocent', 'Victim']",504,87,सोमवार को रूस के बेलगोरोड क्षेत्र में भी एक नया निकासी आदेश जारी किया गया.,-1,-1,True,Innocent,2,0.42046577,0.30529475,0.27423948,0.42046577,"['Innocent', 'Victim']",['Victim'],0.013020342,0.008216436,0.006800742,0.014015497,0.027458288,0.007821497,0.030303394,0.0056668925,0.01776916,0.020045413,0.003691411,0.0031150752,0.0062808213,0.016679205,0.009949232,0.010243254,0.017002683,0.008180443,0.120194644,0.13663097,0.99763286,0.015669702
HI_158.txt,"झूठे आरोप?: क्षेत्रीय गवर्नर व्याचेस्लाव ग्लैडकोव के अनुसार, सोमवार को रूस के बेलगोरोड क्षेत्र में भी एक नया निकासी आदेश जारी किया गया क्योंकि इसके क्रास्नाया यारुगा जिले में यूक्रेनी सेना द्वारा घुसपैठ की आशंका थी. क्रास्नाया यारुगा बेलगोरोड के उत्तर-पश्चिम में स्थित है और कुर्स्क की सीमा पर है. पुतिन ने एक टेलीविजन मीटिंग में कहा कि यूक्रेनी सशस्त्र बलों के नुकसान उनके लिए नाटकीय रूप से बढ़ रहे हैं, जिनमें सबसे अधिक युद्ध-तैयार इकाइयां शामिल हैं, जिन्हें दुश्मन हमारी सीमा पर स्थानांतरित कर रहा है.",क्रास्नाया यारुगा,148,165,"['Innocent', 'Victim']",504,87,सोमवार को रूस के बेलगोरोड क्षेत्र में भी एक नया निकासी आदेश जारी किया गया क्योंकि इसके क्रास्नाया यारुगा जिले में यूक्रेनी सेना द्वारा घुसपैठ की आशंका थी.,61,215,True,Innocent,2,0.4204651,0.30534467,0.2741902,0.4204651,"['Innocent', 'Victim']",['Victim'],0.011018579,0.009431735,0.006343338,0.0139414985,0.027535,0.0070190104,0.029549489,0.006047872,0.015748303,0.018817058,0.0038280932,0.0033974806,0.006767757,0.020514475,0.009296736,0.009767674,0.015422496,0.007988146,0.12229101,0.14218421,0.9975095,0.016676493
HI_158.txt,"झूठे आरोप?: क्षेत्रीय गवर्नर व्याचेस्लाव ग्लैडकोव के अनुसार, सोमवार को रूस के बेलगोरोड क्षेत्र में भी एक नया निकासी आदेश जारी किया गया क्योंकि इसके क्रास्नाया यारुगा जिले में यूक्रेनी सेना द्वारा घुसपैठ की आशंका थी. क्रास्नाया यारुगा बेलगोरोड के उत्तर-पश्चिम में स्थित है और कुर्स्क की सीमा पर है. पुतिन ने एक टेलीविजन मीटिंग में कहा कि यूक्रेनी सशस्त्र बलों के नुकसान उनके लिए नाटकीय रूप से बढ़ रहे हैं, जिनमें सबसे अधिक युद्ध-तैयार इकाइयां शामिल हैं, जिन्हें दुश्मन हमारी सीमा पर स्थानांतरित कर रहा है.",यूक्रेनी सेना,175,188,"['Antagonist', 'Foreign Adversary', 'Tyrant']",504,87,यूक्रेनी सेना द्वारा घुसपैठ की आशंका थी.,175,215,True,Antagonist,1,0.41526076,0.32390448,0.41526076,0.2608348,"['Antagonist', 'Foreign Adversary']",['Foreign Adversary'],0.041827764,0.00085139927,0.0025226285,0.11309784,0.10748394,0.0049530785,0.23286635,0.010784948,0.030882802,0.93299246,0.0035472517,0.001751587,0.011504602,0.0052434085,0.006504997,0.0092172045,0.016264899,0.0031541635,0.003928003,0.0021122452,0.009078163,0.0033750706
HI_158.txt,"झूठे आरोप?: क्षेत्रीय गवर्नर व्याचेस्लाव ग्लैडकोव के अनुसार, सोमवार को रूस के बेलगोरोड क्षेत्र में भी एक नया निकासी आदेश जारी किया गया क्योंकि इसके क्रास्नाया यारुगा जिले में यूक्रेनी सेना द्वारा घुसपैठ की आशंका थी. क्रास्नाया यारुगा बेलगोरोड के उत्तर-पश्चिम में स्थित है और कुर्स्क की सीमा पर है. पुतिन ने एक टेलीविजन मीटिंग में कहा कि यूक्रेनी सशस्त्र बलों के नुकसान उनके लिए नाटकीय रूप से बढ़ रहे हैं, जिनमें सबसे अधिक युद्ध-तैयार इकाइयां शामिल हैं, जिन्हें दुश्मन हमारी सीमा पर स्थानांतरित कर रहा है.",पुतिन,298,303,"['Protagonist', 'Guardian']",504,87,पुतिन ने एक टेलीविजन मीटिंग में कहा कि यूक्रेनी सशस्त्र बलों के नुकसान उनके लिए नाटकीय रूप से बढ़ रहे हैं.,-1,-1,True,Protagonist,0,0.39906454,0.39906454,0.3027912,0.29814422,"['Protagonist', 'Guardian', 'Rebel']","['Guardian', 'Rebel']",0.7818776,0.008911514,0.0031367452,0.73883605,0.041123997,0.019976936,0.015506014,0.0030580957,0.009048805,0.010864886,0.0047798813,0.0030310077,0.0016888211,0.0037781512,0.005813474,0.008249116,0.003092975,0.003532388,0.005889862,0.0046766745,0.018570388,0.0015380306
HI_158.txt,"राष्ट्रपति ने कहा कि दुश्मन को निश्चित रूप से एक योग्य प्रतिक्रिया मिलेगी, और हमारे सामने आने वाले सभी लक्ष्य, बिना किसी संदेह के, हासिल किए जाएंगे. यूक्रेन की सुरक्षा सेवा (एसबीयू) ने कहा कि रूस कीव की सेना पर युद्ध अपराधों का झूठा आरोप लगाने की कोशिश कर रहा है. एसबीयू ने टेलीग्राम पर कहा कि उसने ऐसी जानकारी एकत्र की है जो दिखाती है कि रूस ऐसे अपराध कर सकता है जिसके लिए वह यूक्रेन को दोषी ठहराएगा.",राष्ट्रपति,0,10,"['Protagonist', 'Rebel', 'Guardian']",401,80,राष्ट्रपति ने कहा कि दुश्मन को निश्चित रूप से एक योग्य प्रतिक्रिया मिलेगी.,-1,-1,True,Protagonist,0,0.39920044,0.39920044,0.2989002,0.30189934,"['Protagonist', 'Virtuous']",['Virtuous'],0.4725172,0.0014909294,0.01666568,0.15589818,0.0018119616,0.69142324,0.0044802357,0.014926704,0.007405376,0.005819449,0.0064062886,0.0017592979,0.0031718656,0.0053579444,0.006983896,0.0016290396,0.038577586,0.008442648,0.0021557864,0.00138962,0.0028277875,0.003438777
HI_158.txt,"राष्ट्रपति ने कहा कि दुश्मन को निश्चित रूप से एक योग्य प्रतिक्रिया मिलेगी, और हमारे सामने आने वाले सभी लक्ष्य, बिना किसी संदेह के, हासिल किए जाएंगे. यूक्रेन की सुरक्षा सेवा (एसबीयू) ने कहा कि रूस कीव की सेना पर युद्ध अपराधों का झूठा आरोप लगाने की कोशिश कर रहा है. एसबीयू ने टेलीग्राम पर कहा कि उसने ऐसी जानकारी एकत्र की है जो दिखाती है कि रूस ऐसे अपराध कर सकता है जिसके लिए वह यूक्रेन को दोषी ठहराएगा.",रूस,192,195,"['Antagonist', 'Deceiver']",401,80,यूक्रेन की सुरक्षा सेवा (एसबीयू) ने कहा कि रूस कीव की सेना पर युद्ध अपराधों का झूठा आरोप लगाने की कोशिश कर रहा है.,149,263,True,Antagonist,1,0.4221647,0.30093628,0.4221647,0.27689898,"['Antagonist', 'Deceiver']",['Deceiver'],0.009070453,0.0010731994,0.0073038526,0.014519809,0.0052124504,0.017049322,0.013044735,0.10605977,0.02159879,0.027999718,0.042432223,0.014763648,0.14737935,0.040789686,0.016464107,0.011844495,0.9316032,0.016990071,0.0028222557,0.0010463828,0.0037114965,0.025813086
HI_158.txt,"राष्ट्रपति ने कहा कि दुश्मन को निश्चित रूप से एक योग्य प्रतिक्रिया मिलेगी, और हमारे सामने आने वाले सभी लक्ष्य, बिना किसी संदेह के, हासिल किए जाएंगे. यूक्रेन की सुरक्षा सेवा (एसबीयू) ने कहा कि रूस कीव की सेना पर युद्ध अपराधों का झूठा आरोप लगाने की कोशिश कर रहा है. एसबीयू ने टेलीग्राम पर कहा कि उसने ऐसी जानकारी एकत्र की है जो दिखाती है कि रूस ऐसे अपराध कर सकता है जिसके लिए वह यूक्रेन को दोषी ठहराएगा.",कीव की सेना,196,207,"['Innocent', 'Victim']",401,80,यूक्रेन की सुरक्षा सेवा (एसबीयू) ने कहा कि रूस कीव की सेना पर युद्ध अपराधों का झूठा आरोप लगाने की कोशिश कर रहा है.,149,263,True,Antagonist,1,0.422149,0.3008278,0.422149,0.27702317,"['Antagonist', 'Deceiver']",['Deceiver'],0.0125816725,0.0016993337,0.0047532753,0.014787012,0.0086045135,0.015874298,0.011448752,0.032990493,0.017156925,0.024204101,0.043061998,0.0261659,0.10267465,0.047253847,0.032920394,0.014255689,0.9680398,0.017429758,0.0046445346,0.0019036625,0.007099557,0.045103375
HI_158.txt,"राष्ट्रपति ने कहा कि दुश्मन को निश्चित रूप से एक योग्य प्रतिक्रिया मिलेगी, और हमारे सामने आने वाले सभी लक्ष्य, बिना किसी संदेह के, हासिल किए जाएंगे. यूक्रेन की सुरक्षा सेवा (एसबीयू) ने कहा कि रूस कीव की सेना पर युद्ध अपराधों का झूठा आरोप लगाने की कोशिश कर रहा है. एसबीयू ने टेलीग्राम पर कहा कि उसने ऐसी जानकारी एकत्र की है जो दिखाती है कि रूस ऐसे अपराध कर सकता है जिसके लिए वह यूक्रेन को दोषी ठहराएगा.",रूस,339,342,"['Antagonist', 'Deceiver']",401,80,यूक्रेन की सुरक्षा सेवा (एसबीयू) ने कहा कि रूस कीव की सेना पर युद्ध अपराधों का झूठा आरोप लगाने की कोशिश कर रहा है.,149,263,True,Antagonist,1,0.4221945,0.3014334,0.4221945,0.27637216,"['Antagonist', 'Deceiver']",['Deceiver'],0.0052996846,0.0010004048,0.002372307,0.013549135,0.0038906774,0.008223095,0.013751967,0.078854054,0.017718274,0.020769736,0.033406787,0.031197755,0.13117144,0.21426612,0.011843507,0.048039462,0.71877795,0.008707658,0.0029623273,0.0012836049,0.003406777,0.0389634
HI_158.txt,"मॉस्को और कीव नियमित रूप से एक-दूसरे पर तथाकथित झूठे झंडे के संचालन की योजना बनाने का आरोप लगाते हैं. सैन्य विश्लेषक सीन बेल ने अल जजीरा को बताया कि आलोचकों ने यूक्रेन के इस आश्चर्यजनक हमले को लापरवाही भरा माना, लेकिन युद्ध में गति और पहल ही सब कुछ है. इसने सभी को चौंका दिया.",मॉस्को,0,6,"['Antagonist', 'Deceiver']",276,56,मॉस्को और कीव नियमित रूप से एक-दूसरे पर तथाकथित झूठे झंडे के संचालन की योजना बनाने का आरोप लगाते हैं.,0,101,True,Antagonist,1,0.4221503,0.30074406,0.4221503,0.2771056,"['Antagonist', 'Deceiver']",['Deceiver'],0.01804142,0.002034113,0.0042737215,0.024056805,0.0075267283,0.011696167,0.023532774,0.016787764,0.019662023,0.035333283,0.028547296,0.025886368,0.08467762,0.012772644,0.062514275,0.023972075,0.9702795,0.01764757,0.0040011257,0.0018503554,0.006650613,0.061381716
HI_158.txt,"मॉस्को और कीव नियमित रूप से एक-दूसरे पर तथाकथित झूठे झंडे के संचालन की योजना बनाने का आरोप लगाते हैं. सैन्य विश्लेषक सीन बेल ने अल जजीरा को बताया कि आलोचकों ने यूक्रेन के इस आश्चर्यजनक हमले को लापरवाही भरा माना, लेकिन युद्ध में गति और पहल ही सब कुछ है. इसने सभी को चौंका दिया.",कीव,10,13,"['Antagonist', 'Deceiver']",276,56,मॉस्को और कीव नियमित रूप से एक-दूसरे पर तथाकथित झूठे झंडे के संचालन की योजना बनाने का आरोप लगाते हैं.,0,101,True,Antagonist,1,0.4221511,0.3007546,0.4221511,0.27709427,"['Antagonist', 'Deceiver']",['Deceiver'],0.027502967,0.0029999386,0.005733366,0.018751143,0.011246946,0.010741038,0.02146063,0.013097835,0.013860232,0.033010405,0.021605318,0.035172176,0.0645037,0.00964128,0.061230738,0.020668833,0.97439766,0.020706775,0.007230224,0.0027881172,0.010392708,0.08442237
HI_158.txt,"यूक्रेनी सशस्त्र बलों के जनरल स्टाफ के पूर्व उप प्रमुख लेफ्टिनेंट जनरल इहोर रोमानेंको ने अल जजीरा से कहा कि यूक्रेन के लोगों को एक लंबे युद्ध, एक कठिन युद्ध, एक खूनी युद्ध की संभावना दिखती है. उन्होंने कहा कि यूक्रेन को दो चीजों की जरूरत है - बेहतर हथियार और गोला-बारूद की आपूर्ति और एक व्यापक राष्ट्रव्यापी लामबंदी जो हाल ही में हजारों लोगों को भर्ती करने के अत्यधिक अलोकप्रिय कदमों से कहीं अधिक है. इस बीच, चीन के विदेश मंत्रालय ने रूस और यूक्रेन से स्थिति को कम करने के लिए तीन सिद्धांतों का पालन करने का आग्रह किया है.",इहोर रोमानेंको,71,85,"['Protagonist', 'Guardian']",522,102,"लेफ्टिनेंट जनरल इहोर रोमानेंको ने अल जजीरा से कहा कि यूक्रेन के लोगों को एक लंबे युद्ध, एक कठिन युद्ध, एक खूनी युद्ध की संभावना दिखती है.",55,192,True,Protagonist,0,0.39917275,0.39917275,0.3007121,0.30011514,"['Protagonist', 'Guardian']",['Guardian'],0.9905737,0.010881533,0.02622535,0.102482885,0.04094179,0.18300548,0.012289055,0.007629332,0.006281113,0.011028627,0.0057761017,0.0051956414,0.007101443,0.0033510684,0.017944684,0.012879718,0.009778875,0.0075112353,0.0066992636,0.0059643164,0.011640715,0.0027572974
HI_158.txt,"यूक्रेनी सशस्त्र बलों के जनरल स्टाफ के पूर्व उप प्रमुख लेफ्टिनेंट जनरल इहोर रोमानेंको ने अल जजीरा से कहा कि यूक्रेन के लोगों को एक लंबे युद्ध, एक कठिन युद्ध, एक खूनी युद्ध की संभावना दिखती है. उन्होंने कहा कि यूक्रेन को दो चीजों की जरूरत है - बेहतर हथियार और गोला-बारूद की आपूर्ति और एक व्यापक राष्ट्रव्यापी लामबंदी जो हाल ही में हजारों लोगों को भर्ती करने के अत्यधिक अलोकप्रिय कदमों से कहीं अधिक है. इस बीच, चीन के विदेश मंत्रालय ने रूस और यूक्रेन से स्थिति को कम करने के लिए तीन सिद्धांतों का पालन करने का आग्रह किया है.",यूक्रेन के लोगों,108,124,"['Innocent', 'Exploited', 'Victim']",522,102,"लेफ्टिनेंट जनरल इहोर रोमानेंको ने अल जजीरा से कहा कि यूक्रेन के लोगों को एक लंबे युद्ध, एक कठिन युद्ध, एक खूनी युद्ध की संभावना दिखती है.",55,192,True,Innocent,2,0.4204424,0.30554914,0.27400845,0.4204424,"['Innocent', 'Victim']",['Victim'],0.012907696,0.1303757,0.008943371,0.00505028,0.2551249,0.0031232864,0.018228855,0.0015880853,0.0072125494,0.0047796294,0.007772316,0.0033336054,0.0028236287,0.006033256,0.04815495,0.006990404,0.004234872,0.0031533332,0.038232706,0.17497563,0.7771504,0.008269646
HI_158.txt,"यूक्रेनी सशस्त्र बलों के जनरल स्टाफ के पूर्व उप प्रमुख लेफ्टिनेंट जनरल इहोर रोमानेंको ने अल जजीरा से कहा कि यूक्रेन के लोगों को एक लंबे युद्ध, एक कठिन युद्ध, एक खूनी युद्ध की संभावना दिखती है. उन्होंने कहा कि यूक्रेन को दो चीजों की जरूरत है - बेहतर हथियार और गोला-बारूद की आपूर्ति और एक व्यापक राष्ट्रव्यापी लामबंदी जो हाल ही में हजारों लोगों को भर्ती करने के अत्यधिक अलोकप्रिय कदमों से कहीं अधिक है. इस बीच, चीन के विदेश मंत्रालय ने रूस और यूक्रेन से स्थिति को कम करने के लिए तीन सिद्धांतों का पालन करने का आग्रह किया है.",चीन,409,412,"['Protagonist', 'Peacemaker']",522,102,चीन के विदेश मंत्रालय ने रूस और यूक्रेन से स्थिति को कम करने के लिए तीन सिद्धांतों का पालन करने का आग्रह किया है.,409,522,True,Protagonist,0,0.39906687,0.39906687,0.30272514,0.29820803,"['Protagonist', 'Virtuous']",['Virtuous'],0.38363573,0.0021164475,0.09385602,0.021561475,0.00336355,0.89969665,0.004054848,0.011273395,0.004411623,0.008809294,0.0026302263,0.0009027756,0.0030185862,0.0016725081,0.0022894354,0.0018252713,0.006406853,0.0050334428,0.0027757327,0.001598076,0.0030460663,0.0025453472
HI_158.txt,"मंत्रालय के प्रवक्ता ने एक बयान में कहा कि युद्ध के मैदान का विस्तार नहीं होना चाहिए, लड़ाई में कोई वृद्धि नहीं होनी चाहिए और किसी भी पक्ष द्वारा आग में घी नहीं डालना चाहिए. उन्होंने कहा कि चीन कि संकट के राजनीतिक समाधान को बढ़ावा देने में एक रचनात्मक भूमिका निभाएगा. चीन खुद को युद्ध में एक तटस्थ पक्ष के रूप में प्रस्तुत करता है और कहता है कि वह संयुक्त राज्य अमेरिका और अन्य पश्चिमी देशों के विपरीत किसी भी पक्ष को घातक सहायता नहीं भेज रहा है. लेकिन यह रूस का करीबी राजनीतिक और आर्थिक सहयोगी भी है, और नाटो सदस्यों ने बीजिंग को युद्ध का 'निर्णायक समर्थक' करार दिया है, जिसकी उसने कभी निंदा नहीं की है.",प्रवक्ता,12,20,"['Protagonist', 'Peacemaker', 'Guardian']",604,121,"मंत्रालय के प्रवक्ता ने एक बयान में कहा कि युद्ध के मैदान का विस्तार नहीं होना चाहिए, लड़ाई में कोई वृद्धि नहीं होनी चाहिए और किसी भी पक्ष द्वारा आग में घी नहीं डालना चाहिए.",0,173,True,Protagonist,0,0.39919662,0.39919662,0.29823142,0.30257186,"['Protagonist', 'Guardian', 'Virtuous']","['Guardian', 'Virtuous']",0.79284036,0.0031557607,0.063116826,0.022757407,0.0050737676,0.5900524,0.0039265594,0.0056264005,0.0031888646,0.0033696105,0.0035336425,0.0012763366,0.0026793606,0.0012683221,0.004977256,0.0021246294,0.005548951,0.0063497196,0.002613653,0.0019957437,0.002989335,0.002151603
HI_158.txt,"मंत्रालय के प्रवक्ता ने एक बयान में कहा कि युद्ध के मैदान का विस्तार नहीं होना चाहिए, लड़ाई में कोई वृद्धि नहीं होनी चाहिए और किसी भी पक्ष द्वारा आग में घी नहीं डालना चाहिए. उन्होंने कहा कि चीन कि संकट के राजनीतिक समाधान को बढ़ावा देने में एक रचनात्मक भूमिका निभाएगा. चीन खुद को युद्ध में एक तटस्थ पक्ष के रूप में प्रस्तुत करता है और कहता है कि वह संयुक्त राज्य अमेरिका और अन्य पश्चिमी देशों के विपरीत किसी भी पक्ष को घातक सहायता नहीं भेज रहा है. लेकिन यह रूस का करीबी राजनीतिक और आर्थिक सहयोगी भी है, और नाटो सदस्यों ने बीजिंग को युद्ध का 'निर्णायक समर्थक' करार दिया है, जिसकी उसने कभी निंदा नहीं की है.",चीन,268,271,"['Antagonist', 'Deceiver']",604,121,"नाटो सदस्यों ने बीजिंग को युद्ध का 'निर्णायक समर्थक' करार दिया है, जिसकी उसने कभी निंदा नहीं की है.",505,604,True,Protagonist,0,0.39918616,0.39918616,0.29783544,0.30297846,"['Protagonist', 'Peacemaker']",['Peacemaker'],0.10337673,0.004735396,0.970356,0.0050830594,0.008851311,0.24433847,0.009917401,0.019356566,0.0040899417,0.0132192755,0.008980929,0.0009720868,0.009221504,0.0020812845,0.010148411,0.002316663,0.017759308,0.008645093,0.004465875,0.003220157,0.0064270035,0.00492152
HI_158.txt,"मंत्रालय के प्रवक्ता ने एक बयान में कहा कि युद्ध के मैदान का विस्तार नहीं होना चाहिए, लड़ाई में कोई वृद्धि नहीं होनी चाहिए और किसी भी पक्ष द्वारा आग में घी नहीं डालना चाहिए. उन्होंने कहा कि चीन कि संकट के राजनीतिक समाधान को बढ़ावा देने में एक रचनात्मक भूमिका निभाएगा. चीन खुद को युद्ध में एक तटस्थ पक्ष के रूप में प्रस्तुत करता है और कहता है कि वह संयुक्त राज्य अमेरिका और अन्य पश्चिमी देशों के विपरीत किसी भी पक्ष को घातक सहायता नहीं भेज रहा है. लेकिन यह रूस का करीबी राजनीतिक और आर्थिक सहयोगी भी है, और नाटो सदस्यों ने बीजिंग को युद्ध का 'निर्णायक समर्थक' करार दिया है, जिसकी उसने कभी निंदा नहीं की है.",नाटो सदस्यों,505,517,"['Protagonist', 'Guardian']",604,121,"नाटो सदस्यों ने बीजिंग को युद्ध का 'निर्णायक समर्थक' करार दिया है, जिसकी उसने कभी निंदा नहीं की है.",505,604,True,Antagonist,1,0.42221949,0.3023992,0.42221949,0.27538127,"['Antagonist', 'Foreign Adversary']",['Foreign Adversary'],0.038682643,0.0016862873,0.01660603,0.013410471,0.0032890348,0.2077393,0.047054265,0.060322326,0.01461387,0.9693866,0.0045031267,0.0037680299,0.013924053,0.0075783166,0.0033227075,0.0044284156,0.026110189,0.017493086,0.018738499,0.009070008,0.014543907,0.017687172
HI_158.txt,"मंत्रालय के प्रवक्ता ने एक बयान में कहा कि युद्ध के मैदान का विस्तार नहीं होना चाहिए, लड़ाई में कोई वृद्धि नहीं होनी चाहिए और किसी भी पक्ष द्वारा आग में घी नहीं डालना चाहिए. उन्होंने कहा कि चीन कि संकट के राजनीतिक समाधान को बढ़ावा देने में एक रचनात्मक भूमिका निभाएगा. चीन खुद को युद्ध में एक तटस्थ पक्ष के रूप में प्रस्तुत करता है और कहता है कि वह संयुक्त राज्य अमेरिका और अन्य पश्चिमी देशों के विपरीत किसी भी पक्ष को घातक सहायता नहीं भेज रहा है. लेकिन यह रूस का करीबी राजनीतिक और आर्थिक सहयोगी भी है, और नाटो सदस्यों ने बीजिंग को युद्ध का 'निर्णायक समर्थक' करार दिया है, जिसकी उसने कभी निंदा नहीं की है.",बीजिंग,521,527,"['Antagonist', 'Foreign Adversary', 'Deceiver']",604,121,"नाटो सदस्यों ने बीजिंग को युद्ध का 'निर्णायक समर्थक' करार दिया है, जिसकी उसने कभी निंदा नहीं की है.",505,604,True,Antagonist,1,0.4221616,0.3009161,0.4221616,0.27692232,"['Antagonist', 'Virtuous']",['Virtuous'],0.083474785,0.00424307,0.019254621,0.015153498,0.0038534813,0.9226668,0.012539116,0.06457189,0.0043646586,0.07858986,0.043341335,0.020926476,0.032991737,0.029500207,0.008184488,0.005862331,0.078261435,0.017733816,0.020591464,0.016383149,0.0029709945,0.026699193
HI_140.txt,"डॉ. एमिली ग्रीनफ़ील्ड एक अत्यधिक निपुण पर्यावरणविद् हैं जिनके पास विभिन्न पर्यावरणीय विषयों पर सामग्री लिखने, समीक्षा करने और प्रकाशित करने का 30 वर्षों से अधिक का अनुभव है। संयुक्त राज्य अमेरिका की रहने वाली, उन्होंने अपना करियर पर्यावरणीय मुद्दों के बारे में जागरूकता बढ़ाने और टिकाऊ प्रथाओं को बढ़ावा देने के लिए समर्पित किया है।",डॉ. एमिली ग्रीनफ़ील्ड,0,21,"['Protagonist', 'Virtuous', 'Guardian']",332,56,"डॉ. एमिली ग्रीनफ़ील्ड एक अत्यधिक निपुण पर्यावरणविद् हैं जिनके पास विभिन्न पर्यावरणीय विषयों पर सामग्री लिखने, समीक्षा करने और प्रकाशित करने का 30 वर्षों से अधिक का अनुभव है.",-1,-1,True,Protagonist,0,0.39919284,0.39919284,0.2979139,0.30289325,"['Protagonist', 'Virtuous']",['Virtuous'],0.22316961,0.010699854,0.05222606,0.026935853,0.008591109,0.989207,0.012584309,0.02960209,0.012897518,0.010567692,0.013250126,0.0026540186,0.007232178,0.0078405915,0.0052887336,0.0041766115,0.014488485,0.019176487,0.007704858,0.00786276,0.007006127,0.010043234
HI_38.txt,"ये पीएम मोदी और राष्ट्रपति पुतिन की पिछले एक दशक में 17वीं बैठक होगी। भारत ने इस दौरान रूस-यूक्रेन युद्ध को लेकर अपना ये स्टैंड कायम रखा है कि केवल सैन्य माध्यमों से समाधान नहीं निकाला जा सकता। बकौल भारत, ‘ग्लोबल साउथ’ का भी मानना है कि कूटनीति व बातचीत से ही समस्या का समाधान निकलेगा, युद्धक्षेत्र में नहीं। रूस में भारतीय मूल के विधायक अभय सिंह ने कहा कि पीएम मोदी के इस दौरे का प्रभाव वैश्विक होगा।",भारत,70,74,"['Protagonist', 'Peacemaker']",401,79,भारत ने इस दौरान रूस-यूक्रेन युद्ध को लेकर अपना ये स्टैंड कायम रखा है कि केवल सैन्य माध्यमों से समाधान नहीं निकाला जा सकता.,-1,-1,True,Protagonist,0,0.39918745,0.39918745,0.30019605,0.3006165,"['Protagonist', 'Peacemaker']",['Peacemaker'],0.10344872,0.0054860604,0.9768041,0.0060092094,0.010907007,0.21203865,0.013357417,0.017361049,0.004847677,0.011814122,0.011138582,0.0010609764,0.010203418,0.002154443,0.012553215,0.0029215268,0.01337552,0.007271047,0.004517281,0.003810597,0.0072225984,0.0050804685
HI_4.txt,China peace plan on ukraine russia war: चीन की यात्रा से पहले एक इंटरव्यू में व्लादिमीर पुतिन ने जिनपिंग सरकार की जमकर तारीफ की। पुतिन ने कहा कि यूक्रेन संकट पर चीन की पीस पॉलिसी काबिले-तारीफ है।,जिनपिंग सरकार,97,110,"['Protagonist', 'Virtuous']",195,37,पुतिन ने कहा कि यूक्रेन संकट पर चीन की पीस पॉलिसी काबिले-तारीफ है.,-1,-1,True,Protagonist,0,0.39901945,0.39901945,0.30343357,0.29754695,"['Protagonist', 'Virtuous']",['Virtuous'],0.3822427,0.007736175,0.01491205,0.017440034,0.0045631523,0.96168226,0.005682562,0.008804402,0.0064588864,0.010664418,0.009679852,0.0043112356,0.0055108154,0.0072996016,0.009620178,0.004023212,0.0100423,0.0072244997,0.007565754,0.006620151,0.004269738,0.008564377
HI_4.txt,China peace plan on ukraine russia war: चीन की यात्रा से पहले एक इंटरव्यू में व्लादिमीर पुतिन ने जिनपिंग सरकार की जमकर तारीफ की। पुतिन ने कहा कि यूक्रेन संकट पर चीन की पीस पॉलिसी काबिले-तारीफ है।,चीन,161,164,"['Protagonist', 'Peacemaker']",195,37,पुतिन ने कहा कि यूक्रेन संकट पर चीन की पीस पॉलिसी काबिले-तारीफ है.,-1,-1,True,Antagonist,1,0.42212576,0.30479875,0.42212576,0.27307555,"['Antagonist', 'Incompetent']",['Incompetent'],0.019592935,0.0028213556,0.0176106,0.037005004,0.0062329397,0.07050139,0.007732468,0.015213641,0.008169545,0.039529547,0.23555417,0.0017206471,0.013187195,0.034493204,0.8416264,0.0028726605,0.10662417,0.022591854,0.0037698166,0.002286378,0.001599494,0.004959277
HI_4.txt,"China peace plan on ukraine russia war: रूस और यूक्रेन के बीच युद्ध को दो साल से ज्यादा का वक्त हो गया है और लाखों की मौत और अरबों की संपदा खाक होने के बाद भी जंग का हल अभी तक नहीं निकल पाया है। रूस और यूक्रेन के बीच चल रहे महायुद्ध में दुनिया भी दो खेमों में बंटी हुई है। अमेरिका और पश्चिमी देश यूक्रेन के साथ खड़े हैं जबकि, रूस को चीन का साथ है। युद्ध के बीच पांचवीं बार रूस के राष्ट्रपति बन चुके व्लादिमीर पुतिन का चीन संग इतना लगाव है कि पहली विदेश यात्रा में उन्होंने चीन जाना चुना है। वो आगामी 16 या 17 अप्रैल को चीन में रहेंगे। यात्रा से पहले चीनी अखबार को दिए इंटरव्यू में उन्होंने जिनपिंग सरकार की जमकर तारीफ की। पुतिन ने कहा कि यूक्रेन संकट पर चीन की पीस पॉलिसी काबिले-तारीफ है और हमे उस पर अमल जरूर करना चाहिए। हालांकि चीन की पीस पॉलिसी पर यूक्रेन समेत उसके समर्थक देश इत्तेफाक नही रखते।",अमेरिका,273,280,"['Protagonist', 'Guardian']",798,167,अमेरिका और पश्चिमी देश यूक्रेन के साथ खड़े हैं.,-1,-1,True,Protagonist,0,0.39901716,0.39901716,0.3035969,0.29738593,"['Protagonist', 'Foreign Adversary']",['Foreign Adversary'],0.039845143,0.0027261854,0.024576778,0.043526214,0.01049313,0.07109129,0.055472475,0.04911773,0.01327104,0.9912499,0.0046934043,0.004071197,0.014698938,0.005562115,0.007122457,0.0061422563,0.01558773,0.015292548,0.018948715,0.010741084,0.012855715,0.025504192
HI_4.txt,"China peace plan on ukraine russia war: रूस और यूक्रेन के बीच युद्ध को दो साल से ज्यादा का वक्त हो गया है और लाखों की मौत और अरबों की संपदा खाक होने के बाद भी जंग का हल अभी तक नहीं निकल पाया है। रूस और यूक्रेन के बीच चल रहे महायुद्ध में दुनिया भी दो खेमों में बंटी हुई है। अमेरिका और पश्चिमी देश यूक्रेन के साथ खड़े हैं जबकि, रूस को चीन का साथ है। युद्ध के बीच पांचवीं बार रूस के राष्ट्रपति बन चुके व्लादिमीर पुतिन का चीन संग इतना लगाव है कि पहली विदेश यात्रा में उन्होंने चीन जाना चुना है। वो आगामी 16 या 17 अप्रैल को चीन में रहेंगे। यात्रा से पहले चीनी अखबार को दिए इंटरव्यू में उन्होंने जिनपिंग सरकार की जमकर तारीफ की। पुतिन ने कहा कि यूक्रेन संकट पर चीन की पीस पॉलिसी काबिले-तारीफ है और हमे उस पर अमल जरूर करना चाहिए। हालांकि चीन की पीस पॉलिसी पर यूक्रेन समेत उसके समर्थक देश इत्तेफाक नही रखते।",पश्चिमी,284,291,"['Protagonist', 'Guardian']",798,167,अमेरिका और पश्चिमी देश यूक्रेन के साथ खड़े हैं.,-1,-1,True,Protagonist,0,0.397605,0.397605,0.3134058,0.28898916,"['Protagonist', 'Foreign Adversary']",['Foreign Adversary'],0.03244196,0.0030392376,0.025618283,0.041352816,0.011449863,0.06671977,0.056075808,0.05644293,0.0100020245,0.990598,0.005644049,0.004924758,0.017269762,0.0062127816,0.008140067,0.0072473367,0.014591503,0.01621637,0.022139452,0.015927447,0.013684958,0.026398592
HI_4.txt,"China peace plan on ukraine russia war: रूस और यूक्रेन के बीच युद्ध को दो साल से ज्यादा का वक्त हो गया है और लाखों की मौत और अरबों की संपदा खाक होने के बाद भी जंग का हल अभी तक नहीं निकल पाया है। रूस और यूक्रेन के बीच चल रहे महायुद्ध में दुनिया भी दो खेमों में बंटी हुई है। अमेरिका और पश्चिमी देश यूक्रेन के साथ खड़े हैं जबकि, रूस को चीन का साथ है। युद्ध के बीच पांचवीं बार रूस के राष्ट्रपति बन चुके व्लादिमीर पुतिन का चीन संग इतना लगाव है कि पहली विदेश यात्रा में उन्होंने चीन जाना चुना है। वो आगामी 16 या 17 अप्रैल को चीन में रहेंगे। यात्रा से पहले चीनी अखबार को दिए इंटरव्यू में उन्होंने जिनपिंग सरकार की जमकर तारीफ की। पुतिन ने कहा कि यूक्रेन संकट पर चीन की पीस पॉलिसी काबिले-तारीफ है और हमे उस पर अमल जरूर करना चाहिए। हालांकि चीन की पीस पॉलिसी पर यूक्रेन समेत उसके समर्थक देश इत्तेफाक नही रखते।",चीन,333,336,"['Protagonist', 'Guardian']",798,167,पुतिन ने कहा कि यूक्रेन संकट पर चीन की पीस पॉलिसी काबिले-तारीफ है और हमे उस पर अमल जरूर करना चाहिए.,-1,-1,True,Antagonist,1,0.42220327,0.30351993,0.42220327,0.27427682,"['Antagonist', 'Guardian', 'Virtuous', 'Foreign Adversary']","['Guardian', 'Virtuous', 'Foreign Adversary']",0.43904692,0.00068569026,0.01073128,0.020044776,0.0014799188,0.41569793,0.010762674,0.018174788,0.013113062,0.42402223,0.0016600608,0.0017446579,0.00402619,0.0029364591,0.0028942532,0.0027859292,0.015610581,0.0053799856,0.003142506,0.0015758084,0.003575602,0.002372299
HI_4.txt,"China peace plan on ukraine russia war: रूस और यूक्रेन के बीच युद्ध को दो साल से ज्यादा का वक्त हो गया है और लाखों की मौत और अरबों की संपदा खाक होने के बाद भी जंग का हल अभी तक नहीं निकल पाया है। रूस और यूक्रेन के बीच चल रहे महायुद्ध में दुनिया भी दो खेमों में बंटी हुई है। अमेरिका और पश्चिमी देश यूक्रेन के साथ खड़े हैं जबकि, रूस को चीन का साथ है। युद्ध के बीच पांचवीं बार रूस के राष्ट्रपति बन चुके व्लादिमीर पुतिन का चीन संग इतना लगाव है कि पहली विदेश यात्रा में उन्होंने चीन जाना चुना है। वो आगामी 16 या 17 अप्रैल को चीन में रहेंगे। यात्रा से पहले चीनी अखबार को दिए इंटरव्यू में उन्होंने जिनपिंग सरकार की जमकर तारीफ की। पुतिन ने कहा कि यूक्रेन संकट पर चीन की पीस पॉलिसी काबिले-तारीफ है और हमे उस पर अमल जरूर करना चाहिए। हालांकि चीन की पीस पॉलिसी पर यूक्रेन समेत उसके समर्थक देश इत्तेफाक नही रखते।",चीन,418,421,"['Protagonist', 'Virtuous']",798,167,"""चीन का साथ है।""",-1,-1,True,Antagonist,1,0.4222036,0.30177957,0.4222036,0.27601683,"['Antagonist', 'Foreign Adversary']",['Foreign Adversary'],0.051770087,0.00082788744,0.014078915,0.02567926,0.003351583,0.31869635,0.027141098,0.044020515,0.033652965,0.94043046,0.0033324535,0.0021741095,0.009020974,0.008101018,0.0029396608,0.0027549106,0.03987131,0.0107383225,0.008716693,0.0034455848,0.0096734315,0.009303585
HI_4.txt,"China peace plan on ukraine russia war: रूस और यूक्रेन के बीच युद्ध को दो साल से ज्यादा का वक्त हो गया है और लाखों की मौत और अरबों की संपदा खाक होने के बाद भी जंग का हल अभी तक नहीं निकल पाया है। रूस और यूक्रेन के बीच चल रहे महायुद्ध में दुनिया भी दो खेमों में बंटी हुई है। अमेरिका और पश्चिमी देश यूक्रेन के साथ खड़े हैं जबकि, रूस को चीन का साथ है। युद्ध के बीच पांचवीं बार रूस के राष्ट्रपति बन चुके व्लादिमीर पुतिन का चीन संग इतना लगाव है कि पहली विदेश यात्रा में उन्होंने चीन जाना चुना है। वो आगामी 16 या 17 अप्रैल को चीन में रहेंगे। यात्रा से पहले चीनी अखबार को दिए इंटरव्यू में उन्होंने जिनपिंग सरकार की जमकर तारीफ की। पुतिन ने कहा कि यूक्रेन संकट पर चीन की पीस पॉलिसी काबिले-तारीफ है और हमे उस पर अमल जरूर करना चाहिए। हालांकि चीन की पीस पॉलिसी पर यूक्रेन समेत उसके समर्थक देश इत्तेफाक नही रखते।",जिनपिंग सरकार,590,603,"['Protagonist', 'Virtuous']",798,167,"""जिनपिंग सरकार की जमकर तारीफ की।""",-1,-1,True,Antagonist,1,0.41707036,0.32060388,0.41707036,0.2623257,"['Antagonist', 'Virtuous']",['Virtuous'],0.2569923,0.0028877943,0.011098999,0.046244178,0.0034872747,0.88397044,0.011153991,0.007265739,0.0402208,0.050709672,0.018974455,0.004940092,0.008046958,0.007189852,0.04823909,0.0021810678,0.021045573,0.009018284,0.007074479,0.004651885,0.0029550437,0.0064804335
HI_4.txt,"China peace plan on ukraine russia war: रूस और यूक्रेन के बीच युद्ध को दो साल से ज्यादा का वक्त हो गया है और लाखों की मौत और अरबों की संपदा खाक होने के बाद भी जंग का हल अभी तक नहीं निकल पाया है। रूस और यूक्रेन के बीच चल रहे महायुद्ध में दुनिया भी दो खेमों में बंटी हुई है। अमेरिका और पश्चिमी देश यूक्रेन के साथ खड़े हैं जबकि, रूस को चीन का साथ है। युद्ध के बीच पांचवीं बार रूस के राष्ट्रपति बन चुके व्लादिमीर पुतिन का चीन संग इतना लगाव है कि पहली विदेश यात्रा में उन्होंने चीन जाना चुना है। वो आगामी 16 या 17 अप्रैल को चीन में रहेंगे। यात्रा से पहले चीनी अखबार को दिए इंटरव्यू में उन्होंने जिनपिंग सरकार की जमकर तारीफ की। पुतिन ने कहा कि यूक्रेन संकट पर चीन की पीस पॉलिसी काबिले-तारीफ है और हमे उस पर अमल जरूर करना चाहिए। हालांकि चीन की पीस पॉलिसी पर यूक्रेन समेत उसके समर्थक देश इत्तेफाक नही रखते।",चीन,730,733,"['Antagonist', 'Deceiver']",798,167,"""चीन की पीस पॉलिसी पर यूक्रेन समेत उसके समर्थक देश इत्तेफाक नही रखते।""",-1,-1,True,Antagonist,1,0.42219713,0.30360305,0.42219713,0.27419975,"['Antagonist', 'Rebel']",['Rebel'],0.03944347,0.0004935339,0.0068584722,0.51020485,0.009217001,0.19500132,0.0057771145,0.013342067,0.03176786,0.34522605,0.018695597,0.0022580954,0.0046369154,0.014924909,0.028689783,0.0016089451,0.14051291,0.018267896,0.00916433,0.0013174791,0.0028419003,0.0039111604
HI_4.txt,"पुतिन ने कहा कि राष्ट्रपति शी जिनपिंग द्वारा पिछले महीने सार्वजनिक की गई चीन की योजना और ""सिद्धांतों"" में संघर्ष के पीछे के कारकों को ध्यान में रखा गया है। पुतिन ने कहा, ""यूक्रेन संकट को हल करने के लिए चीन के दृष्टिकोण पर हम सकारात्मक हैं। बीजिंग ने वास्तव में इसके मूल कारणों और इसके वैश्विक भू-राजनीतिक अर्थ को समझा है।",शी जिनपिंग,27,37,"['Protagonist', 'Virtuous']",321,62,"""राष्ट्रपति शी जिनपिंग द्वारा पिछले महीने सार्वजनिक की गई चीन की योजना""",-1,-1,True,Antagonist,1,0.41924605,0.31604233,0.41924605,0.2647116,"['Antagonist', 'Virtuous']",['Virtuous'],0.22322766,0.0015729759,0.04155684,0.017810095,0.0029128124,0.90064216,0.008501023,0.015578513,0.0108719235,0.024417076,0.010860731,0.0024693392,0.009376122,0.0037744485,0.0133932205,0.001700958,0.052020058,0.010000543,0.004070035,0.0027015617,0.0034969088,0.0050348975
HI_4.txt,"चीन ने तकरीबन एक साल पहले 12 सूत्री मांगों के साथ मेगा प्लान तैयार किया था। जिसमें दावा किया गया है इस योजना के साथ रूस और यूक्रेन के बीच संकट को टाला जा सकता है या पूरी तरह से जंग खत्म की जा सकती है। चीन की पीस प्लान थ्योरी का लब्बो-लुआब यही है कि वह इस मसले को रूस और यूक्रेन के शीर्ष नेताओं के बीच शांतिपूर्ण वार्ता को ही युद्ध रोकने का हल बताता है। चीन की पीस पॉलिसी के बारे में ज्यादा जानकारी तो उपलब्ध नहीं हो पाई और न ही पुतिन ने अपने इंटरव्यू में इस बारे में ज्यादा कुछ कहा लेकिन, चीन की इस योजना में कुछ ऐसी बातें भी हैं जिनसे अमेरिका, यूक्रेन और पश्चिम इत्तेफाक नहीं रखते।",चीन,0,3,"['Protagonist', 'Peacemaker', 'Virtuous']",582,125,"""चीन ने तकरीबन एक साल पहले 12 सूत्री मांगों के साथ मेगा प्लान तैयार किया था।""",-1,-1,True,Antagonist,1,0.42205787,0.3055023,0.42205787,0.2724398,"['Antagonist', 'Foreign Adversary', 'Incompetent']","['Foreign Adversary', 'Incompetent']",0.025418578,0.0003683515,0.04961447,0.11293311,0.005132336,0.10361148,0.008116693,0.13088636,0.0066093854,0.30386925,0.040965512,0.0010455856,0.03965017,0.026594324,0.2954211,0.00083235226,0.08883227,0.009519544,0.0045396686,0.0017631534,0.0009612523,0.0015837635
HI_4.txt,"चीन ने तकरीबन एक साल पहले 12 सूत्री मांगों के साथ मेगा प्लान तैयार किया था। जिसमें दावा किया गया है इस योजना के साथ रूस और यूक्रेन के बीच संकट को टाला जा सकता है या पूरी तरह से जंग खत्म की जा सकती है। चीन की पीस प्लान थ्योरी का लब्बो-लुआब यही है कि वह इस मसले को रूस और यूक्रेन के शीर्ष नेताओं के बीच शांतिपूर्ण वार्ता को ही युद्ध रोकने का हल बताता है। चीन की पीस पॉलिसी के बारे में ज्यादा जानकारी तो उपलब्ध नहीं हो पाई और न ही पुतिन ने अपने इंटरव्यू में इस बारे में ज्यादा कुछ कहा लेकिन, चीन की इस योजना में कुछ ऐसी बातें भी हैं जिनसे अमेरिका, यूक्रेन और पश्चिम इत्तेफाक नहीं रखते।",चीन,489,492,"['Antagonist', 'Foreign Adversary']",582,125,"""चीन की इस योजना में कुछ ऐसी बातें भी हैं जिनसे अमेरिका, यूक्रेन और पश्चिम इत्तेफाक नहीं रखते।""",-1,-1,True,Antagonist,1,0.42222142,0.30257654,0.42222142,0.2752021,"['Antagonist', 'Deceiver']",['Deceiver'],0.033855896,0.00028959595,0.020162692,0.114872634,0.0038017228,0.21094452,0.0056381803,0.029559938,0.01271627,0.14758708,0.02285145,0.0019177584,0.019702902,0.019912468,0.05580771,0.0008761578,0.5868533,0.015158394,0.0049292604,0.0007674982,0.0018033878,0.0054017557
HI_4.txt,चीन ने अपने पीस प्लान में अमेरिका और पश्चिमी देशों द्वारा अकेले एक राष्ट्र पर प्रतिबंधों की निंदा की। रूस का जिक्र करते हुए चीन ने इसे पूरी तरह से गलत करार दिया है। साथ ही अमेरिका और पश्चिमी देशों का रूस और यूक्रेन युद्ध में दखल को भी गलत करार दिया है। मामले के जानकार मानते हैं कि चीन ने अपनी योजना के जरिए अमेरिका और पश्चिमी देशों पर निशाना साधा है। 12 सूत्री योजना में चीन ने कहीं भी इसका जिक्र नहीं किया है कि रूस को यूक्रेन से अपनी सेना वापस बुला लेनी चाहिए। यह भी एक अपवाद है।,चीन,0,3,"['Protagonist', 'Virtuous']",482,102,"""चीन ने अपने पीस प्लान में अमेरिका और पश्चिमी देशों द्वारा अकेले एक राष्ट्र पर प्रतिबंधों की निंदा की।""",-1,-1,True,Protagonist,0,0.39918965,0.39918965,0.29773444,0.30307594,"['Protagonist', 'Virtuous']",['Virtuous'],0.19444843,0.0012579047,0.032986928,0.050093535,0.0056260196,0.8551011,0.003487036,0.012900833,0.004620814,0.20565589,0.0025217,0.0012603248,0.0028216706,0.00208771,0.002062559,0.0013420008,0.02178919,0.006933961,0.005864527,0.0019677298,0.004274217,0.0041753505
HI_4.txt,चीन ने अपने पीस प्लान में अमेरिका और पश्चिमी देशों द्वारा अकेले एक राष्ट्र पर प्रतिबंधों की निंदा की। रूस का जिक्र करते हुए चीन ने इसे पूरी तरह से गलत करार दिया है। साथ ही अमेरिका और पश्चिमी देशों का रूस और यूक्रेन युद्ध में दखल को भी गलत करार दिया है। मामले के जानकार मानते हैं कि चीन ने अपनी योजना के जरिए अमेरिका और पश्चिमी देशों पर निशाना साधा है। 12 सूत्री योजना में चीन ने कहीं भी इसका जिक्र नहीं किया है कि रूस को यूक्रेन से अपनी सेना वापस बुला लेनी चाहिए। यह भी एक अपवाद है।,अमेरिका,26,33,"['Antagonist', 'Bigot']",482,102,"""चीन ने अपने पीस प्लान में अमेरिका और पश्चिमी देशों द्वारा अकेले एक राष्ट्र पर प्रतिबंधों की निंदा की।""",-1,-1,True,Antagonist,1,0.4222137,0.3018942,0.4222137,0.27589205,"['Antagonist', 'Foreign Adversary']",['Foreign Adversary'],0.01959153,0.0010710056,0.0075770514,0.03791085,0.0053965854,0.046050426,0.055448044,0.040444355,0.030681798,0.990628,0.008046535,0.0058779414,0.022457095,0.012840837,0.01590911,0.005199749,0.09340553,0.021807633,0.017270885,0.00578855,0.008782288,0.023696432
HI_4.txt,चीन ने अपने पीस प्लान में अमेरिका और पश्चिमी देशों द्वारा अकेले एक राष्ट्र पर प्रतिबंधों की निंदा की। रूस का जिक्र करते हुए चीन ने इसे पूरी तरह से गलत करार दिया है। साथ ही अमेरिका और पश्चिमी देशों का रूस और यूक्रेन युद्ध में दखल को भी गलत करार दिया है। मामले के जानकार मानते हैं कि चीन ने अपनी योजना के जरिए अमेरिका और पश्चिमी देशों पर निशाना साधा है। 12 सूत्री योजना में चीन ने कहीं भी इसका जिक्र नहीं किया है कि रूस को यूक्रेन से अपनी सेना वापस बुला लेनी चाहिए। यह भी एक अपवाद है।,पश्चिमी देशों,37,50,"['Antagonist', 'Bigot']",482,102,"""चीन ने अपने पीस प्लान में अमेरिका और पश्चिमी देशों द्वारा अकेले एक राष्ट्र पर प्रतिबंधों की निंदा की।""",-1,-1,True,Antagonist,1,0.42218894,0.30132502,0.42218894,0.27648607,"['Antagonist', 'Foreign Adversary']",['Foreign Adversary'],0.019548098,0.00071597577,0.011638549,0.012434479,0.0029466597,0.05208418,0.05147792,0.053140692,0.0152340215,0.9740113,0.008736559,0.003952861,0.053936686,0.0074202344,0.020449128,0.0050184773,0.16388772,0.030800011,0.013202889,0.0041586957,0.0051470012,0.024608113
HI_4.txt,चीन ने अपने पीस प्लान में अमेरिका और पश्चिमी देशों द्वारा अकेले एक राष्ट्र पर प्रतिबंधों की निंदा की। रूस का जिक्र करते हुए चीन ने इसे पूरी तरह से गलत करार दिया है। साथ ही अमेरिका और पश्चिमी देशों का रूस और यूक्रेन युद्ध में दखल को भी गलत करार दिया है। मामले के जानकार मानते हैं कि चीन ने अपनी योजना के जरिए अमेरिका और पश्चिमी देशों पर निशाना साधा है। 12 सूत्री योजना में चीन ने कहीं भी इसका जिक्र नहीं किया है कि रूस को यूक्रेन से अपनी सेना वापस बुला लेनी चाहिए। यह भी एक अपवाद है।,अमेरिका,172,179,"['Antagonist', 'Saboteur']",482,102,"""चीन ने अपने पीस प्लान में अमेरिका और पश्चिमी देशों द्वारा अकेले एक राष्ट्र पर प्रतिबंधों की निंदा की।""",-1,-1,True,Antagonist,1,0.42220846,0.30171177,0.42220846,0.27607983,"['Antagonist', 'Foreign Adversary', 'Deceiver']","['Foreign Adversary', 'Deceiver']",0.019775558,0.0004982796,0.010722298,0.041388538,0.0020756354,0.23552197,0.011625808,0.044960976,0.0065330104,0.4106823,0.020695165,0.0022818237,0.027838891,0.012121649,0.021265551,0.001615069,0.53743935,0.041786406,0.0077209524,0.0012533325,0.0019382631,0.010415142
HI_4.txt,चीन ने अपने पीस प्लान में अमेरिका और पश्चिमी देशों द्वारा अकेले एक राष्ट्र पर प्रतिबंधों की निंदा की। रूस का जिक्र करते हुए चीन ने इसे पूरी तरह से गलत करार दिया है। साथ ही अमेरिका और पश्चिमी देशों का रूस और यूक्रेन युद्ध में दखल को भी गलत करार दिया है। मामले के जानकार मानते हैं कि चीन ने अपनी योजना के जरिए अमेरिका और पश्चिमी देशों पर निशाना साधा है। 12 सूत्री योजना में चीन ने कहीं भी इसका जिक्र नहीं किया है कि रूस को यूक्रेन से अपनी सेना वापस बुला लेनी चाहिए। यह भी एक अपवाद है।,पश्चिमी देशों,183,196,"['Antagonist', 'Saboteur']",482,102,"""चीन ने अपने पीस प्लान में अमेरिका और पश्चिमी देशों द्वारा अकेले एक राष्ट्र पर प्रतिबंधों की निंदा की।""",-1,-1,True,Antagonist,1,0.42218822,0.3012925,0.42218822,0.27651933,"['Antagonist', 'Deceiver']",['Deceiver'],0.010631656,0.0005308631,0.0062730648,0.004054987,0.0019778477,0.058418006,0.015956689,0.107923776,0.0059023416,0.22011603,0.03524308,0.0033322638,0.20412886,0.02122616,0.028863942,0.002722704,0.6759806,0.054781135,0.0068263793,0.0018858104,0.0028383487,0.017893724
HI_95.txt,"रूस ने साफ-साफ कह दिया है कि अगर नाटो यूक्रेन के समर्थन में उसके शहरों पर हमला करता है तो परमाणु युद्ध टाला नहीं जा सकता. रूस ने कहा कि यूक्रेन के सहारे अगर नाटो रूस के शहरों पर हमला करने की हिमाकत करता है, तो ये बेवकूफी होगी. यह असंभव है. क्योंकि यूक्रेन के पास लंबी दूरी का हमला करने की तकनीक और विज्ञान नहीं है. लेकिन नाटो कर सकता है.",रूस,0,3,"['Protagonist', 'Rebel']",337,72,"""रूस ने साफ-साफ कह दिया है कि अगर नाटो यूक्रेन के समर्थन में उसके शहरों पर हमला करता है तो परमाणु युद्ध टाला नहीं जा सकता।""",-1,-1,True,Protagonist,0,0.39916867,0.39916867,0.29700732,0.30382392,"['Protagonist', 'Rebel']",['Rebel'],0.09484619,0.0011885897,0.014412195,0.9393877,0.021229073,0.04402905,0.022132061,0.00920917,0.12970735,0.041718714,0.008457391,0.0010225684,0.0020866126,0.0071238903,0.014960952,0.002181099,0.021510279,0.0071979174,0.0024602015,0.0007881314,0.004276959,0.0014712486
HI_95.txt,"रूस ने साफ-साफ कह दिया है कि अगर नाटो यूक्रेन के समर्थन में उसके शहरों पर हमला करता है तो परमाणु युद्ध टाला नहीं जा सकता. रूस ने कहा कि यूक्रेन के सहारे अगर नाटो रूस के शहरों पर हमला करने की हिमाकत करता है, तो ये बेवकूफी होगी. यह असंभव है. क्योंकि यूक्रेन के पास लंबी दूरी का हमला करने की तकनीक और विज्ञान नहीं है. लेकिन नाटो कर सकता है.",नाटो,33,37,"['Antagonist', 'Foreign Adversary']",337,72,"""अगर नाटो रूस के शहरों पर हमला करने की हिमाकत करता है, तो ये बेवकूफी होगी।""",-1,-1,True,Antagonist,1,0.4222206,0.30232015,0.4222206,0.27545926,"['Antagonist', 'Foreign Adversary']",['Foreign Adversary'],0.031524654,0.000958211,0.009317623,0.08016309,0.0031356493,0.020841844,0.21397614,0.015903378,0.067573905,0.9740069,0.0031861314,0.0018267237,0.00562884,0.004512328,0.006931545,0.0040168082,0.015872547,0.005572479,0.0051918654,0.0028500005,0.006820078,0.004855092
HI_95.txt,"रूस ने साफ-साफ कह दिया है कि अगर नाटो यूक्रेन के समर्थन में उसके शहरों पर हमला करता है तो परमाणु युद्ध टाला नहीं जा सकता. रूस ने कहा कि यूक्रेन के सहारे अगर नाटो रूस के शहरों पर हमला करने की हिमाकत करता है, तो ये बेवकूफी होगी. यह असंभव है. क्योंकि यूक्रेन के पास लंबी दूरी का हमला करने की तकनीक और विज्ञान नहीं है. लेकिन नाटो कर सकता है.",यूक्रेन,248,255,"['Innocent', 'Victim']",337,72,"""यूक्रेन के पास लंबी दूरी का हमला करने की तकनीक और विज्ञान नहीं है।""",-1,-1,True,Protagonist,0,0.39913708,0.39913708,0.30125654,0.29960647,"['Protagonist', 'Underdog']",['Underdog'],0.12438488,0.006803751,0.0063890717,0.14854044,0.87437665,0.008555794,0.01935702,0.003815469,0.007122626,0.014260603,0.021670543,0.0039286353,0.008119891,0.007531966,0.17090346,0.012766476,0.02565843,0.0019599865,0.0061063594,0.0025416235,0.0031774442,0.0031181239
HI_95.txt,- रूस मार्शल लॉ लगाकर अपने टारगेट्स को यूक्रेन तक पहुंचा दे. इसके बाद यूक्रेन के कई शहर गाजा की तरह दिखने लगेंगे. इसके लिए रूस टैक्टिकल न्यूक्लियर वेपन यानी परमाणु हथियारों का इस्तेमाल कर सकता है.,रूस,2,5,"['Antagonist', 'Conspirator']",196,37,"""रूस मार्शल लॉ लगाकर अपने टारगेट्स को यूक्रेन तक पहुंचा दे।""",-1,-1,True,Protagonist,0,0.39908618,0.39908618,0.30237007,0.29854375,"['Protagonist', 'Rebel']",['Rebel'],0.17994888,0.0016823618,0.0065225307,0.88552344,0.0057353755,0.018897528,0.097344704,0.010121245,0.23847196,0.023768261,0.0061601256,0.0010823425,0.002878693,0.010798107,0.011109093,0.0045814253,0.012057653,0.0068784007,0.0017316178,0.0013629391,0.007006751,0.0016915479
HI_95.txt,"यह भी पढ़ें: हिजबुल्लाह ने इजरायल पर 1300 से ज्यादा ड्रोन और रॉकेटों से किया हमला , मिलिट्री बेस तबाह",हिजबुल्लाह,13,23,"['Antagonist', 'Saboteur']",101,20,"हिजबुल्लाह ने इजरायल पर 1300 से ज्यादा ड्रोन और रॉकेटों से किया हमला , मिलिट्री बेस तबाह",13,101,True,Antagonist,1,0.42222503,0.30280527,0.42222503,0.27496967,"['Antagonist', 'Instigator', 'Tyrant', 'Foreign Adversary']","['Instigator', 'Tyrant', 'Foreign Adversary']",0.007406852,0.0014781569,0.0045765527,0.013320634,0.0040721833,0.0050387997,0.5328291,0.0035881412,0.49799937,0.42207253,0.0016813091,0.0010074908,0.0062382347,0.0026869667,0.0070870034,0.010106798,0.0109882485,0.0044353944,0.005376909,0.0062450813,0.040682614,0.0063433265
HI_95.txt,"यह भी पढ़ें: हिजबुल्लाह ने इजरायल पर 1300 से ज्यादा ड्रोन और रॉकेटों से किया हमला , मिलिट्री बेस तबाह",इजरायल,27,33,"['Innocent', 'Victim']",101,20,"हिजबुल्लाह ने इजरायल पर 1300 से ज्यादा ड्रोन और रॉकेटों से किया हमला , मिलिट्री बेस तबाह",13,101,True,Innocent,2,0.42046455,0.30515268,0.2743828,0.42046455,"['Innocent', 'Victim']",['Victim'],0.0135346055,0.007527109,0.0068507465,0.015205034,0.035255115,0.0071380055,0.037039615,0.0065913387,0.018261073,0.028150722,0.0033048245,0.0028960851,0.0068414733,0.017669491,0.009448804,0.011363171,0.015302905,0.0065678474,0.10560348,0.11753753,0.9977837,0.014293585
HI_95.txt,"ये भी सुनने में आ रहा है कि रूस इस समय एक परमाणु परीक्षण करने की तैयारी में है. ये परीक्षण उसकी अपनी जमीन पर होगा. लेकिन कहां और कब इसका खुलासा नहीं हुआ है. यह परीक्षण किसी भी समय हो सकता है. यह पश्चिमी देशों को अपनी ताकत दिखाने का एक तरीका है, ताकि जंग को रोका जा सके.",रूस,28,31,"['Antagonist', 'Conspirator']",269,60,"ये परीक्षण पश्चिमी देशों को अपनी ताकत दिखाने का एक तरीका है, ताकि जंग को रोका जा सके.",-1,-1,True,Protagonist,0,0.39903095,0.39903095,0.30330947,0.2976596,"['Protagonist', 'Rebel']",['Rebel'],0.3728241,0.0011671993,0.029069705,0.91375387,0.009002807,0.070128866,0.021867335,0.011797983,0.042329364,0.021042366,0.005956431,0.0009513874,0.0026617644,0.008327623,0.011614937,0.0019025556,0.012161157,0.0050640306,0.0027700828,0.00086968095,0.004096035,0.0011380364
HI_95.txt,उत्तर कोरिया लगातार अपनी मिसाइलों की ताकत बढ़ा रहा है. उनके परीक्षण कर रहा है. उसे चीन और रूस का समर्थन हासिल है. वह भी यूक्रेन को हराने में रूस का साथ दे रहा है. साथ ही यह भी कहा है कि अगर जरूरत पड़ी तो वह सीधे तौर पर रूस के साथ खड़ा होगा. रूस के दुश्मन से जंग लड़ने को तैयार है. अक्सर ही तानाशाह किम जोंग उन अमेरिका तक मार करने वाली मिसाइलों की धमकी देता रहता है.,उत्तर कोरिया,0,12,"['Antagonist', 'Foreign Adversary']",365,81,वह भी यूक्रेन को हराने में रूस का साथ दे रहा है. वह रूस के दुश्मन से जंग लड़ने को तैयार है.,-1,-1,True,Protagonist,0,0.3991565,0.3991565,0.3011868,0.29965663,"['Protagonist', 'Guardian', 'Virtuous']","['Guardian', 'Virtuous']",0.6076896,0.0014246866,0.009408629,0.19134955,0.0028604837,0.5732425,0.0052808826,0.0052082115,0.0062176143,0.058707777,0.0016118991,0.0010247579,0.0015645706,0.0012120318,0.0026827853,0.0017524543,0.0045993617,0.0035888674,0.0033738757,0.0011677614,0.0028163115,0.0015090024
HI_12.txt,प्रधानमंत्री नरेन्द्र मोदी ने ऑस्ट्रिया की राजधानी विएना से स्पष्ट कर दिया है कि यूक्रेन-रूस संघर्ष का समाधान युद्धभूमि से नहीं निकलने वाला है। उन्होंने दोहराया है कि यह दौर युद्ध का नहीं है। उन्होंने ऑस्ट्रिया के चांसलर कार्ल नेहमर के साथ प्रेस बयान में यह बातें की हैं।,नरेन्द्र मोदी,13,26,"['Protagonist', 'Peacemaker']",271,49,प्रधानमंत्री नरेन्द्र मोदी ने ऑस्ट्रिया की राजधानी विएना से स्पष्ट कर दिया है कि यूक्रेन-रूस संघर्ष का समाधान युद्धभूमि से नहीं निकलने वाला है। उन्होंने दोहराया है कि यह दौर युद्ध का नहीं है।,0,191,True,Protagonist,0,0.39915538,0.39915538,0.30121046,0.29963416,"['Protagonist', 'Virtuous']",['Virtuous'],0.23934492,0.0051320535,0.32153955,0.015390714,0.0030249404,0.78568286,0.005106185,0.0068228985,0.0065172454,0.0026333742,0.010082327,0.0009800685,0.0032861768,0.0015070266,0.0063504837,0.0017272416,0.0056280065,0.0077139037,0.002056101,0.0023603477,0.0024562937,0.0029863976
HI_12.txt,प्रधानमंत्री नरेन्द्र मोदी ने ऑस्ट्रिया की राजधानी विएना से स्पष्ट कर दिया है कि यूक्रेन-रूस संघर्ष का समाधान युद्धभूमि से नहीं निकलने वाला है। उन्होंने दोहराया है कि यह दौर युद्ध का नहीं है। उन्होंने ऑस्ट्रिया के चांसलर कार्ल नेहमर के साथ प्रेस बयान में यह बातें की हैं।,कार्ल नेहमर,221,232,"['Protagonist', 'Peacemaker']",271,49,उन्होंने ऑस्ट्रिया के चांसलर कार्ल नेहमर के साथ प्रेस बयान में यह बातें की हैं।,192,271,True,Protagonist,0,0.39913008,0.39913008,0.3017054,0.2991645,"['Protagonist', 'Virtuous']",['Virtuous'],0.48637113,0.0064617847,0.011483835,0.064542614,0.009988134,0.9076287,0.0044342577,0.00951749,0.0038644462,0.0059817648,0.0045704246,0.0033990939,0.0039108726,0.0027459306,0.0023453527,0.0034362471,0.0045610364,0.006302307,0.005762781,0.0036769959,0.0033770313,0.003634593
HI_12.txt,पीएम मोदी ने कहा ऑस्ट्रिया और भारत शांति की बहाली चाहते हैं और इसके लिए हर प्रकार का सहयोग देने के लिए तैयार हैं। पीएम मोदी ने इस दौरान ख़ुशी जताई कि उनके तीसरे कार्यकाल में उन्हें ऑस्ट्रिया जाने का अवसर मिला। उन्होंने बताया कि 41 वर्षो के बाद कोई भारतीय प्रधानमंत्री ऑस्ट्रिया पहुँची है।,मोदी,5,9,"['Protagonist', 'Peacemaker']",288,55,पीएम मोदी ने कहा ऑस्ट्रिया और भारत शांति की बहाली चाहते हैं और इसके लिए हर प्रकार का सहयोग देने के लिए तैयार हैं।,0,113,True,Protagonist,0,0.39920074,0.39920074,0.29938823,0.30141106,"['Protagonist', 'Peacemaker']",['Peacemaker'],0.13735431,0.004926567,0.9881544,0.007934881,0.015330018,0.14463484,0.016081342,0.021957044,0.0074357246,0.018095981,0.010695235,0.0013217566,0.0116036935,0.0032592616,0.015256192,0.0039529153,0.016926914,0.007964873,0.005836111,0.0039445222,0.010062216,0.00534303
HI_12.txt,पीएम मोदी ने कहा ऑस्ट्रिया और भारत शांति की बहाली चाहते हैं और इसके लिए हर प्रकार का सहयोग देने के लिए तैयार हैं। पीएम मोदी ने इस दौरान ख़ुशी जताई कि उनके तीसरे कार्यकाल में उन्हें ऑस्ट्रिया जाने का अवसर मिला। उन्होंने बताया कि 41 वर्षो के बाद कोई भारतीय प्रधानमंत्री ऑस्ट्रिया पहुँची है।,ऑस्ट्रिया,17,26,"['Protagonist', 'Peacemaker']",288,55,पीएम मोदी ने कहा ऑस्ट्रिया और भारत शांति की बहाली चाहते हैं और इसके लिए हर प्रकार का सहयोग देने के लिए तैयार हैं।,0,113,True,Protagonist,0,0.39920297,0.39920297,0.299114,0.30168304,"['Protagonist', 'Peacemaker']",['Peacemaker'],0.13415688,0.0061054104,0.9892306,0.007916659,0.019696958,0.15222552,0.018890351,0.02581555,0.008234676,0.019051237,0.010991026,0.0016811842,0.01333803,0.004064312,0.014605577,0.004831494,0.01854803,0.009847727,0.007080997,0.004774291,0.013253698,0.006258507
HI_12.txt,पीएम मोदी ने कहा ऑस्ट्रिया और भारत शांति की बहाली चाहते हैं और इसके लिए हर प्रकार का सहयोग देने के लिए तैयार हैं। पीएम मोदी ने इस दौरान ख़ुशी जताई कि उनके तीसरे कार्यकाल में उन्हें ऑस्ट्रिया जाने का अवसर मिला। उन्होंने बताया कि 41 वर्षो के बाद कोई भारतीय प्रधानमंत्री ऑस्ट्रिया पहुँची है।,भारत,30,34,"['Protagonist', 'Peacemaker']",288,55,पीएम मोदी ने कहा ऑस्ट्रिया और भारत शांति की बहाली चाहते हैं और इसके लिए हर प्रकार का सहयोग देने के लिए तैयार हैं।,0,113,True,Protagonist,0,0.3992031,0.3992031,0.29902706,0.30176988,"['Protagonist', 'Peacemaker']",['Peacemaker'],0.1422638,0.0057351277,0.98548895,0.0062072515,0.014567232,0.15873587,0.017215123,0.02155137,0.0072008483,0.015224812,0.009358984,0.0013953216,0.011044236,0.0030997647,0.011849122,0.004167948,0.015867788,0.007831624,0.005497744,0.004271851,0.010468361,0.0056441077
HI_12.txt,पीएम मोदी के साथ मौजूद ऑस्ट्रिया के चांसलर नेहमर ने भी इस दौरान भारत के वर्तमान में विश्व में रोल को महत्वपूर्ण बताया है। उन्होंने कहा कि पीएम मोदी रूस से होकर उनके देश पहुँचे हैं ऐसे में वह स्वयं उनसे रूस की स्थिति के विषय में जानना चाहते थे। उन्होंने कहा है कि भारत का ऑस्ट्रिया का रोल शान्ति के मामले में काफी महत्वपूर्ण है।,भारत,64,68,"['Protagonist', 'Virtuous']",327,66,उन्होंने कहा है कि भारत का ऑस्ट्रिया का रोल शान्ति के मामले में काफी महत्वपूर्ण है।,244,327,True,Protagonist,0,0.39916742,0.39916742,0.2969056,0.3039269,"['Protagonist', 'Virtuous']",['Virtuous'],0.35013914,0.013584822,0.04017597,0.0131588355,0.008796212,0.9688895,0.005272678,0.007539623,0.006568937,0.007686684,0.0067551876,0.0043186555,0.004608592,0.0034780456,0.003941131,0.004684205,0.0073321396,0.010543622,0.008373906,0.0075929845,0.0053917994,0.009363146
HI_12.txt,पीएम मोदी के साथ मौजूद ऑस्ट्रिया के चांसलर नेहमर ने भी इस दौरान भारत के वर्तमान में विश्व में रोल को महत्वपूर्ण बताया है। उन्होंने कहा कि पीएम मोदी रूस से होकर उनके देश पहुँचे हैं ऐसे में वह स्वयं उनसे रूस की स्थिति के विषय में जानना चाहते थे। उन्होंने कहा है कि भारत का ऑस्ट्रिया का रोल शान्ति के मामले में काफी महत्वपूर्ण है।,भारत,263,267,"['Protagonist', 'Peacemaker']",327,66,उन्होंने कहा है कि भारत का ऑस्ट्रिया का रोल शान्ति के मामले में काफी महत्वपूर्ण है।,244,327,True,Protagonist,0,0.39916936,0.39916936,0.29690638,0.3039243,"['Protagonist', 'Virtuous']",['Virtuous'],0.12904051,0.008089945,0.3074839,0.013575827,0.0065077217,0.95829755,0.008530817,0.014439401,0.0058933557,0.0062628654,0.008766391,0.0014238653,0.004218768,0.002814984,0.003705402,0.0028162126,0.008557391,0.010293022,0.004229193,0.00475247,0.005234604,0.0063991235
HI_12.txt,पीएम मोदी के साथ मौजूद ऑस्ट्रिया के चांसलर नेहमर ने भी इस दौरान भारत के वर्तमान में विश्व में रोल को महत्वपूर्ण बताया है। उन्होंने कहा कि पीएम मोदी रूस से होकर उनके देश पहुँचे हैं ऐसे में वह स्वयं उनसे रूस की स्थिति के विषय में जानना चाहते थे। उन्होंने कहा है कि भारत का ऑस्ट्रिया का रोल शान्ति के मामले में काफी महत्वपूर्ण है।,ऑस्ट्रिया,271,280,"['Protagonist', 'Peacemaker']",327,66,उन्होंने कहा है कि भारत का ऑस्ट्रिया का रोल शान्ति के मामले में काफी महत्वपूर्ण है।,244,327,True,Protagonist,0,0.39918828,0.39918828,0.29760155,0.30321017,"['Protagonist', 'Virtuous']",['Virtuous'],0.109273076,0.006753643,0.14790647,0.009511859,0.0067023356,0.9747679,0.010237198,0.021834442,0.0067226547,0.035039824,0.011938959,0.0025975953,0.011370148,0.0047621173,0.0035604294,0.0025690405,0.023265569,0.019733595,0.020316241,0.015619891,0.009173956,0.017917663
HI_34.txt,"पुतिन को अब छकाएगी यूक्रेनी सेना, रूस को रोकने के लिए करेगी 10000 KM की किलेबंदी",पुतिन,0,4,"['Antagonist', 'Tyrant']",80,16,पुतिन को अब छकाएगी यूक्रेनी सेना,0,32,True,Antagonist,1,0.3973337,0.3467234,0.3973337,0.25594294,"['Antagonist', 'Rebel']",['Rebel'],0.17983982,0.0034069617,0.0015131559,0.6814589,0.028259395,0.007853466,0.07218682,0.0038082676,0.26539612,0.14861159,0.004296751,0.0023834489,0.0019573122,0.010699378,0.010936498,0.006271932,0.0052232514,0.003352362,0.008146687,0.0072154524,0.045976736,0.0016654521
HI_34.txt,"पुतिन को अब छकाएगी यूक्रेनी सेना, रूस को रोकने के लिए करेगी 10000 KM की किलेबंदी",यूक्रेनी सेना,19,32,"['Protagonist', 'Underdog']",80,16,"पुतिन को अब छकाएगी यूक्रेनी सेना, रूस को रोकने के लिए करेगी 10000 KM की किलेबंदी",0,80,True,Protagonist,0,0.3991223,0.3991223,0.30176026,0.29911745,"['Protagonist', 'Underdog']",['Underdog'],0.32296026,0.0016706127,0.0048920214,0.258295,0.8389478,0.008611528,0.026137404,0.0030429023,0.013713642,0.029204832,0.006555051,0.0015740951,0.006071937,0.006195309,0.00764186,0.0056951554,0.015098751,0.0012924025,0.0037637078,0.0012664003,0.0059924093,0.0012247179
HI_34.txt,"Ukraine russia war updates: यूक्रेन के सशस्त्र बलों ने 10,000 किलोमीटर किलेबंदी करने की योजना बनाई है। यूक्रेन का यह कदम रूसी सेना को खदेड़ने के लिए है।",यूक्रेन,28,35,"['Protagonist', 'Underdog']",152,28,यूक्रेन का यह कदम रूसी सेना को खदेड़ने के लिए है।,103,152,True,Protagonist,0,0.39340952,0.39340952,0.32794088,0.27864957,"['Protagonist', 'Underdog']",['Underdog'],0.09308474,0.002734179,0.00598234,0.16045395,0.943455,0.0069404393,0.07690709,0.0041188914,0.010442721,0.034077536,0.01623993,0.0031148812,0.015934324,0.019707594,0.026492368,0.013196026,0.04606129,0.001751006,0.008062055,0.0026371703,0.009133798,0.0028700694
HI_34.txt,"Ukraine Russia War Updates: रूस और यूक्रेन के बीच युद्ध खतरनाक मोड ले चुका है। एक तरफ रूसी सेना यूक्रेन के खारकीव शहर के कई कस्बों में कब्जा कर चुकी है। रूसी सेना यूक्रेन में लगातार बढ़त बना रही है। उधर, यूक्रेन ने रूसी सेना को रोकने के लिए नई रणनीति पर काम करना शुरू कर दिया है। यूक्रेन के सशस्त्र बलों ने 10,000 किलोमीटर किलेबंदी करने की योजना बनाई है। यूक्रेन का यह कदम रूसी सेना को खदेड़ने के लिए है। यूक्रेन को लगता है कि किलेबंदी से रूसी सेना को कुछ दिन रोकने में कामयाबी मिल सकती है।",रूसी सेना,86,95,"['Antagonist', 'Terrorist']",490,100,रूसी सेना यूक्रेन के खारकीव शहर के कई कस्बों में कब्जा कर चुकी है।,86,152,True,Antagonist,1,0.42217878,0.304075,0.42217878,0.27374616,"['Antagonist', 'Tyrant']",['Tyrant'],0.014458537,0.003603281,0.0049297656,0.028009001,0.006170384,0.007393545,0.15730235,0.008059063,0.95950186,0.066599146,0.005274857,0.0013119809,0.0036393655,0.008032093,0.01682523,0.02127398,0.008410683,0.017724331,0.0032513908,0.008013514,0.040308733,0.003596043
HI_34.txt,"Ukraine Russia War Updates: रूस और यूक्रेन के बीच युद्ध खतरनाक मोड ले चुका है। एक तरफ रूसी सेना यूक्रेन के खारकीव शहर के कई कस्बों में कब्जा कर चुकी है। रूसी सेना यूक्रेन में लगातार बढ़त बना रही है। उधर, यूक्रेन ने रूसी सेना को रोकने के लिए नई रणनीति पर काम करना शुरू कर दिया है। यूक्रेन के सशस्त्र बलों ने 10,000 किलोमीटर किलेबंदी करने की योजना बनाई है। यूक्रेन का यह कदम रूसी सेना को खदेड़ने के लिए है। यूक्रेन को लगता है कि किलेबंदी से रूसी सेना को कुछ दिन रोकने में कामयाबी मिल सकती है।",यूक्रेन,96,103,"['Innocent', 'Victim']",490,100,रूसी सेना यूक्रेन में लगातार बढ़त बना रही है।,153,198,True,Innocent,2,0.4204652,0.3053081,0.27422667,0.4204652,"['Innocent', 'Instigator']",['Instigator'],0.005921779,0.0017833199,0.0045414874,0.0155753475,0.36751637,0.0013050813,0.5632119,0.0051509803,0.011661483,0.26585537,0.004200817,0.00072475354,0.011604531,0.0076629766,0.021242542,0.008191268,0.02152195,0.0013019348,0.012157503,0.017770149,0.13894476,0.0087907305
HI_34.txt,"Ukraine Russia War Updates: रूस और यूक्रेन के बीच युद्ध खतरनाक मोड ले चुका है। एक तरफ रूसी सेना यूक्रेन के खारकीव शहर के कई कस्बों में कब्जा कर चुकी है। रूसी सेना यूक्रेन में लगातार बढ़त बना रही है। उधर, यूक्रेन ने रूसी सेना को रोकने के लिए नई रणनीति पर काम करना शुरू कर दिया है। यूक्रेन के सशस्त्र बलों ने 10,000 किलोमीटर किलेबंदी करने की योजना बनाई है। यूक्रेन का यह कदम रूसी सेना को खदेड़ने के लिए है। यूक्रेन को लगता है कि किलेबंदी से रूसी सेना को कुछ दिन रोकने में कामयाबी मिल सकती है।",यूक्रेन,204,211,"['Protagonist', 'Underdog']",490,100,यूक्रेन ने रूसी सेना को रोकने के लिए नई रणनीति पर काम करना शुरू कर दिया है।,204,279,True,Protagonist,0,0.39920333,0.39920333,0.298839,0.30195767,"['Protagonist', 'Underdog']",['Underdog'],0.32770067,0.0045704353,0.0054904358,0.19278103,0.8955508,0.012568564,0.013323123,0.004322348,0.0039069215,0.009178317,0.015976137,0.0051202932,0.008548504,0.013124471,0.010279308,0.009790596,0.018860698,0.0019233533,0.007321406,0.001861394,0.0053977403,0.002586435
HI_34.txt,"Ukraine Russia War Updates: रूस और यूक्रेन के बीच युद्ध खतरनाक मोड ले चुका है। एक तरफ रूसी सेना यूक्रेन के खारकीव शहर के कई कस्बों में कब्जा कर चुकी है। रूसी सेना यूक्रेन में लगातार बढ़त बना रही है। उधर, यूक्रेन ने रूसी सेना को रोकने के लिए नई रणनीति पर काम करना शुरू कर दिया है। यूक्रेन के सशस्त्र बलों ने 10,000 किलोमीटर किलेबंदी करने की योजना बनाई है। यूक्रेन का यह कदम रूसी सेना को खदेड़ने के लिए है। यूक्रेन को लगता है कि किलेबंदी से रूसी सेना को कुछ दिन रोकने में कामयाबी मिल सकती है।",यूक्रेन,280,287,"['Protagonist', 'Guardian']",490,100,"यूक्रेन के सशस्त्र बलों ने 10,000 किलोमीटर किलेबंदी करने की योजना बनाई है।",280,354,True,Protagonist,0,0.39917243,0.39917243,0.3006983,0.30012926,"['Protagonist', 'Underdog']",['Underdog'],0.36992776,0.003129958,0.0030511415,0.32345325,0.7848051,0.007612426,0.04268362,0.003656414,0.0067918487,0.012126784,0.0105888415,0.0037323409,0.0076950355,0.010554158,0.008509798,0.021736886,0.014858552,0.0017275113,0.004262928,0.0019176919,0.0047697434,0.0021861752
HI_34.txt,"रूस के खिलाफ युद्ध में यूक्रेन पहले ही हथियारों की कमी झेल रहा है। अमेरिका ने यूक्रेन के लिए हथियारों की मंजूरी तो दे दी है लेकिन, अभी तक हथियारों की खेप यूक्रेन तक नहीं पहुंच पाई है। यूक्रेनी राष्ट्रपति वलोडोमिर जेलेंस्की ने अपने देश को बचाने के लिए नाटो देशों से भी मदद की अपील की है।",यूक्रेन,23,30,"['Innocent', 'Forgotten']",286,58,"अमेरिका ने यूक्रेन के लिए हथियारों की मंजूरी तो दे दी है लेकिन, अभी तक हथियारों की खेप यूक्रेन तक नहीं पहुंच पाई है।",67,183,True,Innocent,2,0.42044467,0.30596185,0.27359352,0.42044467,"['Innocent', 'Underdog']",['Underdog'],0.02186209,0.028815443,0.0070155906,0.007361699,0.8399598,0.0025401092,0.015543,0.0018083965,0.0035133692,0.018812751,0.021283254,0.0034019107,0.006993042,0.011322318,0.3536025,0.0067455806,0.019388517,0.0034124337,0.088648714,0.08467551,0.10762221,0.012211295
HI_34.txt,"रूस के खिलाफ युद्ध में यूक्रेन पहले ही हथियारों की कमी झेल रहा है। अमेरिका ने यूक्रेन के लिए हथियारों की मंजूरी तो दे दी है लेकिन, अभी तक हथियारों की खेप यूक्रेन तक नहीं पहुंच पाई है। यूक्रेनी राष्ट्रपति वलोडोमिर जेलेंस्की ने अपने देश को बचाने के लिए नाटो देशों से भी मदद की अपील की है।",अमेरिका,67,74,"['Antagonist', 'Deceiver']",286,58,"अमेरिका ने यूक्रेन के लिए हथियारों की मंजूरी तो दे दी है लेकिन, अभी तक हथियारों की खेप यूक्रेन तक नहीं पहुंच पाई है।",67,183,True,Antagonist,1,0.42149425,0.30897263,0.42149425,0.26953313,"['Antagonist', 'Guardian']",['Guardian'],0.97425395,0.0023295537,0.018386021,0.011618162,0.004665435,0.24477924,0.014258056,0.012051775,0.007974147,0.042177193,0.003654332,0.0043796925,0.009242059,0.006268744,0.018778346,0.010718635,0.021767763,0.007885226,0.0056701475,0.0036163072,0.0074743596,0.0030871008
HI_34.txt,"रूस के खिलाफ युद्ध में यूक्रेन पहले ही हथियारों की कमी झेल रहा है। अमेरिका ने यूक्रेन के लिए हथियारों की मंजूरी तो दे दी है लेकिन, अभी तक हथियारों की खेप यूक्रेन तक नहीं पहुंच पाई है। यूक्रेनी राष्ट्रपति वलोडोमिर जेलेंस्की ने अपने देश को बचाने के लिए नाटो देशों से भी मदद की अपील की है।",यूक्रेन,154,161,"['Innocent', 'Forgotten']",286,58,रूस के खिलाफ युद्ध में यूक्रेन पहले ही हथियारों की कमी झेल रहा है।,0,66,True,Innocent,2,0.42037725,0.30675197,0.27287075,0.42037725,"['Innocent', 'Underdog']",['Underdog'],0.021619553,0.023408944,0.0048990482,0.008538067,0.82285964,0.001629737,0.027353344,0.0015240083,0.0054531703,0.012720336,0.014243955,0.0029989034,0.008022658,0.01871634,0.23603132,0.007312937,0.019049047,0.0020916993,0.072884955,0.06879767,0.1980786,0.009520948
HI_34.txt,"रूस के खिलाफ युद्ध में यूक्रेन पहले ही हथियारों की कमी झेल रहा है। अमेरिका ने यूक्रेन के लिए हथियारों की मंजूरी तो दे दी है लेकिन, अभी तक हथियारों की खेप यूक्रेन तक नहीं पहुंच पाई है। यूक्रेनी राष्ट्रपति वलोडोमिर जेलेंस्की ने अपने देश को बचाने के लिए नाटो देशों से भी मदद की अपील की है।",वलोडोमिर जेलेंस्की,204,222,"['Innocent', 'Victim']",286,58,यूक्रेनी राष्ट्रपति वलोडोमिर जेलेंस्की ने अपने देश को बचाने के लिए नाटो देशों से भी मदद की अपील की है।,184,286,True,Protagonist,0,0.39917773,0.39917773,0.2972403,0.30358198,"['Protagonist', 'Guardian']",['Guardian'],0.9923808,0.008236227,0.034795966,0.05499986,0.057928633,0.19613561,0.010551514,0.007891279,0.0048693093,0.015551202,0.0046410505,0.005188492,0.007925867,0.0040838555,0.011918991,0.010658548,0.01468389,0.0061319782,0.008688486,0.0065511866,0.016329976,0.0032590725
HI_34.txt,"यूक्रेनी शहर खारकीव के कस्बों को कब्जा करने के लिए रूस पिछले सात दिनों 1500 से अधिक सैनिकों और बड़ी मात्रा में ड्रोन, मिसाइल और टैंकों को खो चुका है। यूक्रेनी पब्लिकेशन लीगा का दावा है कि वे लगातार रूस को रोकने के लिए प्रयासरत हैं। रूसी सेना को रोकने के लिए अब यूक्रेनी सेना ने नए सिरे से योजना बनाना शुरू कर दिया है।",यूक्रेनी सेना,261,274,"['Protagonist', 'Underdog']",317,65,रूसी सेना को रोकने के लिए अब यूक्रेनी सेना ने नए सिरे से योजना बनाना शुरू कर दिया है।,232,317,True,Protagonist,0,0.3992015,0.3992015,0.2984796,0.30231893,"['Protagonist', 'Guardian']",['Guardian'],0.5785167,0.0009024896,0.028270591,0.377726,0.21240558,0.087772705,0.012255524,0.008085492,0.0039024632,0.021807043,0.009839217,0.0014070924,0.008629414,0.0024124458,0.0074540824,0.0017959832,0.011333431,0.0015498587,0.0022314854,0.00047665925,0.00095206837,0.0010146468
HI_34.txt,गौरतलब है कि रूस- यूक्रेन के बीच युद्ध को दो सालों से अधिक का समय हो गया है और इसने महायुद्ध में लाखों लोगों की जान जा चुकी है और अरबों की संपदा खाक हो चुकी है। यूक्रेन के खूबसूरत शहर श्मशान बन चुके हैं लेकिन न तो रूस ने युद्ध रोकने के कोई संकेत दिए हैं और न ही यूक्रेन ने घुटने टेके हैं। इस युद्धने दुनिया भर की अर्थव्यवस्थाओं को प्रभावित किया है। ताजा घटनाक्रम के तहत रूसी सेना,यूक्रेन,161,168,"['Innocent', 'Victim']",379,81,यूक्रेन के खूबसूरत शहर श्मशान बन चुके हैं लेकिन न तो रूस ने युद्ध रोकने के कोई संकेत दिए हैं और न ही यूक्रेन ने घुटने टेके हैं।,161,288,True,Innocent,2,0.42046317,0.3054004,0.2741364,0.42046317,"['Innocent', 'Victim']",['Victim'],0.008085496,0.016958125,0.00566882,0.007773784,0.052323114,0.0050217835,0.025051683,0.003639905,0.011388505,0.011268847,0.004598947,0.0026955905,0.005196734,0.014044499,0.012410827,0.006667248,0.010917625,0.0043474645,0.09159811,0.19478998,0.99346256,0.011916195
HI_34.txt,गौरतलब है कि रूस- यूक्रेन के बीच युद्ध को दो सालों से अधिक का समय हो गया है और इसने महायुद्ध में लाखों लोगों की जान जा चुकी है और अरबों की संपदा खाक हो चुकी है। यूक्रेन के खूबसूरत शहर श्मशान बन चुके हैं लेकिन न तो रूस ने युद्ध रोकने के कोई संकेत दिए हैं और न ही यूक्रेन ने घुटने टेके हैं। इस युद्धने दुनिया भर की अर्थव्यवस्थाओं को प्रभावित किया है। ताजा घटनाक्रम के तहत रूसी सेना,रूस,214,217,"['Antagonist', 'Tyrant']",379,81,रूस- यूक्रेन के बीच युद्ध को दो सालों से अधिक का समय हो गया है और इसने महायुद्ध में लाखों लोगों की जान जा चुकी है और अरबों की संपदा खाक हो चुकी है।,13,160,True,Protagonist,0,0.39919758,0.39919758,0.2993351,0.30146733,"['Protagonist', 'Rebel', 'Tyrant']","['Rebel', 'Tyrant']",0.042480357,0.0024432333,0.009779317,0.80838937,0.028712602,0.023533655,0.024755495,0.0063076126,0.63697916,0.032778695,0.0067235306,0.0010749953,0.0016845135,0.00981369,0.021851748,0.0026878587,0.010510216,0.007672232,0.003140203,0.0022326452,0.00985575,0.0013149844
HI_34.txt,गौरतलब है कि रूस- यूक्रेन के बीच युद्ध को दो सालों से अधिक का समय हो गया है और इसने महायुद्ध में लाखों लोगों की जान जा चुकी है और अरबों की संपदा खाक हो चुकी है। यूक्रेन के खूबसूरत शहर श्मशान बन चुके हैं लेकिन न तो रूस ने युद्ध रोकने के कोई संकेत दिए हैं और न ही यूक्रेन ने घुटने टेके हैं। इस युद्धने दुनिया भर की अर्थव्यवस्थाओं को प्रभावित किया है। ताजा घटनाक्रम के तहत रूसी सेना,यूक्रेन,262,269,"['Protagonist', 'Rebel']",379,81,यूक्रेन के खूबसूरत शहर श्मशान बन चुके हैं लेकिन न तो रूस ने युद्ध रोकने के कोई संकेत दिए हैं और न ही यूक्रेन ने घुटने टेके हैं।,161,288,True,Protagonist,0,0.39917657,0.39917657,0.30049738,0.30032605,"['Protagonist', 'Underdog']",['Underdog'],0.047353312,0.0025876418,0.0020556278,0.3776674,0.7961445,0.0036051902,0.06961767,0.0030082746,0.11973575,0.024059424,0.008120329,0.0021810292,0.006368273,0.01697241,0.017389437,0.011680061,0.032915886,0.0022615155,0.0049219686,0.0025861913,0.013611998,0.0020739902
PT_203.txt,"Chuvas no Sul e seca com incêndios no Pantanal. Indígenas que estão a passar por efeitos práticos como estes das alterações climáticas no Brasil realizaram uma manifestação na Esplanada dos Ministérios, esta quarta-feira (26).",Pantanal,38,46,"['Innocent', 'Victim']",226,34,seca com incêndios no Pantanal.,16,47,True,Innocent,2,0.42045784,0.30565172,0.2738904,0.42045784,"['Innocent', 'Victim']",['Victim'],0.018077638,0.0067646867,0.010651486,0.022457372,0.034409273,0.009512951,0.03680576,0.006158415,0.018273447,0.024883984,0.003441175,0.002895434,0.005838103,0.012263285,0.008918378,0.012149357,0.018142996,0.008710619,0.10997831,0.10258383,0.997781,0.013201356
PT_203.txt,"“Estamos a ser destruídos pelos incêndios e isso impacta as nossas águas e as nossas terras”, disse a liderança Valdelice Verón, do povo Guarani Kaiowá.",Valdelice Verón,112,127,"['Innocent', 'Victim']",152,25,"“Estamos a ser destruídos pelos incêndios e isso impacta as nossas águas e as nossas terras”, disse a liderança Valdelice Verón, do povo Guarani Kaiowá.",0,152,True,Protagonist,0,0.3989772,0.3989772,0.2938859,0.30713686,"['Protagonist', 'Virtuous']",['Virtuous'],0.28703094,0.0069897054,0.021722037,0.08587039,0.0038180614,0.9431015,0.014113407,0.0133989435,0.0104541,0.0045975805,0.007240801,0.0018292058,0.0034003286,0.0051328423,0.0032088906,0.003036651,0.004048241,0.0077851317,0.003687108,0.0051587787,0.005261092,0.0037285695
PT_203.txt,"“Estamos a ser destruídos pelos incêndios e isso impacta as nossas águas e as nossas terras”, disse a liderança Valdelice Verón, do povo Guarani Kaiowá.",Guarani Kaiowá,137,151,"['Innocent', 'Victim']",152,25,"“Estamos a ser destruídos pelos incêndios e isso impacta as nossas águas e as nossas terras”, disse a liderança Valdelice Verón, do povo Guarani Kaiowá.",0,152,True,Innocent,2,0.41824126,0.3164914,0.26526734,0.41824126,"['Innocent', 'Rebel']",['Rebel'],0.028984321,0.033371747,0.006145421,0.77258676,0.033388894,0.03843076,0.043381277,0.0028876374,0.017574068,0.012904003,0.011470953,0.003688971,0.0012186355,0.012831889,0.0033988792,0.0037641246,0.0013447496,0.008726254,0.05376717,0.08324581,0.14603826,0.004721129
PT_208.txt,"A Caatinga é o único dos 6 biomas do território brasileiro que é 100% nacional. Mas, apesar disso, historicamente, tem recebido pouca atenção por parte das políticas públicas de preservação. E isso reflete-se tanto no que se prevê para o bioma no futuro, como efeito das alterações climáticas, mas, principalmente, no seu presente.",Caatinga,2,10,"['Innocent', 'Victim', 'Forgotten']",331,53,"historicamente, tem recebido pouca atenção por parte das políticas públicas de preservação.",99,190,True,Innocent,2,0.42045417,0.30554602,0.27399987,0.42045417,"['Innocent', 'Victim']",['Victim'],0.052197613,0.005767827,0.0021779349,0.10483961,0.009958857,0.13963562,0.004905261,0.0047621396,0.004142518,0.01272717,0.0067160255,0.015131959,0.004158789,0.14909169,0.0072390903,0.0017072505,0.022404032,0.006463374,0.20382147,0.18519571,0.59368855,0.021808539
PT_208.txt,"Já foram perdidos 34 milhões de hectares – área equivalente ao estado de Goiás – dos 82,6 milhões de hectares da Caatinga, 40% do seu território. O alerta foi dado pelo presidente do IBAMA, Rodrigo Agostinho, num seminário técnico-científico sobre o bioma, noticiam a Agência Brasil, UOL, Brasil 247, SBT e O Povo.",Rodrigo Agostinho,190,207,"['Protagonist', 'Guardian']",314,53,"O alerta foi dado pelo presidente do IBAMA, Rodrigo Agostinho, num seminário técnico-científico sobre o bioma.",-1,-1,True,Protagonist,0,0.39910102,0.39910102,0.29543987,0.3054591,"['Protagonist', 'Guardian', 'Virtuous']","['Guardian', 'Virtuous']",0.8660714,0.0023902536,0.021443684,0.011460713,0.0027962402,0.6101679,0.0051991427,0.00915122,0.0040969183,0.005027503,0.0021476266,0.0013124831,0.004032949,0.0036271613,0.0040367316,0.004775698,0.0060795853,0.0052908235,0.0033003227,0.0028488948,0.005409095,0.0023058546
PT_208.txt,"O pecuarista Claudecy Oliveira Lemes, investigado por gastar mais de 4,1 milhões de euros em desmate químico em áreas que totalizam 81 mil hectares no Pantanal mato-grossense, manteve-se em silêncio durante o depoimento prestado de forma virtual na 3.ª feira (16/4). Segundo a delegada Liliane Muratta, o próximo passo é encerrar a investigação, relatar o inquérito e enviá-lo à Justiça para análise do Ministério Público de Mato Grosso (MPMT) e oferecimento de denúncia, detalha o G1. Apesar de ter cometido o absurdo crime ambiental e de ter 15 autuações por danos ambientais no Pantanal, desde 2019, além de ter recebido multas que totalizam 850 milhões de euros, Lemes continua em liberdade, condição que o MP tenta reverter.",Claudecy Oliveira Lemes,13,36,"['Antagonist', 'Corrupt']",729,117,"O pecuarista Claudecy Oliveira Lemes, investigado por gastar mais de 4,1 milhões de euros em desmate químico em áreas.",-1,-1,True,Antagonist,1,0.42218146,0.30118307,0.42218146,0.27663544,"['Antagonist', 'Corrupt']",['Corrupt'],0.0045798253,0.0046705236,0.00090449204,0.06929104,0.005215784,0.005650049,0.06188609,0.03693215,0.007767144,0.018133208,0.07224007,0.091806844,0.051557012,0.9143486,0.009496682,0.04133484,0.040385105,0.008260797,0.018698253,0.025301626,0.013748616,0.052633096
PT_233.txt,"A cena foi triste e desoladora. No final de setembro, mais de 100 botos-cor-de-rosa e tucuxis foram encontrados mortos no lago de Tefé, um município do Amazonas, a 500 quilómetros de Manaus. Os mamíferos aquáticos encalharam nos bancos de areia, formados em consequência da seca, a maior em mais de treze anos. Os rios baixaram tanto que as comunidades ribeirinhas ficaram sem água para beber e sem ter o que comer. Na capital, os manauenses viveram dias com o céu encoberto pelo fumo dos incêndios das florestas. A tragédia ambiental da Amazónia, dada a relevância quase mítica deste pedaço de Brasil, íman de interesse global, foi símbolo de um 2023 marcado por extremos climáticos em todo o mundo.",Amazónia,538,546,"['Innocent', 'Victim']",700,118,A tragédia ambiental da Amazónia foi símbolo de um 2023 marcado por extremos climáticos.,-1,-1,True,Innocent,2,0.420466,0.30515966,0.2743743,0.420466,"['Innocent', 'Victim']",['Victim'],0.01184585,0.008972322,0.007835267,0.0153454915,0.036060773,0.008536779,0.03324701,0.0043302495,0.021003602,0.020179667,0.0036042861,0.0033062333,0.0058147446,0.0121562425,0.009399114,0.01230121,0.01691271,0.0076537617,0.12736364,0.11682019,0.99760616,0.017581256
PT_241.txt,"A Rússia classificou a medida como ""ilegal"".",Rússia,2,8,"['Protagonist', 'Guardian']",44,7,"A Rússia classificou a medida como ""ilegal"".",0,44,True,Protagonist,0,0.3991781,0.3991781,0.29739034,0.3034316,"['Protagonist', 'Virtuous']",['Virtuous'],0.15914038,0.0050528445,0.0769957,0.05569391,0.010009771,0.97952956,0.010315372,0.0449402,0.015863983,0.0140318135,0.014876166,0.0019500367,0.008474134,0.014094359,0.0038094653,0.0031112924,0.03028597,0.02390666,0.011784188,0.0063945195,0.011414049,0.009034488
PT_241.txt,"""Esta é uma razão para tomar medidas em resposta às decisões ilegais como esta, que são implementadas pela União Europeia"", afirmou Dmitri Peskov, porta-voz do Presidente russo, Vladimir Putin, à imprensa.",União Europeia,107,121,"['Antagonist', 'Corrupt']",205,31,"Esta é uma razão para tomar medidas em resposta às decisões ilegais como esta, que são implementadas pela União Europeia.",-1,-1,True,Antagonist,1,0.42221227,0.30182233,0.42221227,0.2759654,"['Antagonist', 'Instigator']",['Instigator'],0.008735609,0.0013529236,0.019923806,0.0063427794,0.0022497987,0.006803039,0.92575985,0.13961296,0.13466719,0.14352688,0.0042782654,0.00046721403,0.0382318,0.005750391,0.00921903,0.008607345,0.008283718,0.0030955635,0.001267079,0.0024562376,0.0061863675,0.0022073563
PT_259.txt,"A porta-voz do Ministério dos Negócios Estrangeiros russo, Maria Zakharova, afirmou, esta quarta-feira, que o líder ucraniano Volodymyr Zelensky não é de confiança quando fala de possíveis negociações com a Rússia.",Maria Zakharova,59,74,"['Protagonist', 'Guardian']",214,31,"A porta-voz do Ministério dos Negócios Estrangeiros russo, Maria Zakharova, afirmou que o líder ucraniano Volodymyr Zelensky não é de confiança.",-1,-1,True,Protagonist,0,0.3991869,0.3991869,0.29750675,0.3033063,"['Protagonist', 'Virtuous']",['Virtuous'],0.1954824,0.00472996,0.09682611,0.015943531,0.004633913,0.96994567,0.0068734093,0.023654547,0.009309261,0.009620404,0.009832456,0.0015911026,0.0056993747,0.0028689723,0.0041614673,0.0030417845,0.044245973,0.020880496,0.004270949,0.0028708433,0.0045992914,0.009966956
PT_259.txt,"A porta-voz do Ministério dos Negócios Estrangeiros russo, Maria Zakharova, afirmou, esta quarta-feira, que o líder ucraniano Volodymyr Zelensky não é de confiança quando fala de possíveis negociações com a Rússia.",Volodymyr Zelensky,126,144,"['Antagonist', 'Deceiver']",214,31,"Maria Zakharova, afirmou, esta quarta-feira, que o líder ucraniano Volodymyr Zelensky não é de confiança.",-1,-1,True,Antagonist,1,0.4221739,0.30112952,0.4221739,0.2766966,"['Antagonist', 'Deceiver']",['Deceiver'],0.022113634,0.0014878998,0.013407411,0.009244845,0.005422603,0.044636935,0.0124132,0.030345257,0.015888726,0.046426505,0.036917,0.007245364,0.048536856,0.012293482,0.060370594,0.007500014,0.97617245,0.06499384,0.006698953,0.0019169671,0.00752712,0.04075474
PT_259.txt,"""Ninguém tem qualquer confiança nele. Todos compreendem perfeitamente que se trata de um homem que pode distorcer tudo, que pode mentir, que pode abandonar tudo, como abandonou até o seu próprio povo, atirando literalmente o povo da Ucrânia para um altar de sacrifício"", afirmou, numa conferência de imprensa, citada pela Tass.",Ucrânia,233,240,"['Innocent', 'Exploited']",327,51,o povo da Ucrânia para um altar de sacrifício.,-1,-1,True,Innocent,2,0.42045438,0.30427086,0.27527475,0.42045438,"['Innocent', 'Victim']",['Victim'],0.008838842,0.0037678399,0.005290324,0.0045911064,0.005696844,0.009306763,0.018362748,0.0032341196,0.010648497,0.019890416,0.0032663688,0.0017479131,0.0056012436,0.011608967,0.00842676,0.0037938613,0.041968785,0.026664224,0.2696321,0.12702574,0.9409855,0.061130494
PT_259.txt,"""Ouvimos muitas palavras, mas basicamente não vemos quaisquer atos. Bem, exceto o facto de Zelensky continuar a massacrar cidadãos ucranianos"", frisou ainda.",Zelensky,91,99,"['Antagonist', 'Terrorist', 'Tyrant']",157,22,Zelensky continuar a massacrar cidadãos ucranianos.,-1,-1,True,Antagonist,1,0.4221682,0.30096033,0.4221682,0.27687147,"['Antagonist', 'Terrorist']",['Terrorist'],0.008800708,0.006884739,0.0029762618,0.011311061,0.00504948,0.005900252,0.18726397,0.012952725,0.3175264,0.02588875,0.011779296,0.008748188,0.023222784,0.014907532,0.00806074,0.8537803,0.005456233,0.015254823,0.0026461028,0.0034649363,0.010770765,0.031165898
PT_259.txt,"Zakharova sugeriu também que Zelensky e os que o apoiam ""querem fazer outra tentativa para promover a chamada fórmula de paz, que eles estão a tentar, sem sucesso"". ""Querem forçar literalmente todos, para envolver o maior número possível de países na sua discussão sob falsos pretextos"", salientou.",Zelensky,29,37,"['Antagonist', 'Conspirator', 'Deceiver']",298,47,"Zakharova sugeriu também que Zelensky e os que o apoiam ""querem fazer outra tentativa para promover a chamada fórmula de paz"".",-1,-1,True,Antagonist,1,0.4221986,0.30146584,0.4221986,0.27633557,"['Antagonist', 'Deceiver']",['Deceiver'],0.0095423665,0.002369971,0.006652217,0.007860588,0.006273314,0.012158905,0.027192065,0.035129488,0.019237714,0.018448984,0.081623495,0.015178162,0.1587977,0.012489541,0.03740199,0.021205893,0.95734215,0.02217644,0.0025656768,0.0016662824,0.0048504313,0.059997723
PT_259.txt,"E continuou: ""Não há nada de novo na intenção do regime de Kiev e dos seus manipuladores ocidentais de se reabilitarem pela chamada cimeira de paz falhada. Compreendemos que estas tentativas vão continuar. Por detrás disto está o desejo de impor a 'fórmula Zelensky', que é um beco sem saída, a um vasto leque de países"".",Kiev,59,63,"['Antagonist', 'Deceiver']",321,56,a intenção do regime de Kiev e dos seus manipuladores ocidentais de se reabilitarem pela chamada cimeira de paz falhada.,35,155,True,Antagonist,1,0.42220777,0.30175492,0.42220777,0.27603737,"['Antagonist', 'Conspirator', 'Saboteur', 'Deceiver']","['Conspirator', 'Saboteur', 'Deceiver']",0.0057812217,0.00083526055,0.0029720932,0.005499699,0.006064747,0.0034749547,0.015162938,0.3443927,0.0122379195,0.03589695,0.020435635,0.009225609,0.42916867,0.21751615,0.009632187,0.0135037955,0.31830576,0.0058789616,0.0033583732,0.0013695589,0.005305713,0.010058815
PT_259.txt,"Recorde-se que, numa entrevista à BBC, Zelensky afirmou que as conversações com o lado russo eram possíveis, apesar do decreto em vigor na Ucrânia que proíbe essas conversações. ""Ao pressionar a Rússia, acredito que é possível chegar a um acordo diplomático. Acho que o poder da diplomacia pode ajudar"", disse o presidente ucraniano.",Rússia,195,201,"['Antagonist', 'Foreign Adversary']",333,53,Zelensky afirmou que as conversações com o lado russo eram possíveis.,-1,-1,True,Innocent,2,0.42044088,0.30526716,0.274292,0.42044088,"['Innocent', 'Foreign Adversary']",['Foreign Adversary'],0.03545137,0.0012691946,0.017663697,0.092257,0.023293613,0.02132831,0.054906476,0.0055464944,0.023555342,0.95478016,0.001498326,0.00097379513,0.0037145005,0.002245109,0.003179289,0.0014303023,0.01794481,0.003766081,0.033959404,0.006238323,0.0979201,0.016747616
PT_220.txt,"A seca tem favorecido a propagação das chamas, a maior parte delas resultado da ação humana. Desde o início do ano, segundo Rosa, foram detetados mais de 12 mil focos de incêndio no Pantanal, que se propagam facilmente na vegetação ressequida. Houve um crescimento de 31% em relação ao mesmo período do ano passado, o pior resultado obtido desde 1998, quando o Instituto Nacional de Pesquisas Espaciais (Inpe) começou a rastrear o incêndio na região.",Pantanal,182,190,"['Innocent', 'Victim']",450,75,A seca tem favorecido a propagação das chamas no Pantanal.,-1,-1,True,Innocent,2,0.42046398,0.3052274,0.2743086,0.42046398,"['Innocent', 'Victim']",['Victim'],0.01667818,0.0072950004,0.008418584,0.019546736,0.031372204,0.008883497,0.03152,0.0059965374,0.019385051,0.020307234,0.0035757464,0.0034529262,0.0064424016,0.014421633,0.009861136,0.012940045,0.020326883,0.009166049,0.1155843,0.106119275,0.9978689,0.01554391
PT_220.txt,"A Amazónia, a maior floresta tropical do mundo, já perdeu 27,5% da sua vegetação original. No Cerrado, onde se encontram as nascentes de muitos rios, a destruição já atingiu os 53,4%. Como resultado, tem chovido menos no Brasil Central, uma grave ameaça para a produtividade do agronegócio.",Amazónia,2,10,"['Innocent', 'Victim']",290,47,"A Amazónia, a maior floresta tropical do mundo, já perdeu 27,5% da sua vegetação original.",0,90,True,Innocent,2,0.42046243,0.30547392,0.27406368,0.42046243,"['Innocent', 'Victim']",['Victim'],0.012925771,0.00936108,0.006856283,0.015650524,0.03601367,0.008255758,0.030527541,0.004897986,0.022229694,0.01947384,0.0033672636,0.0031088293,0.0057856855,0.013907205,0.009040826,0.012461759,0.014413957,0.0073390114,0.1167736,0.12033444,0.9976673,0.015386292
PT_220.txt,"A Amazónia, a maior floresta tropical do mundo, já perdeu 27,5% da sua vegetação original. No Cerrado, onde se encontram as nascentes de muitos rios, a destruição já atingiu os 53,4%. Como resultado, tem chovido menos no Brasil Central, uma grave ameaça para a produtividade do agronegócio.",Cerrado,94,101,"['Innocent', 'Victim']",290,47,"""No Cerrado, onde se encontram as nascentes de muitos rios, a destruição já atingiu os 53,4%.""",-1,-1,True,Innocent,2,0.42046165,0.30540007,0.2741382,0.42046165,"['Innocent', 'Victim']",['Victim'],0.014338742,0.008503926,0.007475665,0.015654843,0.03594629,0.008507783,0.034103714,0.005692478,0.02143463,0.021365786,0.0034420746,0.0031354127,0.0064800894,0.014918138,0.0092215175,0.013121297,0.015045491,0.007663249,0.11453413,0.11609155,0.99785334,0.015338239
PT_254.txt,"Em janeiro, a Microsoft acusou Moscovo de realizar um ciberataque contra os computadores da empresa, algo que os russos negam.",Moscovo,31,38,"['Antagonist', 'Foreign Adversary']",126,20,"""Moscovo de realizar um ciberataque contra os computadores da empresa""",-1,-1,True,Antagonist,1,0.42204455,0.29973596,0.42204455,0.27821946,"['Antagonist', 'Instigator', 'Terrorist']","['Instigator', 'Terrorist']",0.008753117,0.0026376909,0.0032073976,0.0058187153,0.0023602084,0.004789752,0.53163576,0.05441818,0.017294778,0.036735136,0.010089534,0.008967367,0.22568989,0.003612548,0.0065410556,0.60600007,0.014015061,0.004739137,0.0016591175,0.0016494816,0.0030246726,0.04531138
PT_254.txt,"“Se algum dos cidadãos de Estados que tiveram a sorte de não fazer parte da ‘grande civilização ocidental’ precisasse de um argumento decisivo a favor do desenvolvimento dos sistemas informáticos nacionais, receberam-no”, escreveu, num artigo na agência RIA Novosti, o colunista Anton Trofimov.",Anton Trofimov,279,293,"['Protagonist', 'Guardian']",294,43,"""escreveu, num artigo na agência RIA Novosti, o colunista Anton Trofimov.""",-1,-1,True,Protagonist,0,0.39895043,0.39895043,0.29370484,0.3073447,"['Protagonist', 'Virtuous']",['Virtuous'],0.15454414,0.00694543,0.02631334,0.30855137,0.0072863586,0.9208959,0.019487489,0.022584144,0.007965314,0.00501403,0.018925272,0.0013701369,0.004571735,0.008406361,0.004561032,0.0033463433,0.00523555,0.013280134,0.0030641449,0.003858269,0.0031579125,0.0031403648
PT_211.txt,"Um terço da população global viverá em condições perigosamente quentes até ao ano 2080, se o mundo continuar na sua trajectória actual. Caso esta tendência se mantenha, países inteiros da África Ocidental e do Golfo Pérsico entrarão numa zona de calor extremo, segundo um novo estudo. As temperaturas médias globais poderão subir 2,7°C nas últimas duas décadas do século, de acordo com investigadores do Global Systems Institute da Universidade de Exeter, que definiram áreas perigosamente quentes, ou áreas fora do chamado nicho humano, como tendo uma temperatura média anual acima dos 29°C.",África Ocidental,188,204,"['Innocent', 'Victim']",592,92,"""países inteiros da África Ocidental e do Golfo Pérsico entrarão numa zona de calor extremo, segundo um novo estudo.""",-1,-1,True,Innocent,2,0.4204667,0.30498183,0.2745515,0.4204667,"['Innocent', 'Victim']",['Victim'],0.014197978,0.0075781806,0.009036495,0.016058294,0.032724835,0.0091401925,0.0345276,0.0063923085,0.019272873,0.022480058,0.0035923289,0.0031661745,0.006808367,0.01330726,0.008615357,0.012389094,0.018891828,0.00884294,0.12220136,0.10914446,0.99791783,0.0168323
PT_211.txt,"Um terço da população global viverá em condições perigosamente quentes até ao ano 2080, se o mundo continuar na sua trajectória actual. Caso esta tendência se mantenha, países inteiros da África Ocidental e do Golfo Pérsico entrarão numa zona de calor extremo, segundo um novo estudo. As temperaturas médias globais poderão subir 2,7°C nas últimas duas décadas do século, de acordo com investigadores do Global Systems Institute da Universidade de Exeter, que definiram áreas perigosamente quentes, ou áreas fora do chamado nicho humano, como tendo uma temperatura média anual acima dos 29°C.",Golfo Pérsico,210,223,"['Innocent', 'Victim']",592,92,"""países inteiros da África Ocidental e do Golfo Pérsico entrarão numa zona de calor extremo, segundo um novo estudo.""",-1,-1,True,Innocent,2,0.42046627,0.30516723,0.27436653,0.42046627,"['Innocent', 'Victim']",['Victim'],0.013928991,0.007509533,0.009076434,0.015879057,0.033430252,0.009139307,0.034843016,0.006298313,0.019812958,0.022897916,0.0035520382,0.003115851,0.0068158153,0.012879882,0.008410727,0.0124564385,0.01890301,0.008734028,0.12049355,0.10842465,0.99791104,0.01677789
PT_211.txt,"As temperaturas mais elevadas levarão a mais mortes relacionadas com o calor, reduzirão a produtividade e resultarão num menor rendimento das culturas, no aumento da migração e na propagação de doenças infecciosas. As populações do Burkina Faso, Mali, Qatar, Aruba e Emirados Árabes Unidos, por exemplo, ficarão quase inteiramente fora do nicho humano (local onde se concentram as grandes populações do mundo), segundo o estudo.",Burkina Faso,232,244,"['Innocent', 'Victim']",428,65,"""As populações do Burkina Faso, Mali, Qatar, Aruba e Emirados Árabes Unidos, por exemplo, ficarão quase inteiramente fora do nicho humano, segundo o estudo.""",-1,-1,True,Innocent,2,0.42046508,0.30484286,0.27469212,0.42046508,"['Innocent', 'Victim']",['Victim'],0.012131879,0.008594837,0.0059758755,0.0126658855,0.026650596,0.007716836,0.028414726,0.004379277,0.017781006,0.024342394,0.003005846,0.003374774,0.0055112313,0.011994799,0.008551516,0.011964852,0.013403173,0.008664326,0.14050035,0.1349501,0.99716455,0.019749163
PT_211.txt,"As temperaturas mais elevadas levarão a mais mortes relacionadas com o calor, reduzirão a produtividade e resultarão num menor rendimento das culturas, no aumento da migração e na propagação de doenças infecciosas. As populações do Burkina Faso, Mali, Qatar, Aruba e Emirados Árabes Unidos, por exemplo, ficarão quase inteiramente fora do nicho humano (local onde se concentram as grandes populações do mundo), segundo o estudo.",Mali,246,250,"['Innocent', 'Victim']",428,65,"""As populações do Burkina Faso, Mali, Qatar, Aruba e Emirados Árabes Unidos, por exemplo, ficarão quase inteiramente fora do nicho humano, segundo o estudo.""",-1,-1,True,Innocent,2,0.42045596,0.30441958,0.27512437,0.42045596,"['Innocent', 'Victim']",['Victim'],0.012393243,0.008163705,0.005941266,0.012542546,0.025871655,0.0077448813,0.02821877,0.0043024225,0.017582178,0.025013614,0.002950891,0.0031683533,0.005479269,0.011785492,0.008775363,0.010831091,0.013403451,0.008261352,0.13907985,0.13452642,0.99700457,0.01912007
PT_211.txt,"As temperaturas mais elevadas levarão a mais mortes relacionadas com o calor, reduzirão a produtividade e resultarão num menor rendimento das culturas, no aumento da migração e na propagação de doenças infecciosas. As populações do Burkina Faso, Mali, Qatar, Aruba e Emirados Árabes Unidos, por exemplo, ficarão quase inteiramente fora do nicho humano (local onde se concentram as grandes populações do mundo), segundo o estudo.",Qatar,252,257,"['Innocent', 'Victim']",428,65,"""As populações do Burkina Faso, Mali, Qatar, Aruba e Emirados Árabes Unidos, por exemplo, ficarão quase inteiramente fora do nicho humano, segundo o estudo.""",-1,-1,True,Innocent,2,0.42045867,0.30451316,0.2750282,0.42045867,"['Innocent', 'Victim']",['Victim'],0.012582543,0.008105349,0.0063036685,0.013010965,0.027263993,0.008089513,0.029275335,0.004534747,0.018932547,0.024487525,0.0030129119,0.0031696667,0.0056148344,0.0119297225,0.008688869,0.010961366,0.013850062,0.00826603,0.13432601,0.1317389,0.9972364,0.018726973
PT_211.txt,"As temperaturas mais elevadas levarão a mais mortes relacionadas com o calor, reduzirão a produtividade e resultarão num menor rendimento das culturas, no aumento da migração e na propagação de doenças infecciosas. As populações do Burkina Faso, Mali, Qatar, Aruba e Emirados Árabes Unidos, por exemplo, ficarão quase inteiramente fora do nicho humano (local onde se concentram as grandes populações do mundo), segundo o estudo.",Aruba,259,264,"['Innocent', 'Victim']",428,65,"""As populações do Burkina Faso, Mali, Qatar, Aruba e Emirados Árabes Unidos, por exemplo, ficarão quase inteiramente fora do nicho humano, segundo o estudo.""",-1,-1,True,Innocent,2,0.42045152,0.3042881,0.27526042,0.42045152,"['Innocent', 'Victim']",['Victim'],0.013086072,0.008117479,0.006421738,0.01337462,0.026860313,0.008151871,0.02943789,0.004663139,0.018340565,0.024788221,0.0029834472,0.0032496809,0.0056170737,0.01183031,0.00849209,0.011537272,0.013792932,0.008602813,0.13600385,0.13368152,0.9973036,0.019252717
PT_211.txt,"As temperaturas mais elevadas levarão a mais mortes relacionadas com o calor, reduzirão a produtividade e resultarão num menor rendimento das culturas, no aumento da migração e na propagação de doenças infecciosas. As populações do Burkina Faso, Mali, Qatar, Aruba e Emirados Árabes Unidos, por exemplo, ficarão quase inteiramente fora do nicho humano (local onde se concentram as grandes populações do mundo), segundo o estudo.",Emirados Árabes Unidos,267,289,"['Innocent', 'Victim']",428,65,"""As populações do Burkina Faso, Mali, Qatar, Aruba e Emirados Árabes Unidos, por exemplo, ficarão quase inteiramente fora do nicho humano, segundo o estudo.""",-1,-1,True,Innocent,2,0.42045563,0.30438307,0.2751613,0.42045563,"['Innocent', 'Victim']",['Victim'],0.01266406,0.008708383,0.006133344,0.012464689,0.02684798,0.008067725,0.028028712,0.004438514,0.018358532,0.022705082,0.003056051,0.0034405473,0.0057025696,0.012213689,0.008576009,0.011526884,0.013782895,0.008705896,0.14146097,0.13603872,0.99721897,0.02045312
PT_211.txt,"Em termos do número absoluto de pessoas afectadas, a Índia, a Nigéria e a Indonésia sofrerão o pior impacto, com 600 milhões, 300 milhões e 100 milhões de habitantes, respectivamente. A capacidade dos países e dos seus cidadãos para resistir ao calor extremo dependerá em grande parte da sua riqueza.",Índia,53,58,"['Innocent', 'Victim']",300,50,"""a Índia, a Nigéria e a Indonésia sofrerão o pior impacto, com 600 milhões, 300 milhões e 100 milhões de habitantes, respectivamente.""",-1,-1,True,Innocent,2,0.42046404,0.30541196,0.27412406,0.42046404,"['Innocent', 'Victim']",['Victim'],0.016334726,0.008590431,0.0071684713,0.016339207,0.038070988,0.008105963,0.0330271,0.0051458664,0.022855142,0.025473468,0.0029008468,0.0030362238,0.0058282865,0.012230499,0.0086917775,0.013693894,0.013541165,0.007088024,0.10744705,0.115654185,0.9977871,0.014663799
PT_211.txt,"Em termos do número absoluto de pessoas afectadas, a Índia, a Nigéria e a Indonésia sofrerão o pior impacto, com 600 milhões, 300 milhões e 100 milhões de habitantes, respectivamente. A capacidade dos países e dos seus cidadãos para resistir ao calor extremo dependerá em grande parte da sua riqueza.",Nigéria,62,69,"['Innocent', 'Victim']",300,50,"""a Índia, a Nigéria e a Indonésia sofrerão o pior impacto, com 600 milhões, 300 milhões e 100 milhões de habitantes, respectivamente.""",-1,-1,True,Innocent,2,0.420465,0.305334,0.27420104,0.420465,"['Innocent', 'Victim']",['Victim'],0.016173938,0.008619235,0.0071390397,0.01616988,0.036545653,0.008337264,0.03164839,0.005295647,0.022039982,0.026305916,0.0029204118,0.003057013,0.0056939083,0.012113737,0.008371819,0.01297549,0.0137421535,0.0073135844,0.10902826,0.11741001,0.99779934,0.014969098
PT_211.txt,"Em termos do número absoluto de pessoas afectadas, a Índia, a Nigéria e a Indonésia sofrerão o pior impacto, com 600 milhões, 300 milhões e 100 milhões de habitantes, respectivamente. A capacidade dos países e dos seus cidadãos para resistir ao calor extremo dependerá em grande parte da sua riqueza.",Indonésia,74,83,"['Innocent', 'Victim']",300,50,"""a Índia, a Nigéria e a Indonésia sofrerão o pior impacto, com 600 milhões, 300 milhões e 100 milhões de habitantes, respectivamente.""",-1,-1,True,Innocent,2,0.42046174,0.30553526,0.27400303,0.42046174,"['Innocent', 'Victim']",['Victim'],0.015587079,0.0085015055,0.0070046443,0.016203374,0.038357962,0.008125711,0.032217983,0.005182564,0.022603238,0.026626801,0.0028725665,0.0029605224,0.0056099747,0.012278941,0.008398586,0.0127533255,0.0135201365,0.0070564984,0.10784595,0.113159016,0.9977489,0.014819183
PT_237.txt,"A Rússia está pronta para trabalhar em conjunto com um líder norte-americano disposto a oferecer um ""diálogo equitativo e mutuamente respeitoso"", disse o ministro dos Negócios Estrangeiros russo, Sergei Lavrov, esta quarta-feira, enquanto elogiava a posição sobre a Ucrânia do candidato republicano a vice-presidente, J.D. Vance.",Rússia,2,8,"['Protagonist', 'Peacemaker']",329,46,"""A Rússia está pronta para trabalhar em conjunto com um líder norte-americano""",-1,-1,True,Protagonist,0,0.39916226,0.39916226,0.29667872,0.30415902,"['Protagonist', 'Peacemaker']",['Peacemaker'],0.1263996,0.0048581273,0.98166305,0.0064551635,0.013302547,0.1692797,0.013104709,0.017302064,0.0051937713,0.016135551,0.00859428,0.001045625,0.009232462,0.0022367812,0.011535482,0.003161242,0.01568525,0.0077792043,0.0061098854,0.0037460702,0.010213243,0.0054238555
PT_237.txt,"""Ele é a favor da paz, a favor de terminar com o apoio que está a ser oferecido e só podemos elogiar esta postura porque é o que precisamos - parar de encher a Ucrânia com armas e, então, a guerra vai acabar"", disse Lavrov para repórteres.",Ucrânia,160,167,"['Antagonist', 'Foreign Adversary']",239,47,"""parar de encher a Ucrânia com armas e, então, a guerra vai acabar""",-1,-1,True,Innocent,2,0.42031106,0.3024514,0.2772375,0.42031106,"['Innocent', 'Foreign Adversary', 'Victim']","['Foreign Adversary', 'Victim']",0.0039331703,0.0019890128,0.003104811,0.0062885345,0.013999676,0.0031748037,0.055933192,0.0060130446,0.009658939,0.5707444,0.0016299031,0.0008742548,0.0037585034,0.010580991,0.006401252,0.002994356,0.00932807,0.003406288,0.093207456,0.06309765,0.7626655,0.023654405
PT_237.txt,"""Agora, não há tal diálogo"", disse sobre o governo de Biden, acrescentando que desde que a guerra da Rússia com a Ucrânia começou em 2022, os contactos de alto nível entre Washington e Moscovo terminaram.",Washington,172,182,"['Antagonist', 'Foreign Adversary']",204,35,"""acrescentando que desde que a guerra da Rússia com a Ucrânia começou em 2022, os contactos de alto nível entre Washington e Moscovo terminaram.""",-1,-1,True,Antagonist,1,0.422216,0.3019818,0.422216,0.27580217,"['Antagonist', 'Peacemaker']",['Peacemaker'],0.019140398,0.000981452,0.8380869,0.0059816223,0.005389179,0.052618634,0.032248367,0.2591265,0.008699783,0.40615112,0.008730314,0.000767638,0.030526066,0.0037782467,0.011432724,0.0037352159,0.019686226,0.0072450517,0.0049229097,0.002784589,0.0065917764,0.0026918869
PT_250.txt,"O presidente da petrolífera estatal russa Rosneft, Igor Sechin, afirmou que as exportações de gás russo para a China atingirão um recorde histórico, em 2024, com cerca de 40 mil milhões de metros cúbicos de gás entregues este ano.",Igor Sechin,51,62,"['Protagonist', 'Guardian']",230,39,"""O presidente da petrolífera estatal russa Rosneft, Igor Sechin, afirmou que as exportações de gás russo para a China atingirão um recorde histórico""",-1,-1,True,Protagonist,0,0.39919627,0.39919627,0.2995208,0.301283,"['Protagonist', 'Guardian']",['Guardian'],0.9815679,0.0036774816,0.009670824,0.0814799,0.008395902,0.29484484,0.0077826306,0.009882272,0.0073241126,0.0075156153,0.0028121222,0.0040444573,0.0065518906,0.010156778,0.011791092,0.0068268315,0.013856023,0.008174982,0.008028807,0.0057318113,0.018151972,0.00309588
PT_224.txt,"A crise da água é uma realidade ignorada pelo governo. Inimaginável que a região mais inundada do planeta, formada durante milhões de anos, seja hoje consumida pelos incêndios. Mais de três mil e quinhentos focos foram detectados no Pantanal, bioma que ficou fora da protecção especial da chamada “Constituição Ecológica”, de 05/10/1988, porque, àquela altura, era incipiente o conhecimento brasileiro sobre o assunto. A constatação foi do INPE, o Instituto Nacional de Pesquisas Espaciais.",governo,46,53,"['Antagonist', 'Incompetent']",490,74,"""A crise da água é uma realidade ignorada pelo governo.""",-1,-1,True,Antagonist,1,0.42221418,0.30227107,0.42221418,0.27551472,"['Antagonist', 'Incompetent']",['Incompetent'],0.028450845,0.0038069205,0.003537945,0.0070258435,0.013281103,0.0031831355,0.013741093,0.003157932,0.00554993,0.024035834,0.028253233,0.0053658583,0.021447245,0.056752097,0.8185824,0.008348291,0.4479298,0.01635192,0.023792274,0.018133301,0.02335449,0.017148413
PT_224.txt,"A crise da água é uma realidade ignorada pelo governo. Inimaginável que a região mais inundada do planeta, formada durante milhões de anos, seja hoje consumida pelos incêndios. Mais de três mil e quinhentos focos foram detectados no Pantanal, bioma que ficou fora da protecção especial da chamada “Constituição Ecológica”, de 05/10/1988, porque, àquela altura, era incipiente o conhecimento brasileiro sobre o assunto. A constatação foi do INPE, o Instituto Nacional de Pesquisas Espaciais.",Pantanal,233,241,"['Innocent', 'Victim']",490,74,"""Mais de três mil e quinhentos focos foram detectados no Pantanal, bioma que ficou fora da protecção especial""",-1,-1,True,Innocent,2,0.42046446,0.3051581,0.27437744,0.42046446,"['Innocent', 'Victim']",['Victim'],0.014859356,0.008276453,0.0071527273,0.01669155,0.030364063,0.008337828,0.029353805,0.00531189,0.015602442,0.018209418,0.0036562108,0.0035073445,0.006403606,0.014260509,0.00943982,0.011180255,0.019306863,0.008372021,0.12653029,0.124165155,0.9976382,0.01636851
PT_224.txt,"Não é culpar “El Niño”, mas o dolo está na omissão do governo brasileiro, que tem um discurso edificante, mas uma prática miserável. Por exemplo, a Autoridade do Clima, onde está?",Autoridade do Clima,148,167,"['Antagonist', 'Incompetent']",179,31,"""onde está a Autoridade do Clima?""",-1,-1,True,Antagonist,1,0.42216447,0.30125248,0.42216447,0.27658305,"['Antagonist', 'Corrupt', 'Incompetent']","['Corrupt', 'Incompetent']",0.031619772,0.0014539729,0.0033664175,0.02811377,0.006835405,0.013959634,0.01750298,0.008172751,0.012291393,0.0069765714,0.1391748,0.0021830725,0.01681416,0.4892589,0.5282329,0.0025456473,0.18280065,0.009467567,0.00970371,0.008089983,0.014006524,0.0038746453
PT_224.txt,"É uma solução que todos sabem ser a melhor e a menos dispendiosa. Pois o calor produzido pelo aquecimento da temperatura provoca enfermidades, internamentos, agravamento de comorbilidades, abortos espontâneos e mortes precoces. Isto não entra no cálculo do governo, que insiste na tese da exploração de petróleo na Foz do Amazonas, algo em contracorrente com a sensatez.",Foz do Amazonas,315,330,"['Innocent', 'Exploited']",370,57,"""que insiste na tese da exploração de petróleo na Foz do Amazonas""",-1,-1,True,Innocent,2,0.4204587,0.30451855,0.27502272,0.4204587,"['Innocent', 'Corrupt']",['Corrupt'],0.0127738165,0.003001773,0.0012909196,0.011855824,0.008812379,0.0074765426,0.013158581,0.014582675,0.0053972537,0.08056694,0.0055292253,0.009110812,0.015145529,0.81523067,0.0060633384,0.004503497,0.01391277,0.0031530634,0.15305063,0.24032694,0.21669964,0.024782246
PT_224.txt,"Se a maior responsabilidade é do Governo Federal, as entidades subnacionais têm o dever de exigir medidas à União, que é tentacular e fica com a parte de leão no resultado dos impostos cobrados à população. Esta, convive com a maior carga fiscal do planeta, considerando a proporção de oferta de serviços públicos de qualidade ao contribuinte.",Governo Federal,33,48,"['Antagonist', 'Incompetent']",343,57,"""Se a maior responsabilidade é do Governo Federal""",-1,-1,True,Antagonist,1,0.42220193,0.3033077,0.42220193,0.27449036,"['Antagonist', 'Conspirator']",['Conspirator'],0.22586364,0.00068088353,0.008376025,0.002566437,0.0019897588,0.07872693,0.019670978,0.65452,0.05086322,0.080980115,0.007507021,0.0020259435,0.19892077,0.14462511,0.010106885,0.0023123908,0.05183826,0.011110507,0.00383169,0.0038707897,0.007294189,0.0054694926
PT_228.txt,"A ministra do Ambiente, Marina Silva, afirmou esta quarta-feira (4) que o Brasil pode perder, por completo, o Pantanal até ao final deste século, caso o mundo não seja capaz de inverter o cenário de aquecimento global.",Marina Silva,24,36,"['Protagonist', 'Guardian']",218,37,"""A ministra do Ambiente, Marina Silva, afirmou esta quarta-feira (4) que o Brasil pode perder, por completo, o Pantanal""",-1,-1,True,Protagonist,0,0.39918602,0.39918602,0.29755682,0.30325723,"['Protagonist', 'Guardian']",['Guardian'],0.99363035,0.0066124294,0.03291408,0.05141867,0.01381629,0.21555609,0.017242178,0.01172881,0.009633402,0.011751697,0.0056514833,0.0032938044,0.009737386,0.004955396,0.031121066,0.0121504385,0.0214279,0.010775973,0.006976278,0.0069173533,0.016975082,0.003974638
PT_228.txt,"A ministra do Ambiente, Marina Silva, afirmou esta quarta-feira (4) que o Brasil pode perder, por completo, o Pantanal até ao final deste século, caso o mundo não seja capaz de inverter o cenário de aquecimento global.",Pantanal,110,118,"['Innocent', 'Victim']",218,37,"""o Brasil pode perder, por completo, o Pantanal""",-1,-1,True,Innocent,2,0.42046347,0.30509531,0.27444115,0.42046347,"['Innocent', 'Victim']",['Victim'],0.0069289855,0.011190861,0.0033430164,0.0064731217,0.018075349,0.0041998937,0.037018735,0.0027015412,0.015917473,0.02867877,0.002636369,0.0023324725,0.0055734627,0.01521732,0.017566437,0.009722029,0.008566774,0.004793119,0.1349458,0.16090563,0.9906757,0.022832938
PT_228.txt,A declaração foi dada durante uma sessão da Comissão de Ambiente do Senado. O evento versou sobre os incêndios e a seca prolongada que atinge principalmente o Pantanal e a Amazónia.,Amazónia,172,180,"['Innocent', 'Victim']",181,31,"""atinge principalmente o Pantanal e a Amazónia.""",-1,-1,True,Innocent,2,0.4204644,0.30530652,0.2742291,0.4204644,"['Innocent', 'Victim']",['Victim'],0.017732743,0.006799856,0.008745571,0.01705909,0.033103615,0.009312194,0.034065742,0.0062086466,0.019177029,0.021846829,0.003563066,0.0029577212,0.0067400625,0.013992043,0.009821728,0.011655302,0.02075625,0.008355451,0.11504231,0.10765286,0.99784315,0.01478458
PT_253.txt,"“Hoje transferimos 1,5 mil milhões de euros em receitas de ativos russos imobilizados para a defesa e reconstrução da Ucrânia. Não há melhor símbolo ou utilidade para o dinheiro do Kremlin do que tornar a Ucrânia e toda a Europa um lugar mais seguro para se viver”, escreveu von der Leyen nas suas redes sociais.",Ucrânia,118,125,"['Innocent', 'Victim']",312,55,"""para a defesa e reconstrução da Ucrânia.""",-1,-1,True,Innocent,2,0.42045674,0.30531082,0.2742325,0.42045674,"['Innocent', 'Victim']",['Victim'],0.023814585,0.1045136,0.020115362,0.0037928752,0.088130556,0.0150129,0.011094885,0.0023073019,0.0083055915,0.0035662365,0.0049246643,0.004345145,0.0036458708,0.0058539943,0.008675969,0.0036434953,0.003876372,0.005056972,0.05480377,0.28544316,0.7716377,0.009359422
PT_253.txt,"“Hoje transferimos 1,5 mil milhões de euros em receitas de ativos russos imobilizados para a defesa e reconstrução da Ucrânia. Não há melhor símbolo ou utilidade para o dinheiro do Kremlin do que tornar a Ucrânia e toda a Europa um lugar mais seguro para se viver”, escreveu von der Leyen nas suas redes sociais.",Kremlin,181,188,"['Antagonist', 'Foreign Adversary']",312,55,"""Não há melhor símbolo ou utilidade para o dinheiro do Kremlin""",-1,-1,True,Antagonist,1,0.42217016,0.30103558,0.42217016,0.27679428,"['Antagonist', 'Foreign Adversary']",['Foreign Adversary'],0.010535596,0.0012016189,0.007106397,0.0669155,0.021574086,0.016086398,0.09550427,0.026236009,0.07924855,0.9876018,0.004215662,0.0023805571,0.008469708,0.010660257,0.009976108,0.004183634,0.027206134,0.0077513987,0.011274145,0.0056738234,0.025778007,0.0098031815
PT_253.txt,"“Hoje transferimos 1,5 mil milhões de euros em receitas de ativos russos imobilizados para a defesa e reconstrução da Ucrânia. Não há melhor símbolo ou utilidade para o dinheiro do Kremlin do que tornar a Ucrânia e toda a Europa um lugar mais seguro para se viver”, escreveu von der Leyen nas suas redes sociais.",von der Leyen,275,288,"['Protagonist', 'Guardian']",312,55,"""escreveu von der Leyen nas suas redes sociais.""",-1,-1,True,Protagonist,0,0.39919186,0.39919186,0.29912972,0.30167845,"['Protagonist', 'Virtuous']",['Virtuous'],0.08186457,0.001713717,0.10995524,0.31153077,0.0066348813,0.91376007,0.022048837,0.032747943,0.0064303204,0.019001648,0.0235592,0.0007118403,0.0074339826,0.014817275,0.008338782,0.0009903249,0.026983378,0.006390277,0.0063943407,0.0035336828,0.005728712,0.002880815
PT_253.txt,"Os governos ocidentais congelaram 300 mil milhões de dólares do banco central russo em resposta à invasão da Ucrânia em 2022. O primeiro-ministro ucraniano, Denys Shmyhal, agradeceu à UE pelo “seu apoio firme e por esta contribuição significativa para a defesa e reconstrução da Ucrânia”. “Juntos, estamos a transformar a adversidade em força e a construir uma Europa mais segura e resiliente”, disse.",Denys Shmyhal,157,170,"['Protagonist', 'Virtuous']",401,63,"""O primeiro-ministro ucraniano, Denys Shmyhal, agradeceu à UE pelo “seu apoio firme""",-1,-1,True,Protagonist,0,0.3991464,0.3991464,0.29630405,0.3045495,"['Protagonist', 'Guardian']",['Guardian'],0.9160129,0.0035081261,0.02582598,0.019279556,0.0058647045,0.52424306,0.0060236156,0.007581606,0.005413327,0.005372102,0.0022181969,0.0019727536,0.004299388,0.0026824828,0.003793562,0.0062017124,0.00560651,0.0041941283,0.0037732117,0.0027874757,0.0060656606,0.002425821
PT_253.txt,"Após o anúncio da UE, o porta-voz do Kremlin, Dmitry Peskov, classificou o envio dos bens russos congelados para a Ucrânia como “ilegal” e afirmou que a Rússia iria tomar “ações bem pensadas” em resposta.",Dmitry Peskov,46,59,"['Protagonist', 'Virtuous']",204,35,"""o porta-voz do Kremlin, Dmitry Peskov, classificou o envio dos bens russos congelados para a Ucrânia como “ilegal”""",-1,-1,True,Protagonist,0,0.39919975,0.39919975,0.29821247,0.30258775,"['Protagonist', 'Virtuous']",['Virtuous'],0.17892933,0.00350539,0.13228376,0.0192788,0.0033410916,0.9719268,0.012032254,0.029871495,0.01521059,0.014082913,0.0078308005,0.00096292514,0.0049820594,0.002826075,0.0026015255,0.0030254177,0.017641505,0.012485148,0.003672122,0.0030934704,0.004842589,0.0051891934
PT_253.txt,"Após o anúncio da UE, o porta-voz do Kremlin, Dmitry Peskov, classificou o envio dos bens russos congelados para a Ucrânia como “ilegal” e afirmou que a Rússia iria tomar “ações bem pensadas” em resposta.",Ucrânia,115,122,"['Antagonist', 'Foreign Adversary']",204,35,“a Rússia iria tomar “ações bem pensadas” em resposta.,-1,-1,True,Antagonist,1,0.4162412,0.28800952,0.4162412,0.29574928,"['Antagonist', 'Foreign Adversary']",['Foreign Adversary'],0.011669927,0.0012886788,0.008661987,0.016569206,0.008501031,0.016190905,0.095440365,0.030633803,0.020768821,0.9796417,0.004712204,0.0026312862,0.012678224,0.016794095,0.006996215,0.0046627405,0.027093148,0.014361667,0.042611353,0.016431931,0.1188662,0.022014815
PT_253.txt,"Após o anúncio da UE, o porta-voz do Kremlin, Dmitry Peskov, classificou o envio dos bens russos congelados para a Ucrânia como “ilegal” e afirmou que a Rússia iria tomar “ações bem pensadas” em resposta.",Rússia,153,159,"['Innocent', 'Exploited']",204,35,classificou o envio dos bens russos congelados para a Ucrânia como “ilegal”,61,136,True,Protagonist,0,0.39918402,0.39918402,0.29736045,0.3034555,"['Protagonist', 'Guardian']",['Guardian'],0.9918452,0.0044453777,0.047888644,0.043782443,0.011542052,0.21961114,0.014270364,0.01452546,0.009548267,0.011137615,0.0040410776,0.0027060735,0.0099932365,0.006492267,0.014809264,0.010033581,0.01733377,0.00717031,0.0070756376,0.0048387344,0.018273836,0.00319649
PT_253.txt,"“Tais medidas da Comissão Europeia não ficarão sem resposta”, disse.",Comissão Europeia,17,34,"['Antagonist', 'Instigator']",68,10,"“Tais medidas da Comissão Europeia não ficarão sem resposta”, disse.",0,68,True,Antagonist,1,0.42221808,0.3022082,0.42221808,0.2755737,"['Antagonist', 'Corrupt']",['Corrupt'],0.012189619,0.0018730895,0.0035341962,0.014439993,0.00497838,0.0061288197,0.02779983,0.043397956,0.03274629,0.00923242,0.11744436,0.0048723533,0.07833281,0.92459404,0.07123163,0.0040225163,0.036386654,0.008215402,0.009304869,0.010692491,0.019194866,0.0046426943
PT_253.txt,"Não é a primeira vez que a Rússia ameaça com uma retaliação contra a utilização dos seus bens congelados para financiar a Ucrânia. No mês passado, o presidente russo, Vladimir Putin, afirmou que a utilização destes bens é “um roubo que não ficará impune.”",Vladimir Putin,167,181,"['Protagonist', 'Guardian']",255,44,afirmou que a utilização destes bens é “um roubo que não ficará impune.”,183,255,True,Protagonist,0,0.39919874,0.39919874,0.2982392,0.30256203,"['Protagonist', 'Virtuous']",['Virtuous'],0.16518633,0.006653506,0.093202546,0.032454953,0.008799257,0.9893155,0.010235947,0.040952407,0.013975922,0.013347245,0.015991451,0.0021620812,0.009590407,0.009501146,0.0043637203,0.0032588635,0.027443917,0.017651606,0.007903585,0.0062387283,0.0065993806,0.010464286
PT_209.txt,Leonardo Boff: O Brasil não tem um projeto de combate à crise climática,Leonardo Boff,0,13,"['Protagonist', 'Guardian']",71,13,Leonardo Boff: O Brasil não tem um projeto de combate à crise climática,0,71,True,Protagonist,0,0.39747846,0.39747846,0.31389377,0.2886278,"['Protagonist', 'Peacemaker']",['Peacemaker'],0.10218621,0.0033481012,0.8317555,0.020109305,0.004854551,0.3775385,0.005930501,0.0203092,0.002674711,0.010576041,0.027574712,0.00089770876,0.011078636,0.0025733146,0.05736159,0.0017983562,0.01167934,0.007128431,0.0028447623,0.001987935,0.0020274855,0.0033347984
PT_209.txt,"“A destruição da Terra é o resultado da voracidade do capitalismo,” diz Leonardo Boff",Terra,17,22,"['Innocent', 'Victim']",85,14,"“A destruição da Terra é o resultado da voracidade do capitalismo,” diz Leonardo Boff",0,85,True,Innocent,2,0.42045927,0.30550745,0.2740333,0.42045927,"['Innocent', 'Victim']",['Victim'],0.010747551,0.011660356,0.0066502388,0.014447309,0.03740212,0.008627309,0.025987975,0.0042720377,0.022819856,0.013556747,0.004196487,0.0024457043,0.0046640113,0.013257379,0.013378951,0.009198538,0.014253961,0.007143797,0.1038729,0.14771128,0.99676514,0.013872881
PT_202.txt,"O líder da Rede Sustentabilidade na Câmara dos Deputados, Túlio Gadêlha (PE), vai propor - durante a COP28 (Conferência das Nações Unidas sobre Alterações Climáticas), no Dubai, Emirados Árabes Unidos - a criação de uma frente de emergência para conter a devastação da Caatinga. O bioma, considerado o mais vulnerável às alterações climáticas, é atingido sobretudo pela desflorestação em função da agricultura e da implantação de indústrias de energia.",Túlio Gadêlha,58,71,"['Protagonist', 'Guardian']",452,69,vai propor - durante a COP28 a criação de uma frente de emergência para conter a devastação da Caatinga.,-1,-1,True,Protagonist,0,0.3991884,0.3991884,0.29762754,0.3031841,"['Protagonist', 'Guardian']",['Guardian'],0.98208,0.0053114216,0.019902721,0.039540727,0.0074503366,0.32429728,0.012827891,0.0095259445,0.006434224,0.006048964,0.004209805,0.0027201467,0.0067367237,0.004780657,0.01451764,0.008057553,0.013833251,0.008451663,0.005150047,0.0044673383,0.011046074,0.0027121594
PT_202.txt,"O líder da Rede Sustentabilidade na Câmara dos Deputados, Túlio Gadêlha (PE), vai propor - durante a COP28 (Conferência das Nações Unidas sobre Alterações Climáticas), no Dubai, Emirados Árabes Unidos - a criação de uma frente de emergência para conter a devastação da Caatinga. O bioma, considerado o mais vulnerável às alterações climáticas, é atingido sobretudo pela desflorestação em função da agricultura e da implantação de indústrias de energia.",Caatinga,269,277,"['Innocent', 'Victim']",452,69,é atingido sobretudo pela desflorestação em função da agricultura e da implantação de indústrias de energia.,344,452,True,Innocent,2,0.420465,0.30510437,0.2744306,0.420465,"['Innocent', 'Victim']",['Victim'],0.011944913,0.015654175,0.0061482727,0.012480987,0.030314634,0.0067461138,0.027082548,0.0037999845,0.016021771,0.013896314,0.0033024095,0.0034686213,0.0048521347,0.013197108,0.012606418,0.011554063,0.010040087,0.0071197776,0.1074227,0.1622843,0.99681,0.015647035
PT_202.txt,"Em setembro deste ano, durante uma audição pública na Câmara, a ministra do Ambiente, Marina Silva, afirmou que os recursos tecnológicos e a monitorização do Fundo Amazónia poderão ser utilizados para a proteção do cerrado e da caatinga. Para Gadêlha, são também necessárias ações específicas dirigidas aos biomas.",Marina Silva,86,98,"['Protagonist', 'Guardian']",314,48,afirmou que os recursos tecnológicos e a monitorização do Fundo Amazónia poderão ser utilizados para a proteção do cerrado e da caatinga.,100,237,True,Protagonist,0,0.39919394,0.39919394,0.29785457,0.30295148,"['Protagonist', 'Guardian']",['Guardian'],0.9924103,0.004326245,0.019869415,0.05142696,0.013152898,0.2524124,0.013886215,0.012161398,0.009746629,0.013290109,0.0039368244,0.0037458013,0.009368241,0.011701658,0.0205752,0.010424574,0.021411473,0.009450795,0.0088409055,0.0069734966,0.022409422,0.0037365274
PT_232.txt,"O Instituto Nacional de Meteorologia (INMET) emitiu, ontem, um aviso de calor extremo com um aumento significativo do nível de risco em nove unidades da Federação. Goiás, Mato Grosso, Mato Grosso do Sul, Tocantins, Minas Gerais, Pará, Paraná, São Paulo e Rio de Janeiro estão numa zona de perigo devido às altas temperaturas para os próximos cinco dias.",Goiás,164,169,"['Innocent', 'Victim']",353,58,estão numa zona de perigo devido às altas temperaturas para os próximos cinco dias.,270,353,True,Innocent,2,0.4204652,0.30517015,0.27436462,0.4204652,"['Innocent', 'Victim']",['Victim'],0.021243876,0.006944423,0.008588441,0.017700754,0.03026292,0.009226663,0.036785338,0.005812857,0.022058086,0.023907144,0.003070752,0.002793812,0.0062654447,0.012589583,0.009392102,0.012278207,0.016607478,0.00818196,0.11142713,0.10316903,0.9977696,0.014373443
PT_232.txt,"O Instituto Nacional de Meteorologia (INMET) emitiu, ontem, um aviso de calor extremo com um aumento significativo do nível de risco em nove unidades da Federação. Goiás, Mato Grosso, Mato Grosso do Sul, Tocantins, Minas Gerais, Pará, Paraná, São Paulo e Rio de Janeiro estão numa zona de perigo devido às altas temperaturas para os próximos cinco dias.",Mato Grosso,171,182,"['Innocent', 'Victim']",353,58,estão numa zona de perigo devido às altas temperaturas para os próximos cinco dias.,270,353,True,Innocent,2,0.4204652,0.30518445,0.27435035,0.4204652,"['Innocent', 'Victim']",['Victim'],0.02120218,0.0069319787,0.008598645,0.017873088,0.03119095,0.00922717,0.036916047,0.005964161,0.022023225,0.023944266,0.0031208808,0.002813299,0.006333719,0.012770779,0.00944407,0.012276664,0.016709428,0.008139409,0.10952248,0.10485198,0.9978174,0.0142342895
PT_232.txt,"O Instituto Nacional de Meteorologia (INMET) emitiu, ontem, um aviso de calor extremo com um aumento significativo do nível de risco em nove unidades da Federação. Goiás, Mato Grosso, Mato Grosso do Sul, Tocantins, Minas Gerais, Pará, Paraná, São Paulo e Rio de Janeiro estão numa zona de perigo devido às altas temperaturas para os próximos cinco dias.",Mato Grosso do Sul,184,202,"['Innocent', 'Victim']",353,58,estão numa zona de perigo devido às altas temperaturas para os próximos cinco dias.,270,353,True,Innocent,2,0.42046505,0.30517516,0.2743598,0.42046505,"['Innocent', 'Victim']",['Victim'],0.021686828,0.0069374,0.008516149,0.017840091,0.031257972,0.009169141,0.03673422,0.0059562307,0.022148497,0.023969965,0.003095792,0.0028388884,0.0063417032,0.012884181,0.009440302,0.012373641,0.016594423,0.00815257,0.109942034,0.10465375,0.9978169,0.014237549
PT_232.txt,"O Instituto Nacional de Meteorologia (INMET) emitiu, ontem, um aviso de calor extremo com um aumento significativo do nível de risco em nove unidades da Federação. Goiás, Mato Grosso, Mato Grosso do Sul, Tocantins, Minas Gerais, Pará, Paraná, São Paulo e Rio de Janeiro estão numa zona de perigo devido às altas temperaturas para os próximos cinco dias.",Tocantins,204,213,"['Innocent', 'Victim']",353,58,estão numa zona de perigo devido às altas temperaturas para os próximos cinco dias.,270,353,True,Innocent,2,0.42046568,0.30514452,0.2743898,0.42046568,"['Innocent', 'Victim']",['Victim'],0.021210084,0.0068611875,0.008480582,0.017635819,0.031020902,0.009155047,0.037416205,0.0058709406,0.021992702,0.02414589,0.0031117778,0.0028027962,0.0063724956,0.012713613,0.009346817,0.012338976,0.01671446,0.00810564,0.10952093,0.1051551,0.9977997,0.01431975
PT_232.txt,"O Instituto Nacional de Meteorologia (INMET) emitiu, ontem, um aviso de calor extremo com um aumento significativo do nível de risco em nove unidades da Federação. Goiás, Mato Grosso, Mato Grosso do Sul, Tocantins, Minas Gerais, Pará, Paraná, São Paulo e Rio de Janeiro estão numa zona de perigo devido às altas temperaturas para os próximos cinco dias.",Minas Gerais,215,227,"['Innocent', 'Victim']",353,58,estão numa zona de perigo devido às altas temperaturas para os próximos cinco dias.,270,353,True,Innocent,2,0.4204651,0.30517972,0.27435514,0.4204651,"['Innocent', 'Victim']",['Victim'],0.02155522,0.0069685057,0.008475375,0.017816016,0.030988941,0.00908818,0.036522213,0.005843414,0.021875579,0.023860205,0.0030732243,0.0027912904,0.006213809,0.012663984,0.00934803,0.012158317,0.016480321,0.008041426,0.1093523,0.10433385,0.9977812,0.014070433
PT_232.txt,"O Instituto Nacional de Meteorologia (INMET) emitiu, ontem, um aviso de calor extremo com um aumento significativo do nível de risco em nove unidades da Federação. Goiás, Mato Grosso, Mato Grosso do Sul, Tocantins, Minas Gerais, Pará, Paraná, São Paulo e Rio de Janeiro estão numa zona de perigo devido às altas temperaturas para os próximos cinco dias.",Pará,229,233,"['Innocent', 'Victim']",353,58,estão numa zona de perigo devido às altas temperaturas para os próximos cinco dias.,270,353,True,Innocent,2,0.4204654,0.30516905,0.27436548,0.4204654,"['Innocent', 'Victim']",['Victim'],0.021635389,0.006781933,0.0085737305,0.017909257,0.030964093,0.009253304,0.036455102,0.005837633,0.021618279,0.02374174,0.0031095094,0.002788633,0.006289825,0.0126262745,0.009418762,0.012155545,0.017033258,0.008037539,0.10963364,0.10507352,0.9977709,0.014043694
PT_232.txt,"O Instituto Nacional de Meteorologia (INMET) emitiu, ontem, um aviso de calor extremo com um aumento significativo do nível de risco em nove unidades da Federação. Goiás, Mato Grosso, Mato Grosso do Sul, Tocantins, Minas Gerais, Pará, Paraná, São Paulo e Rio de Janeiro estão numa zona de perigo devido às altas temperaturas para os próximos cinco dias.",Paraná,235,241,"['Innocent', 'Victim']",353,58,Paraná está numa zona de perigo devido às altas temperaturas para os próximos cinco dias.,-1,-1,True,Innocent,2,0.42046517,0.30518013,0.27435473,0.42046517,"['Innocent', 'Victim']",['Victim'],0.021311123,0.006809731,0.008529687,0.017780881,0.031130856,0.0091567645,0.036915213,0.005787417,0.021524375,0.023858106,0.0031052863,0.0027649885,0.0062740273,0.012565362,0.009438362,0.01207673,0.016981767,0.0079483455,0.10957712,0.10536534,0.99776065,0.014045239
PT_232.txt,"O Instituto Nacional de Meteorologia (INMET) emitiu, ontem, um aviso de calor extremo com um aumento significativo do nível de risco em nove unidades da Federação. Goiás, Mato Grosso, Mato Grosso do Sul, Tocantins, Minas Gerais, Pará, Paraná, São Paulo e Rio de Janeiro estão numa zona de perigo devido às altas temperaturas para os próximos cinco dias.",São Paulo,243,252,"['Innocent', 'Victim']",353,58,São Paulo está numa zona de perigo devido às altas temperaturas para os próximos cinco dias.,-1,-1,True,Innocent,2,0.42046416,0.30528945,0.27424645,0.42046416,"['Innocent', 'Victim']",['Victim'],0.022649532,0.006885727,0.008383568,0.01793919,0.030773073,0.009125564,0.036517136,0.0057234587,0.021389524,0.023299856,0.0030392664,0.002781708,0.0061158217,0.012603314,0.009543606,0.01220547,0.016580718,0.007787644,0.10880383,0.105586134,0.99772877,0.013816081
PT_232.txt,"O Instituto Nacional de Meteorologia (INMET) emitiu, ontem, um aviso de calor extremo com um aumento significativo do nível de risco em nove unidades da Federação. Goiás, Mato Grosso, Mato Grosso do Sul, Tocantins, Minas Gerais, Pará, Paraná, São Paulo e Rio de Janeiro estão numa zona de perigo devido às altas temperaturas para os próximos cinco dias.",Rio de Janeiro,255,269,"['Innocent', 'Victim']",353,58,Rio de Janeiro está numa zona de perigo devido às altas temperaturas para os próximos cinco dias.,-1,-1,True,Innocent,2,0.42046458,0.30522028,0.27431518,0.42046458,"['Innocent', 'Victim']",['Victim'],0.022369035,0.0068587773,0.008470785,0.017796978,0.031910405,0.009138927,0.03682079,0.0057600606,0.021210158,0.024017688,0.0030627046,0.0028087466,0.0061573735,0.012592281,0.009444297,0.012128285,0.016722344,0.0076137553,0.1085939,0.10535913,0.9977592,0.013852167
PT_232.txt,"A falta e a irregularidade das chuvas nos últimos meses têm sido associadas a fenómenos climáticos, em particular o aquecimento devido a poluição despejada na atmosfera e nos mares, além do desmatamento e a devastação de alguns biomas — no Brasil, sobretudo o Cerrado e a Floresta Amazónica. Estas condições resultam numa alteração da circulação dos ventos em vários níveis da atmosfera, criando uma corrente de ar que impede a formação de nuvens, tornando o ar mais seco e aumentando, ainda mais, a distância entre as estações chuvosas. Prevê-se que a situação de calor extremo se mantenha até ao final do ano.",Cerrado,260,267,"['Innocent', 'Victim']",611,102,"A falta e a irregularidade das chuvas têm sido associadas a fenómenos climáticos, além do desmatamento e a devastação de alguns biomas — no Brasil, sobretudo o Cerrado.",-1,-1,True,Innocent,2,0.42046446,0.30538505,0.27415052,0.42046446,"['Innocent', 'Victim']",['Victim'],0.014764306,0.008284379,0.00821644,0.016596725,0.03241776,0.008795137,0.03154987,0.005567456,0.019761834,0.01945104,0.003607644,0.0030637328,0.0063654976,0.013723197,0.009650344,0.01167255,0.016820112,0.008691424,0.118155695,0.11755194,0.9978123,0.01536477
PT_232.txt,"A falta e a irregularidade das chuvas nos últimos meses têm sido associadas a fenómenos climáticos, em particular o aquecimento devido a poluição despejada na atmosfera e nos mares, além do desmatamento e a devastação de alguns biomas — no Brasil, sobretudo o Cerrado e a Floresta Amazónica. Estas condições resultam numa alteração da circulação dos ventos em vários níveis da atmosfera, criando uma corrente de ar que impede a formação de nuvens, tornando o ar mais seco e aumentando, ainda mais, a distância entre as estações chuvosas. Prevê-se que a situação de calor extremo se mantenha até ao final do ano.",Floresta Amazónica,272,290,"['Innocent', 'Victim']",611,102,"A falta e a irregularidade das chuvas têm sido associadas a fenómenos climáticos, além do desmatamento e a devastação de alguns biomas — no Brasil, sobretudo a Floresta Amazónica.",-1,-1,True,Innocent,2,0.42046416,0.30540434,0.2741315,0.42046416,"['Innocent', 'Victim']",['Victim'],0.0146828815,0.008239437,0.008324706,0.01648901,0.032151178,0.008847221,0.03100732,0.005726754,0.0196667,0.01934818,0.003582821,0.003085455,0.006413304,0.014000775,0.00949414,0.011645962,0.01703872,0.00884935,0.12056472,0.117240235,0.9978332,0.0155895455
PT_245.txt,"""As forças de defesa continuam a tomar todas as medidas para minar o potencial militar e económico dos ocupantes russos e forçar a Federação Russa a pôr fim à sua agressão armada contra a Ucrânia"", refere o comunicado.",Federação Russa,131,146,"['Antagonist', 'Foreign Adversary', 'Tyrant']",218,38,As forças de defesa continuam a tomar todas as medidas para minar o potencial militar e económico dos ocupantes russos e forçar a Federação Russa a pôr fim à sua agressão armada.,-1,-1,True,Antagonist,1,0.42216218,0.30434445,0.42216218,0.27349338,"['Antagonist', 'Foreign Adversary']",['Foreign Adversary'],0.12559754,0.0006942582,0.0070316074,0.0870872,0.0029647027,0.02038187,0.19333883,0.00695499,0.18288243,0.84850645,0.0020676618,0.0007834657,0.005236556,0.0015225317,0.008813757,0.0045502353,0.014856523,0.0036939762,0.0026943162,0.0015695363,0.004265864,0.0022936773
PT_245.txt,"""As forças de defesa continuam a tomar todas as medidas para minar o potencial militar e económico dos ocupantes russos e forçar a Federação Russa a pôr fim à sua agressão armada contra a Ucrânia"", refere o comunicado.",Ucrânia,188,195,"['Innocent', 'Victim']",218,38,As forças de defesa continuam a tomar todas as medidas para minar o potencial militar e económico dos ocupantes russos e forçar a Federação Russa a pôr fim à sua agressão armada contra a Ucrânia.,-1,-1,True,Innocent,2,0.4204602,0.30454156,0.27499822,0.4204602,"['Innocent', 'Victim']",['Victim'],0.011840208,0.0051694005,0.007416221,0.014117867,0.03977211,0.00651166,0.043552503,0.0049539646,0.01638883,0.04329149,0.0025856,0.00195786,0.005430877,0.011406428,0.010941987,0.0076665427,0.016446974,0.004910939,0.10293008,0.108577125,0.99620664,0.013661146
PT_245.txt,"Este domingo, 28, também, o Ministério da Defesa russo afirmou que sete drones ucranianos foram abatidos durante a noite sobre território russo, enquanto um responsável regional disse que um ataque de drone causou um incêndio no depósito de petróleo da província de Kursk.",Kursk,266,271,"['Innocent', 'Victim']",272,43,um ataque de drone causou um incêndio no depósito de petróleo da província de Kursk.,188,272,True,Innocent,2,0.4204604,0.30556378,0.2739758,0.4204604,"['Innocent', 'Victim']",['Victim'],0.018124314,0.008440725,0.008101497,0.019406486,0.03158871,0.0090119885,0.030134836,0.005873716,0.018669313,0.01806502,0.0033903888,0.0032063902,0.00594361,0.014557431,0.009596265,0.012018425,0.016544819,0.00808646,0.10662293,0.116186194,0.99778444,0.013733249
PT_206.txt,"A ministra do Ambiente e das Alterações Climáticas, Marina Silva, defende que o Brasil pode, para além de promover mudanças internas como acabar com a desflorestação, reduzir as emissões de gases com efeito de estufa e promover uma transição das atividades produtivas para uma economia mais sustentável, também ajudar outros países a trilhar caminhos mais responsáveis.",Marina Silva,52,64,"['Protagonist', 'Guardian']",369,56,"A ministra do Ambiente e das Alterações Climáticas, Marina Silva, defende que o Brasil pode promover mudanças internas.",-1,-1,True,Protagonist,0,0.39919245,0.39919245,0.29781115,0.30299634,"['Protagonist', 'Guardian']",['Guardian'],0.98951614,0.0053708632,0.022608744,0.05567597,0.011860444,0.26421902,0.012885091,0.010719582,0.008077981,0.0072519695,0.0047189267,0.0033577413,0.00846845,0.006521718,0.019318463,0.009454907,0.01628503,0.0098215975,0.0070571434,0.00597702,0.016789276,0.0033778048
PT_249.txt,"O porta-voz do Kremlin, Dmitry Peskov, afirmou, esta quarta-feira (31), que Moscovo está a dar abertura a qualquer iniciativa voltada para encerrar, por meios diplomáticos, o conflito ucraniano, mas que não vê reciprocidade por parte de Kiev.",Moscovo,76,83,"['Protagonist', 'Peacemaker']",242,37,"O porta-voz do Kremlin, Dmitry Peskov, afirmou que Moscovo está a dar abertura a qualquer iniciativa voltada para encerrar, por meios diplomáticos, o conflito ucraniano.",-1,-1,True,Protagonist,0,0.39919233,0.39919233,0.29778376,0.30302387,"['Protagonist', 'Peacemaker']",['Peacemaker'],0.1467134,0.006977047,0.99182147,0.008856575,0.020378504,0.09320788,0.043922223,0.026287766,0.0065137916,0.03146708,0.013137811,0.0014834045,0.017440304,0.002989682,0.025851846,0.0046395664,0.023422142,0.009004433,0.008113623,0.006151614,0.012733925,0.0076164436
PT_249.txt,"O porta-voz do Kremlin, Dmitry Peskov, afirmou, esta quarta-feira (31), que Moscovo está a dar abertura a qualquer iniciativa voltada para encerrar, por meios diplomáticos, o conflito ucraniano, mas que não vê reciprocidade por parte de Kiev.",Kiev,237,241,"['Antagonist', 'Foreign Adversary']",242,37,"Moscovo está a dar abertura a qualquer iniciativa voltada para encerrar, por meios diplomáticos, o conflito ucraniano, mas que não vê reciprocidade por parte de Kiev.",76,242,True,Antagonist,1,0.42212975,0.300545,0.42212975,0.27732518,"['Antagonist', 'Foreign Adversary']",['Foreign Adversary'],0.014224611,0.00063460914,0.015063811,0.06295196,0.0048002284,0.110919364,0.06387237,0.12970328,0.04672516,0.95321214,0.0052475934,0.0007491098,0.010247978,0.01647628,0.0029193216,0.0018588647,0.019007582,0.0066833664,0.006640235,0.0028993078,0.0074305977,0.0044662636
PT_249.txt,"A declaração foi feita numa entrevista concedida à emissora Channel One Russia, na qual Peskov comentou a proposta apresentada pelo ministro da Defesa e presidente eleito da Indonésia, Prabowo Subianto, com quem o presidente russo, Vladimir Putin, se reuniu esta quarta-feira, em Moscovo. A proposta de Subianto trazia um plano para uma solução pacífica e diplomática para o conflito na Ucrânia.",Subianto,303,311,"['Protagonist', 'Peacemaker']",395,61,A proposta de Subianto trazia um plano para uma solução pacífica e diplomática para o conflito na Ucrânia.,289,395,True,Protagonist,0,0.39916807,0.39916807,0.2968868,0.30394518,"['Protagonist', 'Peacemaker']",['Peacemaker'],0.1312702,0.0070435726,0.9935348,0.010587463,0.025635535,0.094748124,0.034446657,0.033106156,0.0068579074,0.040578157,0.014888961,0.0018085145,0.018467797,0.0042416938,0.033687364,0.0053506684,0.022488624,0.009340726,0.008804236,0.0064065317,0.013132675,0.007310854
PT_249.txt,"“A Rússia está aberta a todas as iniciativas e está aberta a um caminho diplomático para um acordo, mas vemos que, infelizmente, não existe essa reciprocidade por parte da Ucrânia, neste momento”, disse Peskov.",Rússia,3,9,"['Protagonist', 'Peacemaker']",210,34,“A Rússia está aberta a todas as iniciativas e está aberta a um caminho diplomático para um acordo.,-1,-1,True,Protagonist,0,0.39913863,0.39913863,0.29617614,0.3046852,"['Protagonist', 'Peacemaker']",['Peacemaker'],0.13896933,0.0055172793,0.99127275,0.01015941,0.018999666,0.107189156,0.02379208,0.023124669,0.007144822,0.025468236,0.010997631,0.0012198897,0.012875069,0.00291603,0.021394644,0.003984222,0.020978667,0.008776976,0.007584685,0.0048595634,0.013089866,0.005822305
PT_249.txt,"“A Rússia está aberta a todas as iniciativas e está aberta a um caminho diplomático para um acordo, mas vemos que, infelizmente, não existe essa reciprocidade por parte da Ucrânia, neste momento”, disse Peskov.",Ucrânia,172,179,"['Antagonist', 'Foreign Adversary']",210,34,"“A Rússia está aberta a todas as iniciativas e está aberta a um caminho diplomático para um acordo, mas vemos que, infelizmente, não existe essa reciprocidade por parte da Ucrânia.",-1,-1,True,Antagonist,1,0.4222133,0.30266625,0.4222133,0.2751204,"['Antagonist', 'Foreign Adversary']",['Foreign Adversary'],0.013188652,0.00092347275,0.015506093,0.04937155,0.0052807773,0.05118282,0.0717249,0.052728545,0.10022226,0.98123723,0.004978992,0.0015923581,0.011180578,0.009102478,0.004584917,0.0030697784,0.023824453,0.01185979,0.009868871,0.0035846909,0.009836987,0.0072634174
PT_249.txt,"No início deste mês, o vice-ministro dos Negócios Estrangeiros russo, Mikhail Galuzin, disse à Sputnik que, tais eventos, visam pressionar a Rússia a aceitar a “fórmula de Zelensky”. “Não aceitamos tais ultimatos e não vamos participar em tais ‘cimeiras’”, disse Galuzin.",Mikhail Galuzin,70,85,"['Protagonist', 'Guardian']",271,41,"Mikhail Galuzin disse à Sputnik que, tais eventos, visam pressionar a Rússia a aceitar a “fórmula de Zelensky”.",-1,-1,True,Protagonist,0,0.399156,0.399156,0.2965534,0.30429056,"['Protagonist', 'Guardian']",['Guardian'],0.9421076,0.007883887,0.056973364,0.04347564,0.004484223,0.28857598,0.027738802,0.008855487,0.0066344286,0.0037771605,0.0073171277,0.0018518135,0.007710474,0.001042753,0.010331034,0.0074879876,0.014314857,0.014907975,0.0027699023,0.0029952955,0.007225427,0.0025914672
PT_249.txt,"No início deste mês, o vice-ministro dos Negócios Estrangeiros russo, Mikhail Galuzin, disse à Sputnik que, tais eventos, visam pressionar a Rússia a aceitar a “fórmula de Zelensky”. “Não aceitamos tais ultimatos e não vamos participar em tais ‘cimeiras’”, disse Galuzin.",Zelensky,172,180,"['Antagonist', 'Foreign Adversary']",271,41,"“Não aceitamos tais ultimatos e não vamos participar em tais ‘cimeiras’”, disse Galuzin, referring to ""a ‘fórmula de Zelensky’”.",-1,-1,True,Antagonist,1,0.422143,0.30064896,0.422143,0.277208,"['Antagonist', 'Tyrant', 'Corrupt']","['Tyrant', 'Corrupt']",0.004172253,0.003346299,0.0017385565,0.022486513,0.013580151,0.0055272174,0.035542615,0.024094142,0.5728177,0.086194456,0.042122632,0.0039475136,0.026205637,0.74668777,0.009954058,0.012582235,0.0042036767,0.01391048,0.024563214,0.069637515,0.027678952,0.005355876
PT_210.txt,"Nos seus 252 anos, Porto Alegre e outros municípios do Rio Grande do Sul, afetados pelas cheias dos corpos de água, resultantes das chuvas intensas, enfrentam neste momento tragédias humanas consequentes do modelo de desenvolvimento negligente às dinâmicas naturais de cheias e secas dos corpos de água nos seus territórios municipais.",Porto Alegre,19,31,"['Innocent', 'Victim']",335,51,"Porto Alegre e outros municípios do Rio Grande do Sul, afetados pelas cheias dos corpos de água, resultantes das chuvas intensas, enfrentam neste momento tragédias humanas.",-1,-1,True,Innocent,2,0.42046583,0.30525708,0.274277,0.42046583,"['Innocent', 'Victim']",['Victim'],0.013907701,0.010208467,0.007582833,0.017316608,0.03767055,0.008422968,0.03193025,0.0048306203,0.021647757,0.0192194,0.0034303882,0.0030148677,0.0054669743,0.012761722,0.008700644,0.011530443,0.0135194175,0.0076025557,0.11154138,0.12107443,0.99769294,0.014589164
PT_210.txt,"Nos seus 252 anos, Porto Alegre e outros municípios do Rio Grande do Sul, afetados pelas cheias dos corpos de água, resultantes das chuvas intensas, enfrentam neste momento tragédias humanas consequentes do modelo de desenvolvimento negligente às dinâmicas naturais de cheias e secas dos corpos de água nos seus territórios municipais.",Rio Grande do Sul,55,72,"['Innocent', 'Victim']",335,51,"Porto Alegre e outros municípios do Rio Grande do Sul, afetados pelas cheias dos corpos de água, resultantes das chuvas intensas, enfrentam neste momento tragédias humanas.",-1,-1,True,Innocent,2,0.4204659,0.3052214,0.27431273,0.4204659,"['Innocent', 'Victim']",['Victim'],0.013628232,0.009669595,0.0076630968,0.017014522,0.0377847,0.008499637,0.034264978,0.0051309187,0.022028912,0.020455677,0.0034347058,0.0030177215,0.005685586,0.01305515,0.008709783,0.011963036,0.0139001375,0.00758066,0.110182814,0.12101239,0.9978047,0.014819844
PT_230.txt,"Desde setembro que o Brasil tem sido atingido por ondas de calor, elevando as temperaturas em vários estados do país. No mês passado, a cidade de São Paulo bateu recordes de temperatura, chegando perto dos 37ºC. O calorão, segundo os especialistas, deve-se à intensificação das alterações climáticas, que têm provocado eventos extremos em todo o território nacional.",Brasil,21,27,"['Innocent', 'Victim']",366,57,"o Brasil tem sido atingido por ondas de calor, elevando as temperaturas em vários estados do país.",19,117,True,Innocent,2,0.42046437,0.30531615,0.2742195,0.42046437,"['Innocent', 'Victim']",['Victim'],0.012651428,0.008234828,0.007924094,0.015020835,0.03214354,0.008603143,0.0379906,0.0057170447,0.024184858,0.02451636,0.0033685602,0.0032861705,0.0063946405,0.012506201,0.0083983475,0.015100339,0.016983781,0.008794351,0.11670089,0.103663824,0.997891,0.018058319
PT_230.txt,"Desde setembro que o Brasil tem sido atingido por ondas de calor, elevando as temperaturas em vários estados do país. No mês passado, a cidade de São Paulo bateu recordes de temperatura, chegando perto dos 37ºC. O calorão, segundo os especialistas, deve-se à intensificação das alterações climáticas, que têm provocado eventos extremos em todo o território nacional.",São Paulo,146,155,"['Innocent', 'Victim']",366,57,"a cidade de São Paulo bateu recordes de temperatura, chegando perto dos 37ºC.",134,211,True,Innocent,2,0.42046154,0.30538797,0.27415046,0.42046154,"['Innocent', 'Victim']",['Victim'],0.013777755,0.008603672,0.008404688,0.016992398,0.03334752,0.008773106,0.03633247,0.005687341,0.024244966,0.02125497,0.0033792306,0.0030868747,0.0060225227,0.013175756,0.009080819,0.014219819,0.015923396,0.008433719,0.1067764,0.109309,0.9979286,0.01587932
PT_230.txt,"O aquecimento global tem acentuado a ocorrência de catástrofes naturais. No mês passado, um ciclone atingiu o Sul do País deixando mortos e desaparecidos. Já no Norte, uma seca sem precedentes atinge a Amazónia, provocando mortalidade de animais e escassez nas cidades.",Amazónia,202,210,"['Innocent', 'Victim']",269,42,"uma seca sem precedentes atinge a Amazónia, provocando mortalidade de animais e escassez nas cidades.",168,269,True,Innocent,2,0.4204618,0.3054792,0.27405903,0.4204618,"['Innocent', 'Victim']",['Victim'],0.01450617,0.009064266,0.008399916,0.016881626,0.035981823,0.008446322,0.03621264,0.005830072,0.021218956,0.019677067,0.0035846431,0.0030269397,0.0063981656,0.0138468975,0.010038542,0.01238803,0.015998011,0.008077741,0.10773314,0.117075756,0.9979401,0.014415448
PT_244.txt,"""O Comité Organizador de Paris-2024 (...) justificou a decisão com base nas autoridades francesas, mas não mencionou qualquer censura ou razão para tal decisão"", afirmou a agência em comunicado.",Comité Organizador de Paris-2024,3,35,"['Antagonist', 'Conspirator']",194,29,"""O Comité Organizador de Paris-2024 (...) justificou a decisão com base nas autoridades francesas, mas não mencionou qualquer censura ou razão para tal decisão"".",-1,-1,True,Antagonist,1,0.40483183,0.33855054,0.40483183,0.25661755,"['Antagonist', 'Conspirator']",['Conspirator'],0.016795464,0.0012469896,0.00928937,0.010354399,0.002488752,0.11999175,0.019790763,0.773393,0.006963034,0.053871855,0.031370997,0.0033469112,0.17746696,0.15633528,0.0033307723,0.0037833094,0.05683022,0.020929843,0.011156232,0.0037318566,0.0053295377,0.004359477
PT_244.txt,"Semanas antes, vários jornalistas russos viram a sua acreditação negada. A porta-voz da chancelaria russa, Maria Zakharova, declarou à agência estatal que ""para (o presidente Emmanuel) Macron e os seus arredores, respeitar os direitos dos jornalistas e garantir a liberdade de expressão são expressões vazias"".",Maria Zakharova,107,122,"['Protagonist', 'Virtuous']",310,45,"Maria Zakharova declarou à agência estatal que ""para (o presidente Emmanuel) Macron e os seus arredores, respeitar os direitos dos jornalistas e garantir a liberdade de expressão são expressões vazias"".",-1,-1,True,Protagonist,0,0.39918444,0.39918444,0.29743257,0.303383,"['Protagonist', 'Guardian', 'Virtuous']","['Guardian', 'Virtuous']",0.8370632,0.0033530693,0.017866854,0.01783055,0.0038360155,0.64146996,0.0053595933,0.006063755,0.006372033,0.0039939964,0.0024663904,0.001447958,0.0030379593,0.0027554464,0.0041550007,0.0039714943,0.0063836924,0.0048045036,0.0034050874,0.0025691886,0.0066859783,0.002120308
PT_213.txt,"Desde 79 que a Braskem utiliza a mineração para a extração de sal-gema em Maceió. A exploração desenfreada no campo mineiro provocou o afundamento do solo em vários bairros da capital. A extensão dos danos geológicos hoje em dia é quase impossível de medir, e quase nada foi feito pela empresa para tentar reparar os danos causados.",Maceió,74,80,"['Innocent', 'Exploited', 'Victim']",332,57,"a Braskem utiliza a mineração para a extração de sal-gema em Maceió, e a exploração desenfreada no campo mineiro provocou o afundamento do solo em vários bairros da capital.",-1,-1,True,Innocent,2,0.4204661,0.3050428,0.27449113,0.4204661,"['Innocent', 'Victim']",['Victim'],0.010414829,0.0069887787,0.0040877084,0.014394528,0.0210591,0.010436864,0.01835657,0.0054681674,0.01712676,0.021900762,0.0026902463,0.002685827,0.0044527105,0.044167515,0.006703971,0.004896267,0.008987055,0.0052269297,0.12665257,0.17372002,0.9934202,0.014192573
PT_213.txt,"No Brasil, porém, a mesma Braskem promove a exploração desmedida dos recursos naturais, provocando danos estruturais e geológicos numa extensa área, dentro de uma capital, obrigando milhares de famílias a deixarem para trás as suas casas, o seu sustento, as suas histórias.",Braskem,26,33,"['Antagonist', 'Corrupt']",273,42,"a mesma Braskem promove a exploração desmedida dos recursos naturais, provocando danos estruturais e geológicos numa extensa área.",-1,-1,True,Antagonist,1,0.4221658,0.30094054,0.4221658,0.27689362,"['Antagonist', 'Tyrant']",['Tyrant'],0.009417223,0.026477687,0.0014038921,0.019875344,0.0043604416,0.0037108755,0.13740905,0.0022365279,0.49049017,0.0046788394,0.19103636,0.0063736583,0.02902012,0.10542786,0.027401207,0.052571744,0.014207772,0.17293304,0.007345799,0.04605066,0.012012215,0.030568512
PT_226.txt,"O Brasil não tem sismos, tufões ou furacões. É um país privilegiado nestes aspetos. A situação, porém, está a mudar. A elevada ocorrência de desastres naturais, bem como a complexidade e o efeito cumulativo dessas emergências, têm aumentado o número de pessoas e bens afetados por desastres naturais, com perdas económicas e com um número cada vez maior de vítimas no país. E a tragédia no Vale do Taquari é uma mostra do que a natureza é capaz.",Vale do Taquari,390,405,"['Innocent', 'Victim']",445,78,a tragédia no Vale do Taquari é uma mostra do que a natureza é capaz.,376,445,True,Innocent,2,0.4204648,0.3053045,0.27423066,0.4204648,"['Innocent', 'Victim']",['Victim'],0.013163541,0.011094279,0.0072459816,0.018949522,0.031308062,0.009564583,0.026473932,0.004658589,0.016330972,0.016111692,0.0039976514,0.0035861013,0.0051573203,0.0137496125,0.009500662,0.010145379,0.01644338,0.008919953,0.11712122,0.12933111,0.99760133,0.016832963
PT_226.txt,"Em 2011, depois da grave situação de inundações na região serrana do Rio de Janeiro - o maior desastre natural da história do Brasil, com mais de 900 mortos - o governo federal criou o Protocolo Nacional Conjunto para a Proteção Integral em Situação de Riscos e Desastres, cujo objetivo é fornecer subsídios aos gestores estaduais, municipais e distritais para garantir parâmetros de atuação uniformes de proteção de crianças e adolescentes, pessoas idosas e pessoas com deficiência. Alguns estados possuem um protocolo de prevenção e resposta rápida a catástrofes e desastres naturais, que definem as medidas e os recursos a empregar.",Rio de Janeiro,69,83,"['Innocent', 'Victim']",635,101,"a região serrana do Rio de Janeiro sofreu a maior situação de inundações da história do Brasil, com mais de 900 mortos.",-1,-1,True,Innocent,2,0.42046428,0.30518964,0.27434608,0.42046428,"['Innocent', 'Victim']",['Victim'],0.017132018,0.007112513,0.008723869,0.015525627,0.028799687,0.0094733825,0.03403787,0.005316946,0.016381644,0.020532232,0.00353676,0.0029206658,0.0061167115,0.01252082,0.010095356,0.010438439,0.02034438,0.008174384,0.12035072,0.11723407,0.99742305,0.015361259
PT_239.txt,"O ministro dos Negócios Estrangeiros da Ucrânia, Dmitro Kuleba, destacou, esta quarta-feira (24), durante uma visita à China, que o seu país negociará a paz com a Rússia apenas se Moscovo estiver disposto a fazê-lo de ""boa-fé"".",Dmitro Kuleba,49,62,"['Protagonist', 'Peacemaker']",227,37,"Dmitro Kuleba destacou que o seu país negociará a paz com a Rússia apenas se Moscovo estiver disposto a fazê-lo de ""boa-fé"".",-1,-1,True,Protagonist,0,0.39920074,0.39920074,0.29859298,0.30220628,"['Protagonist', 'Peacemaker']",['Peacemaker'],0.14556319,0.0058366344,0.9918132,0.009466905,0.019527925,0.102146104,0.031050032,0.036736213,0.007069928,0.027714776,0.0139823435,0.0014436074,0.020325085,0.0030522167,0.025022175,0.004585685,0.018088797,0.008589419,0.0073388587,0.0054106372,0.010870759,0.005974839
PT_239.txt,"O ministro dos Negócios Estrangeiros da Ucrânia, Dmitro Kuleba, destacou, esta quarta-feira (24), durante uma visita à China, que o seu país negociará a paz com a Rússia apenas se Moscovo estiver disposto a fazê-lo de ""boa-fé"".",Rússia,163,169,"['Antagonist', 'Foreign Adversary']",227,37,"o seu país negociará a paz com a Rússia apenas se Moscovo estiver disposto a fazê-lo de ""boa-fé"".",130,227,True,Antagonist,1,0.42218468,0.30162168,0.42218468,0.27619368,"['Antagonist', 'Foreign Adversary']",['Foreign Adversary'],0.033849336,0.0016993337,0.018353626,0.082849815,0.02645149,0.03410323,0.055271164,0.021574143,0.040668584,0.9882902,0.004320682,0.003921216,0.0100967465,0.008425099,0.006578005,0.004140988,0.026459556,0.008839426,0.02577344,0.005524353,0.037688367,0.014147837
PT_239.txt,"O ministro dos Negócios Estrangeiros da Ucrânia, Dmitro Kuleba, destacou, esta quarta-feira (24), durante uma visita à China, que o seu país negociará a paz com a Rússia apenas se Moscovo estiver disposto a fazê-lo de ""boa-fé"".",Moscovo,180,187,"['Antagonist', 'Foreign Adversary']",227,37,"o seu país negociará a paz com a Rússia apenas se Moscovo estiver disposto a fazê-lo de ""boa-fé"".",130,227,True,Antagonist,1,0.42221704,0.3029126,0.42221704,0.27487043,"['Antagonist', 'Peacemaker']",['Peacemaker'],0.02233254,0.003115528,0.7214568,0.005132,0.0017583215,0.0751464,0.31766456,0.08326138,0.008521655,0.16810313,0.014064461,0.0008849528,0.050040446,0.0025552681,0.007625149,0.0037733177,0.014740194,0.0064349617,0.0042389957,0.0027965193,0.0044576875,0.0058212094
PT_239.txt,"“A China acredita que a resolução de todos os conflitos deve, no final, chegar à mesa das negociações”, continuou.",China,3,8,"['Protagonist', 'Peacemaker']",114,19,"“A China acredita que a resolução de todos os conflitos deve, no final, chegar à mesa das negociações”",0,102,True,Protagonist,0,0.39888594,0.39888594,0.30492693,0.29618713,"['Protagonist', 'Peacemaker']",['Peacemaker'],0.12571344,0.0055914787,0.99287766,0.0111192595,0.02305301,0.10068064,0.031127045,0.035950188,0.008864435,0.03331838,0.013755725,0.0014889367,0.018489549,0.0036995574,0.025728196,0.004726846,0.024045018,0.009544192,0.0081490455,0.0050749877,0.013222399,0.005979287
PT_239.txt,"A China, que partilha o desejo da Rússia de oferecer um contrapeso aos Estados Unidos, acusa a NATO de não ter em conta as preocupações de segurança de Moscovo.",China,2,7,"['Protagonist', 'Rebel']",160,29,"“A China, que partilha o desejo da Rússia de oferecer um contrapeso aos Estados Unidos, acusa a NATO de não ter em conta as preocupações de segurança de Moscovo.”",-1,-1,True,Protagonist,0,0.3985221,0.3985221,0.29035518,0.3111228,"['Protagonist', 'Virtuous']",['Virtuous'],0.08987835,0.0017141755,0.4375665,0.024889218,0.004843929,0.7893649,0.007502705,0.03406888,0.005755363,0.025882747,0.006398438,0.0006157391,0.0070380787,0.001148034,0.0019967488,0.0011449662,0.06665112,0.014953918,0.005670347,0.0013468611,0.0052946396,0.0045548314
PT_239.txt,"A China, que partilha o desejo da Rússia de oferecer um contrapeso aos Estados Unidos, acusa a NATO de não ter em conta as preocupações de segurança de Moscovo.",Rússia,34,40,"['Protagonist', 'Rebel']",160,29,"“A China, que partilha o desejo da Rússia de oferecer um contrapeso aos Estados Unidos, acusa a NATO de não ter em conta as preocupações de segurança de Moscovo.”",-1,-1,True,Protagonist,0,0.3988576,0.3988576,0.29307804,0.30806437,"['Protagonist', 'Virtuous']",['Virtuous'],0.107785404,0.0012652947,0.3848385,0.055693757,0.0049425163,0.6855594,0.007897228,0.037861157,0.009296199,0.017248193,0.0053904317,0.000511178,0.011901624,0.00221448,0.0015137813,0.0009180422,0.08219777,0.011150905,0.0080724545,0.0011008102,0.0061671366,0.004725733
PT_239.txt,"A China, que partilha o desejo da Rússia de oferecer um contrapeso aos Estados Unidos, acusa a NATO de não ter em conta as preocupações de segurança de Moscovo.",Estados Unidos,71,85,"['Antagonist', 'Foreign Adversary']",160,29,"“A China, que partilha o desejo da Rússia de oferecer um contrapeso aos Estados Unidos, acusa a NATO de não ter em conta as preocupações de segurança de Moscovo.”",-1,-1,True,Antagonist,1,0.4220804,0.30016,0.4220804,0.2777596,"['Antagonist', 'Foreign Adversary']",['Foreign Adversary'],0.015766889,0.0016433867,0.00816657,0.03370496,0.011018334,0.027358267,0.1091928,0.08186097,0.024288379,0.99338245,0.0064111287,0.0042796996,0.014248307,0.016233968,0.0056669437,0.0076760524,0.024839979,0.017162008,0.014335904,0.008592725,0.022041718,0.017488193
PT_239.txt,"A China, que partilha o desejo da Rússia de oferecer um contrapeso aos Estados Unidos, acusa a NATO de não ter em conta as preocupações de segurança de Moscovo.",NATO,95,99,"['Antagonist', 'Tyrant']",160,29,"“A China, que partilha o desejo da Rússia de oferecer um contrapeso aos Estados Unidos, acusa a NATO de não ter em conta as preocupações de segurança de Moscovo.”",-1,-1,True,Antagonist,1,0.42212248,0.30043596,0.42212248,0.2774415,"['Antagonist', 'Saboteur', 'Deceiver']","['Saboteur', 'Deceiver']",0.011879472,0.0005338974,0.0062064137,0.010328221,0.003053228,0.009439557,0.023620658,0.1267415,0.008121992,0.110122025,0.06650418,0.0038134234,0.43979487,0.09284087,0.047744058,0.0032049182,0.47491792,0.0070351306,0.0034146167,0.00095171423,0.001033433,0.0101149315
PT_239.txt,"A China, que partilha o desejo da Rússia de oferecer um contrapeso aos Estados Unidos, acusa a NATO de não ter em conta as preocupações de segurança de Moscovo.",Moscovo,152,159,"['Innocent', 'Victim', 'Forgotten']",160,29,"“A China, que partilha o desejo da Rússia de oferecer um contrapeso aos Estados Unidos, acusa a NATO de não ter em conta as preocupações de segurança de Moscovo.”",-1,-1,True,Innocent,2,0.42043942,0.30424687,0.27531374,0.42043942,"['Innocent', 'Foreign Adversary']",['Foreign Adversary'],0.022997122,0.0009811069,0.059243355,0.013762783,0.0025174266,0.066506855,0.054986715,0.021246806,0.013571823,0.6862438,0.0044489033,0.001671125,0.051400796,0.010524696,0.0044255997,0.002007387,0.05394046,0.003184593,0.075673565,0.009288092,0.025285413,0.043246977
PT_239.txt,"Há uma semana, o presidente ucraniano, Volodimir Zelensky, abriu a porta a negociações diretas com a Rússia ao dizer que era favorável à presença de representantes russos numa próxima cimeira de paz.",Volodimir Zelensky,39,57,"['Protagonist', 'Peacemaker']",199,32,"“Há uma semana, o presidente ucraniano, Volodimir Zelensky, abriu a porta a negociações diretas com a Rússia ao dizer que era favorável à presença de representantes russos numa próxima cimeira de paz.”",-1,-1,True,Protagonist,0,0.39920235,0.39920235,0.29880035,0.3019974,"['Protagonist', 'Peacemaker']",['Peacemaker'],0.10885353,0.0052385805,0.99057007,0.009358246,0.015420489,0.09890557,0.03286588,0.04202894,0.0068646423,0.03337551,0.014771759,0.0013008484,0.025866328,0.0025587645,0.025105843,0.0037939872,0.015227342,0.0070273005,0.0060844766,0.0040693586,0.008124328,0.005387237
PT_234.txt,"Estas são as mensagens principais de um artigo científico, capa da revista ""Nature"" desta quarta-feira (14), liderado por brasileiros. O cenário, além de provocar alterações nos ecossistemas da Amazónia, traria impacto no clima, reduziria as chuvas na região, no continente e poderia afetar a Ásia e a Antártida.",Ásia,293,297,"['Innocent', 'Victim']",312,48,“poderia afetar a Ásia e a Antártida.”,-1,-1,True,Innocent,2,0.4204661,0.3051814,0.27435243,0.4204661,"['Innocent', 'Victim']",['Victim'],0.014473531,0.0071511227,0.008181786,0.016634343,0.030565133,0.00977538,0.031003997,0.005937361,0.016526783,0.02116493,0.0037940987,0.00307911,0.0062796604,0.014570797,0.010009681,0.009432725,0.020897588,0.008610357,0.12262203,0.120936394,0.99769163,0.016139716
PT_234.txt,"Estas são as mensagens principais de um artigo científico, capa da revista ""Nature"" desta quarta-feira (14), liderado por brasileiros. O cenário, além de provocar alterações nos ecossistemas da Amazónia, traria impacto no clima, reduziria as chuvas na região, no continente e poderia afetar a Ásia e a Antártida.",Antártida,302,311,"['Innocent', 'Victim']",312,48,“poderia afetar a Ásia e a Antártida.”,-1,-1,True,Innocent,2,0.4204661,0.30515417,0.27437967,0.4204661,"['Innocent', 'Victim']",['Victim'],0.014412303,0.0071174554,0.00829523,0.01632865,0.030358942,0.00994881,0.03066333,0.00609294,0.016708542,0.021441538,0.003791688,0.0031003528,0.006336165,0.014497487,0.009887682,0.009502251,0.021079231,0.008831179,0.124183126,0.12047499,0.99772483,0.016544625
PT_234.txt,"Como a Amazónia já perdeu cerca de 18% da cobertura florestal, é preciso parar já a desflorestação e restaurar muita floresta, indicam os investigadores.",Amazónia,7,15,"['Innocent', 'Victim']",153,24,"“Como a Amazónia já perdeu cerca de 18% da cobertura florestal, é preciso parar já a desflorestação e restaurar muita floresta, indicam os investigadores.”",-1,-1,True,Innocent,2,0.4204645,0.30528638,0.2742491,0.4204645,"['Innocent', 'Victim']",['Victim'],0.007941239,0.018284297,0.0045637023,0.009579597,0.026373034,0.004315286,0.019250602,0.0018680068,0.009042834,0.012349115,0.004149265,0.0028164377,0.0035929026,0.012862307,0.034486417,0.008471662,0.009550072,0.0070995134,0.15035908,0.18686782,0.988373,0.01638906
PT_207.txt,"O senador Zequinha Marinho (Podemos-PA) criticou, em pronunciamento na quarta-feira (28), a decisão da União Europeia (UE) de adiar para 2025 a obrigatoriedade de os agricultores preservarem 4% da vegetação nativa das suas terras, além de flexibilizar esta determinação, dispensando os produtores que se comprometam a destinar pelo menos 7% de área a culturas que fixem azoto na terra. Em contrapartida, o parlamentar salientou que os agricultores da Amazónia são obrigados a preservar ou fazer uma reserva legal de 80% da sua área.",Zequinha Marinho,10,26,"['Protagonist', 'Guardian']",532,83,"“O senador Zequinha Marinho (Podemos-PA) criticou, em pronunciamento na quarta-feira (28), a decisão da União Europeia (UE) de adiar para 2025 a obrigatoriedade de os agricultores preservarem 4% da vegetação nativa das suas terras”",-1,-1,True,Protagonist,0,0.39903265,0.39903265,0.2945131,0.30645433,"['Protagonist', 'Virtuous']",['Virtuous'],0.3844052,0.0037967097,0.039718874,0.039794393,0.0054332754,0.936146,0.00840976,0.012498318,0.0074815196,0.005693684,0.005004359,0.0013787367,0.003378227,0.0029225773,0.0021665257,0.0027791364,0.008367478,0.008647615,0.004467593,0.0030124537,0.0067730607,0.003724933
PT_207.txt,"""Como a hipocrisia é alguma coisa que não podemos compreender com esta turma. Não querem cumprir 4%, mas exigem que os brasileiros reservem 80% para a preservação ambiental. Este Parlamento Europeu, que adia a obrigatoriedade de 4% para a preservação ambiental, é o mesmo que, em abril de 2023, aprovou um novo regulamento, exigindo ao Brasil a prova de que os nossos produtos, por eles importados, não teriam gerado desflorestação. Desta forma, o nosso gado, a madeira, o cacau, o café, a borracha, o óleo de palma, a soja, e assim por diante, necessitam de comprovar a sua origem.""",Parlamento Europeu,179,197,"['Antagonist', 'Saboteur']",583,99,"“Este Parlamento Europeu, que adia a obrigatoriedade de 4% para a preservação ambiental, é o mesmo que, em abril de 2023, aprovou um novo regulamento, exigindo ao Brasil a prova de que os nossos produtos, por eles importados, não teriam gerado desflorestação.”",-1,-1,True,Antagonist,1,0.422214,0.301945,0.422214,0.275841,"['Antagonist', 'Corrupt']",['Corrupt'],0.062147323,0.0004547481,0.008464612,0.00676494,0.00076608866,0.27383244,0.112709425,0.22029306,0.18501037,0.08384631,0.017535841,0.0007563625,0.04241084,0.39264253,0.049066916,0.0013012735,0.01712411,0.008946046,0.0037065065,0.006142116,0.0036746417,0.0017084748
PT_217.txt,"A onda de calor extremo por que passam algumas zonas do Brasil começa finalmente a dissipar-se, mas Estados como São Paulo e Rio de Janeiro ainda enfrentam uma sexta-feira muito quente. As temperaturas a rondar os 40ºC durante dias sucessivos foram provocadas por aquilo a que os especialistas chamam de domo de calor, ou cúpula de calor. Mas, afinal, o que é o domo de calor?",São Paulo,113,122,"['Innocent', 'Victim']",376,66,"“A onda de calor extremo por que passam algumas zonas do Brasil começa finalmente a dissipar-se, mas Estados como São Paulo e Rio de Janeiro ainda enfrentam uma sexta-feira muito quente.”",-1,-1,True,Innocent,2,0.42046496,0.30531043,0.27422467,0.42046496,"['Innocent', 'Victim']",['Victim'],0.0143787535,0.008456503,0.008030554,0.01632176,0.03292493,0.008688532,0.03506125,0.0055957967,0.021770919,0.021217871,0.0034534298,0.0030762076,0.0062041525,0.0127621135,0.00859086,0.01367154,0.016848413,0.008447492,0.11167707,0.11133472,0.9978477,0.01625297
PT_217.txt,"A onda de calor extremo por que passam algumas zonas do Brasil começa finalmente a dissipar-se, mas Estados como São Paulo e Rio de Janeiro ainda enfrentam uma sexta-feira muito quente. As temperaturas a rondar os 40ºC durante dias sucessivos foram provocadas por aquilo a que os especialistas chamam de domo de calor, ou cúpula de calor. Mas, afinal, o que é o domo de calor?",Rio de Janeiro,125,139,"['Innocent', 'Victim']",376,66,"“A onda de calor extremo por que passam algumas zonas do Brasil começa finalmente a dissipar-se, mas Estados como São Paulo e Rio de Janeiro ainda enfrentam uma sexta-feira muito quente.”",-1,-1,True,Innocent,2,0.4204656,0.30524817,0.2742863,0.4204656,"['Innocent', 'Victim']",['Victim'],0.014113793,0.008437816,0.007969821,0.016018517,0.033862997,0.008641249,0.035387628,0.0055731377,0.021731814,0.021634739,0.003473342,0.0031119138,0.006252623,0.012744612,0.008567965,0.0138893565,0.017107986,0.008335124,0.11250477,0.110618725,0.9978612,0.016507665
PT_204.txt,"O Papa Francisco poderá participar na conferência climática COP28, que decorre no Dubai, entre 30 e novembro e 12 de dezembro deste ano. De acordo com a agência Reuters, desta forma, poderá fazer valer o seu recente apelo por ações que ajudem a conter o avanço do aquecimento global.",Papa Francisco,2,16,"['Protagonist', 'Virtuous']",283,49,“O Papa Francisco poderá participar na conferência climática COP28… poderá fazer valer o seu recente apelo por ações que ajudem a conter o avanço do aquecimento global.”,-1,-1,True,Protagonist,0,0.39917237,0.39917237,0.2970586,0.30376896,"['Protagonist', 'Guardian', 'Virtuous']","['Guardian', 'Virtuous']",0.7562486,0.0016604111,0.10793144,0.011980984,0.0020277626,0.5391442,0.0053053084,0.008800854,0.0045888927,0.003735193,0.002994161,0.0007794857,0.0031877735,0.0018524808,0.00487159,0.0025707604,0.0074359532,0.0042364206,0.0023068234,0.00150079,0.0033370403,0.0020202806
PT_229.txt,"A grave seca que começou no ano passado no Panamá obrigou as autoridades a reduzir em 36% as travessias de navios pelo Canal, uma das rotas comerciais mais importantes do mundo. E os novos cortes anunciados, na quarta-feira, pelas autoridades do Panamá, deverão desferir um golpe económico ainda maior do que o anteriormente esperado.",Panamá,43,49,"['Innocent', 'Victim']",334,54,"""A grave seca que começou no ano passado no Panamá obrigou as autoridades a reduzir em 36% as travessias de navios pelo Canal""",-1,-1,True,Innocent,2,0.42046526,0.30476272,0.27477205,0.42046526,"['Innocent', 'Victim']",['Victim'],0.009035978,0.0059778816,0.0057702065,0.011835747,0.023538357,0.0074365903,0.026032327,0.004748768,0.016378762,0.03223337,0.003296869,0.0029994082,0.005973726,0.013929842,0.007750933,0.008031018,0.017642438,0.0108291805,0.18045014,0.111178994,0.99627507,0.021806134
PT_229.txt,"""É vital que o país envie uma mensagem de que vamos tratar deste assunto e encontrar uma solução para este problema da água"", disse Vásquez.",Vásquez,132,139,"['Protagonist', 'Virtuous', 'Guardian']",140,25,"""disse Vásquez""",-1,-1,True,Protagonist,0,0.3991933,0.3991933,0.29906642,0.30174026,"['Protagonist', 'Peacemaker']",['Peacemaker'],0.113913074,0.0056409985,0.9844715,0.011237264,0.010999172,0.13435435,0.017054906,0.020901492,0.005199589,0.0126657495,0.019783717,0.0010916485,0.014150544,0.0026848568,0.028883623,0.0030864757,0.016310494,0.008867767,0.0049879197,0.004662668,0.007929992,0.004944918
PT_229.txt,"As autoridades do canal atribuíram a seca ao fenómeno climático El Niño e às alterações climáticas, alertando que era urgente que o Panamá procurasse novas fontes de água, tanto para as operações do canal como para o consumo humano. Os mesmos lagos que enchem o canal também fornecem água a mais de 50% do país, com mais de 4 milhões de habitantes.",El Niño,64,71,"['Antagonist', 'Saboteur']",348,62,"""As autoridades do canal atribuíram a seca ao fenómeno climático El Niño""",-1,-1,True,Antagonist,1,0.42210358,0.3002986,0.42210358,0.27759787,"['Antagonist', 'Victim']",['Victim'],0.0042945524,0.033693135,0.009330842,0.0033173314,0.0043104496,0.0056572305,0.19269261,0.003233236,0.060461868,0.016464569,0.019047318,0.012302727,0.023100026,0.015588013,0.020063415,0.053144988,0.015813367,0.042340677,0.09375868,0.065020196,0.6983901,0.11348638
PT_225.txt,"No Rio Grande do Sul, sobe para mais de 120 o número de mortos. Há 146 desaparecidos, 756 feridos, 70 mil desalojados e quase 2 milhões de pessoas afetadas.",Rio Grande do Sul,3,20,"['Innocent', 'Victim']",156,29,"""No Rio Grande do Sul, sobe para mais de 120 o número de mortos""",-1,-1,True,Innocent,2,0.42046618,0.30513328,0.2744005,0.42046618,"['Innocent', 'Victim']",['Victim'],0.017008374,0.008065691,0.0084966235,0.019178618,0.03313123,0.009350606,0.03677657,0.005973814,0.024045702,0.021304017,0.003394513,0.0032045862,0.0062064193,0.01375238,0.00886201,0.013888247,0.015732015,0.00882729,0.10895247,0.10707657,0.9979715,0.014857291
PT_225.txt,"O Maranhão também sofre com o clima. Subiu para 30 o número de cidades que decretaram situação de emergência no estado devido às fortes chuvas, que provocaram cheias de rios e riachos. Várias da região do Matopiba sofrem em consequência da cultura da soja e do eucalipto.",Maranhão,2,10,"['Innocent', 'Victim']",271,47,"""O Maranhão também sofre com o clima""",-1,-1,True,Innocent,2,0.42046398,0.30535325,0.2741827,0.42046398,"['Innocent', 'Victim']",['Victim'],0.01327716,0.009247815,0.007979036,0.017020624,0.035887815,0.00861945,0.035596047,0.005349859,0.022982148,0.021061273,0.003482663,0.0032865205,0.0061717727,0.013027165,0.008832798,0.014386122,0.01585123,0.008154382,0.11400599,0.108103596,0.9979108,0.016135672
PT_225.txt,"O Maranhão também sofre com o clima. Subiu para 30 o número de cidades que decretaram situação de emergência no estado devido às fortes chuvas, que provocaram cheias de rios e riachos. Várias da região do Matopiba sofrem em consequência da cultura da soja e do eucalipto.",Matopiba,205,213,"['Innocent', 'Victim']",271,47,"""Várias da região do Matopiba sofrem em consequência da cultura da soja e do eucalipto""",-1,-1,True,Innocent,2,0.4204642,0.305392,0.27414384,0.4204642,"['Innocent', 'Victim']",['Victim'],0.015152161,0.009112126,0.007995975,0.016790174,0.03776416,0.008176792,0.034687653,0.0053637,0.02073526,0.020597387,0.0034356199,0.0031830117,0.006144338,0.013433814,0.009113331,0.013279604,0.015588535,0.0074454546,0.10779751,0.113772124,0.9978871,0.014927588
PT_225.txt,"Desastres como o da RS já não serão eventuais. O climatologista Carlos Nobre faz-nos um alerta e explica que os eventos extremos provocados pelas alterações climáticas serão cada vez mais frequentes e fazem parte de um fenómeno que já não pode ser evitado. Em entrevista para o site Congresso em Foco, Nobre afirma que o negacionismo climático, sobretudo dos políticos brasileiros, favorece a ocorrência deste tipo de eventos.",Carlos Nobre,64,76,"['Protagonist', 'Guardian']",426,68,"""Carlos Nobre faz-nos um alerta e explica que os eventos extremos provocados pelas alterações climáticas serão cada vez mais frequentes""",-1,-1,True,Protagonist,0,0.39917758,0.39917758,0.29716918,0.30365318,"['Protagonist', 'Guardian']",['Guardian'],0.9944436,0.007292356,0.030412653,0.05866301,0.013825744,0.19030681,0.021495255,0.011620906,0.010632102,0.012489235,0.0051701413,0.0036051015,0.010478506,0.004930697,0.027495021,0.015114053,0.028997473,0.012598917,0.008324304,0.0072969864,0.027478617,0.004775172
PT_225.txt,"Entre estas proposições, destacam-se dois PL como especialmente prejudiciais para o Rio Grande do Sul. O primeiro procura criar a Lei Geral do Licenciamento Ambiental (PL 2.159/2021). Esta lei é apontada como o porta-estandarte do ""pacote da destruição"".",Rio Grande do Sul,84,101,"['Innocent', 'Exploited', 'Victim']",254,38,"""destacam-se dois PL como especialmente prejudiciais para o Rio Grande do Sul""",-1,-1,True,Innocent,2,0.42046297,0.304913,0.27462402,0.42046297,"['Innocent', 'Victim']",['Victim'],0.011631853,0.008572316,0.0059098476,0.013730473,0.028545124,0.007445046,0.03076216,0.0037726935,0.0144656105,0.016011925,0.0036892388,0.0025419076,0.00506342,0.020205189,0.011790554,0.0075217145,0.014414756,0.0061005224,0.120873675,0.1492328,0.9963068,0.015593944
RU-URW-1135.txt,"Не стоит ожидать каких-то пророссийских действий от премьер-министра Венгрии Виктора Орбана во время председательства его страны в Совете Евросоюза. За последнее время позиция политика существенно изменилась не в пользу Москвы. Об этом в комментарии 5-tv.ru заявил декан ФСНиМК Финансового университета при Правительстве РФ Александр Шатилов.",Виктора Орбана,77,91,"['Antagonist', 'Traitor']",343,45,"""Не стоит ожидать каких-то пророссийских действий от премьер-министра Венгрии Виктора Орбана""",-1,-1,True,Antagonist,1,0.42216927,0.3042142,0.42216927,0.27361646,"['Antagonist', 'Instigator']",['Instigator'],0.013535395,0.0020967876,0.26283187,0.010122988,0.0022876107,0.020663071,0.42007357,0.02578666,0.11518914,0.01804036,0.1178586,0.00052836206,0.07356456,0.00494684,0.23032933,0.0033002587,0.0445611,0.016290018,0.00086852536,0.0013748294,0.002167987,0.0035924928
RU-URW-1135.txt,"Не стоит ожидать каких-то пророссийских действий от премьер-министра Венгрии Виктора Орбана во время председательства его страны в Совете Евросоюза. За последнее время позиция политика существенно изменилась не в пользу Москвы. Об этом в комментарии 5-tv.ru заявил декан ФСНиМК Финансового университета при Правительстве РФ Александр Шатилов.",Александр Шатилов,324,341,"['Protagonist', 'Virtuous']",343,45,"""Об этом в комментарии 5-tv.ru заявил декан ФСНиМК Финансового университета при Правительстве РФ Александр Шатилов""",-1,-1,True,Protagonist,0,0.39919984,0.39919984,0.29861724,0.3021829,"['Protagonist', 'Virtuous']",['Virtuous'],0.18406206,0.0075998255,0.08448666,0.030111091,0.008297717,0.98950493,0.012942299,0.04369612,0.012848395,0.010894582,0.017464694,0.0020661731,0.00795544,0.010030428,0.00550097,0.0037257613,0.017087616,0.022247298,0.008085171,0.008723659,0.006834324,0.009362619
RU-URW-1093.txt,"""Украинские боевики нанесли удары бомбами по двум селам в Херсонской области – Подо-Калиновка и Великие Копани, повреждены два дома, сообщил губернатор региона Он добавил, что вчера сбросом с дрона поврежден автомобиль коммунхоза во время уборки территории в Каховке.",Украинские боевики,1,19,"['Antagonist', 'Terrorist']",268,38,"""Украинские боевики нанесли удары бомбами по двум селам в Херсонской области""",-1,-1,True,Antagonist,1,0.42221,0.30185723,0.42221,0.27593273,"['Antagonist', 'Terrorist']",['Terrorist'],0.019337473,0.00625489,0.0033038037,0.00913114,0.00512732,0.0034427976,0.5408352,0.016756846,0.020327011,0.07309113,0.0026638655,0.004722446,0.019448262,0.004421729,0.011148349,0.83829325,0.004065472,0.00374041,0.0028177998,0.0045747655,0.031515718,0.017777191
RU-URW-1118.txt,"""Россия сделала свои предложения по урегулированию конфликта на Украине, и теперь дело за Западом, заявил Life.ru председатель комитета Госдумы по обороне Андрей Картаполов. Он добавил, что времени у """"бывших партнёров"""" осталось не так много.",Россия,1,7,"['Protagonist', 'Peacemaker']",244,34,"""Россия сделала свои предложения по урегулированию конфликта на Украине""",-1,-1,True,Protagonist,0,0.39906394,0.39906394,0.2949046,0.30603147,"['Protagonist', 'Peacemaker']",['Peacemaker'],0.18565145,0.005300572,0.9860765,0.008142823,0.015334034,0.10608486,0.022701386,0.0167514,0.006267559,0.01641079,0.010269499,0.0011229856,0.009897167,0.0029678363,0.020692088,0.0035762307,0.017679242,0.006937991,0.0053721527,0.0037378576,0.0105029475,0.004781104
RU-URW-1118.txt,"Картаполов добавил, что Владимир Зеленский же стал нелегитимной фигурой, и что бы он ни """"квакал"""", слушать его никто не будет.",Владимир Зеленский,24,42,"['Antagonist', 'Tyrant']",128,20,"""Картаполов добавил, что Владимир Зеленский же стал нелегитимной фигурой""",-1,-1,True,Antagonist,1,0.42219046,0.3013447,0.42219046,0.2764648,"['Antagonist', 'Traitor', 'Incompetent']","['Traitor', 'Incompetent']",0.009946373,0.016734987,0.004022033,0.01232339,0.008411697,0.008390286,0.016110523,0.0027800247,0.012807033,0.0077051385,0.5595741,0.0048242062,0.006969443,0.065012395,0.73220956,0.008798333,0.047413424,0.03207231,0.008227223,0.036344092,0.0063609993,0.018113421
RU-URW-1118.txt,"Напомним, в середине июня президент РФ назвал условия для мирных переговоров с Киевом: Украина должна вывести свои войска с территорий ЛНР, ДНР, Херсонской и Запорожской областей и официально отказаться от вступления в НАТО и другие альянсы. Тогда, как подчеркнул Путин, огонь будет прекращён незамедлительно. Однако Киев поспешил отказаться от этого предложения. Тогда зампред Совбеза РФ Дмитрий Медведев предупредил, что условия следующего мирного плана для Незалежной могут быть намного хуже.",РФ,36,38,"['Protagonist', 'Peacemaker']",495,69,"""президент РФ назвал условия для мирных переговоров с Киевом""",-1,-1,True,Protagonist,0,0.3991899,0.3991899,0.29993448,0.3008757,"['Protagonist', 'Peacemaker']",['Peacemaker'],0.21122238,0.0048228167,0.9887317,0.009876218,0.017055083,0.0776717,0.03469324,0.021176854,0.010285747,0.023891281,0.009346291,0.0011698334,0.013908263,0.0024994097,0.019817108,0.0043558152,0.020439379,0.007238518,0.006011172,0.0039065783,0.011757314,0.0051556937
RU-URW-1118.txt,"Напомним, в середине июня президент РФ назвал условия для мирных переговоров с Киевом: Украина должна вывести свои войска с территорий ЛНР, ДНР, Херсонской и Запорожской областей и официально отказаться от вступления в НАТО и другие альянсы. Тогда, как подчеркнул Путин, огонь будет прекращён незамедлительно. Однако Киев поспешил отказаться от этого предложения. Тогда зампред Совбеза РФ Дмитрий Медведев предупредил, что условия следующего мирного плана для Незалежной могут быть намного хуже.",Киев,317,321,"['Antagonist', 'Instigator']",495,69,"""Однако Киев поспешил отказаться от этого предложения""",-1,-1,True,Antagonist,1,0.42217803,0.3035673,0.42217803,0.27425465,"['Antagonist', 'Instigator', 'Saboteur']","['Instigator', 'Saboteur']",0.009269506,0.001794727,0.12447962,0.0077351504,0.0022539028,0.009086025,0.3666179,0.042425223,0.011037899,0.021823345,0.22865123,0.0016133854,0.26942247,0.0075404756,0.10606585,0.010594119,0.15448049,0.026046075,0.0019713459,0.0020658593,0.002289625,0.010067403
RU-URW-1101.txt,"Глядя на то, как изменилась риторика Киева, мы уверены: наступает критический, самый опасный для России момент с начала СВО. Почему мы так уверены? Потому что именно сейчас враг запросил мира. Посмотрите на риторику Зеленского и ""приближенных к нему экспертов"": нам не нужны границы 91 года, главное - сохранить государственность и тд. и тп. А Харьковские нацисты уже успели заявить, что ""выдавливать русских из Харьковской области не нужно"". Опасность в том, что соблазн закончить ""здесь и сейчас"" очень велик. Перестать тратить ресурсы на войну, заключить миллион соглашений и разойтись по домам. Более того, через пару месяцев Украина будет готова отдать наши конституционные территории, провести демилитаризацию и выполнить практически любые требования России. Лишь бе не терять то, что в Киеве называют государственностью и не терять ключевые территории: Харьков, Одессу, Николаев. Ради этого киевские нацисты пойдут на всё, что угодно, подпишут любые бумаги и прикинуться невинными овечками. Чтобы потом через 10, 20, 30 лет снова убивать русских людей. Именно поэтому, мы очень надеемся, что у нашего руководства хватит сил, решимости и авторитета не сойти с выбранного пути и закончить войну победой, освободив если не всю, то хотя бы русскую часть нынешней Украины. А также покарав всех военных преступников. Ведь без этого все жертвы будут напрасны. Поймёт ли народ отступление от идеи окончательной победы над врагом после всего, что натворили нацисты? Уверены, что нет. Также, как и уверены в том, что иного выхода, кроме дальнейшего проведения СВО до полной капитуляции киевского режима у нас нет. Иначе через какое-то время нас снова ждёт война. C уважением, редакция канала",Киева,37,42,"['Antagonist', 'Terrorist']",1689,253,"""Ради этого киевские нацисты пойдут на всё, что угодно, подпишут любые бумаги и прикинуться невинными овечками. Чтобы потом через 10, 20, 30 лет снова убивать русских людей.""",-1,-1,True,Antagonist,1,0.42222065,0.3027455,0.42222065,0.2750339,"['Antagonist', 'Incompetent']",['Incompetent'],0.008913949,0.011582897,0.006348071,0.0048460327,0.002664158,0.0022904137,0.22712865,0.0073572053,0.038338717,0.011692006,0.27946827,0.001989809,0.020746363,0.010986476,0.6828245,0.112811975,0.042715717,0.09692342,0.0016502716,0.016897162,0.0067644464,0.020282984
RU-URW-1101.txt,"Глядя на то, как изменилась риторика Киева, мы уверены: наступает критический, самый опасный для России момент с начала СВО. Почему мы так уверены? Потому что именно сейчас враг запросил мира. Посмотрите на риторику Зеленского и ""приближенных к нему экспертов"": нам не нужны границы 91 года, главное - сохранить государственность и тд. и тп. А Харьковские нацисты уже успели заявить, что ""выдавливать русских из Харьковской области не нужно"". Опасность в том, что соблазн закончить ""здесь и сейчас"" очень велик. Перестать тратить ресурсы на войну, заключить миллион соглашений и разойтись по домам. Более того, через пару месяцев Украина будет готова отдать наши конституционные территории, провести демилитаризацию и выполнить практически любые требования России. Лишь бе не терять то, что в Киеве называют государственностью и не терять ключевые территории: Харьков, Одессу, Николаев. Ради этого киевские нацисты пойдут на всё, что угодно, подпишут любые бумаги и прикинуться невинными овечками. Чтобы потом через 10, 20, 30 лет снова убивать русских людей. Именно поэтому, мы очень надеемся, что у нашего руководства хватит сил, решимости и авторитета не сойти с выбранного пути и закончить войну победой, освободив если не всю, то хотя бы русскую часть нынешней Украины. А также покарав всех военных преступников. Ведь без этого все жертвы будут напрасны. Поймёт ли народ отступление от идеи окончательной победы над врагом после всего, что натворили нацисты? Уверены, что нет. Также, как и уверены в том, что иного выхода, кроме дальнейшего проведения СВО до полной капитуляции киевского режима у нас нет. Иначе через какое-то время нас снова ждёт война. C уважением, редакция канала",Зеленского,216,226,"['Antagonist', 'Deceiver']",1689,253,"""Посмотрите на риторику Зеленского и ""приближенных к нему экспертов"": нам не нужны границы 91 года, главное - сохранить государственность и тд. и тп.""",-1,-1,True,Antagonist,1,0.42222145,0.30241907,0.42222145,0.27535945,"['Antagonist', 'Incompetent']",['Incompetent'],0.015813842,0.0026772693,0.006645379,0.007912036,0.009088704,0.0059583117,0.012218528,0.0062436853,0.009127465,0.020422325,0.18726344,0.0016616613,0.014702323,0.018982168,0.88178134,0.0055951495,0.3262004,0.024453938,0.003046149,0.0050979434,0.0056858095,0.008995999
RU-URW-1032.txt,"Владимир Зеленский заявил, что кандидат в президенты США Дональд Трамп должен представить свой план быстрого окончания украинского конфликта, его слова приводит Bloomberg. ""Если Трамп знает, как закончить этот конфликт, он должен сказать нам об этом сегодня"", - заявил он. Зеленский подчеркнул, что ему необходимо знать, какие риски для украинской государственности несет в себе этот план и выразил готовность встретиться с Трампом для обсуждения деталей. Глава киевского режима также добавил, что ему надо понимать, перестанет ли Вашингтон оказывать поддержку Киеву после результатов президентских выборов в Штатах осенью. Трамп ранее неоднократно заявлял, что в случае переизбрания намерен добиться урегулирования конфликта между Москвой и Киевом всего за 24 часа. Пресс-секретарь российского лидера Дмитрий Песков, комментируя слова Трампа, отмечал, что это слишком сложная проблема для такого простого решения, сообщает РИА Новости.",Владимир Зеленский,0,18,"['Antagonist', 'Instigator']",936,127,"""Владимир Зеленский заявил, что кандидат в президенты США Дональд Трамп должен представить свой план быстрого окончания украинского конфликта""",-1,-1,True,Protagonist,0,0.3988807,0.3988807,0.30496746,0.2961518,"['Protagonist', 'Peacemaker']",['Peacemaker'],0.0893413,0.006410439,0.9887115,0.008676715,0.017525338,0.08431433,0.03938041,0.033585723,0.004840388,0.029706012,0.03334875,0.0013986223,0.023446012,0.0031673803,0.07820768,0.004038645,0.02105903,0.008965748,0.005509958,0.0063310238,0.007438427,0.0068545397
RU-URW-1032.txt,"Владимир Зеленский заявил, что кандидат в президенты США Дональд Трамп должен представить свой план быстрого окончания украинского конфликта, его слова приводит Bloomberg. ""Если Трамп знает, как закончить этот конфликт, он должен сказать нам об этом сегодня"", - заявил он. Зеленский подчеркнул, что ему необходимо знать, какие риски для украинской государственности несет в себе этот план и выразил готовность встретиться с Трампом для обсуждения деталей. Глава киевского режима также добавил, что ему надо понимать, перестанет ли Вашингтон оказывать поддержку Киеву после результатов президентских выборов в Штатах осенью. Трамп ранее неоднократно заявлял, что в случае переизбрания намерен добиться урегулирования конфликта между Москвой и Киевом всего за 24 часа. Пресс-секретарь российского лидера Дмитрий Песков, комментируя слова Трампа, отмечал, что это слишком сложная проблема для такого простого решения, сообщает РИА Новости.",Трамп,624,629,"['Protagonist', 'Peacemaker']",936,127,"""Трамп ранее неоднократно заявлял, что в случае переизбрания намерен добиться урегулирования конфликта между Москвой и Киевом всего за 24 часа.""",-1,-1,True,Protagonist,0,0.39913976,0.39913976,0.30137968,0.29948053,"['Protagonist', 'Peacemaker']",['Peacemaker'],0.12739792,0.005478339,0.99284333,0.010346657,0.020504666,0.09852138,0.030556832,0.029460138,0.007085199,0.035902888,0.012832016,0.0013769094,0.015462669,0.002966564,0.026053084,0.0044471463,0.022437612,0.010318974,0.0076713646,0.0055601588,0.013489257,0.0064872983
RU-URW-1004.txt,"Владимиру Зеленскому, срок полномочий которого истек 20 мая, не очень понравилась идея временно прекратить огонь и в этот период разработать план урегулирования. Об этом 2 июля заявил премьер-министр Венгрии Виктор Орбан в интервью журналу Die Weltwoche. ",Владимиру Зеленскому,0,20,"['Antagonist', 'Instigator', 'Tyrant']",256,36,"""Владимиру Зеленскому, срок полномочий которого истек 20 мая, не очень понравилась идея временно прекратить огонь и в этот период разработать план урегулирования.""",-1,-1,True,Antagonist,1,0.42221874,0.30302915,0.42221874,0.27475208,"['Antagonist', 'Incompetent']",['Incompetent'],0.010918491,0.003183485,0.012544649,0.007912051,0.0065120854,0.0036432545,0.06554423,0.03028526,0.018287905,0.049951997,0.11841881,0.0018794691,0.068093605,0.04011348,0.93918514,0.008760485,0.011636289,0.004349083,0.002146614,0.005984388,0.0026182064,0.0040803174
RU-URW-1004.txt,"Владимиру Зеленскому, срок полномочий которого истек 20 мая, не очень понравилась идея временно прекратить огонь и в этот период разработать план урегулирования. Об этом 2 июля заявил премьер-министр Венгрии Виктор Орбан в интервью журналу Die Weltwoche. ",Виктор Орбан,208,220,"['Protagonist', 'Peacemaker']",256,36,"""Об этом 2 июля заявил премьер-министр Венгрии Виктор Орбан в интервью журналу Die Weltwoche.""",-1,-1,True,Protagonist,0,0.3992003,0.3992003,0.29912412,0.30167562,"['Protagonist', 'Peacemaker']",['Peacemaker'],0.10514882,0.005368867,0.98452735,0.010585232,0.011315881,0.19178592,0.019487288,0.018465692,0.0056569576,0.01415676,0.010454588,0.0010674411,0.009413078,0.0023719503,0.014708214,0.0031701818,0.012262782,0.0071418695,0.0053789676,0.004327621,0.009561012,0.0050609275
RU-URW-1004.txt,"Он напомнил, что Будапешт хочет как можно скорее прекратить боевые действия и прийти к миру. Орбан добавил, что старается представлять интересы Европы справедливо и честно. Своей целью он назвал сделать доклад в Евросовете о возможности мирного урегулирования, пишет ""Известия"".",Будапешт,17,25,"['Protagonist', 'Peacemaker']",278,39,"""Будапешт хочет как можно скорее прекратить боевые действия и прийти к миру.""",-1,-1,True,Protagonist,0,0.39908296,0.39908296,0.2952997,0.30561733,"['Protagonist', 'Peacemaker']",['Peacemaker'],0.0773609,0.005817107,0.9915944,0.008004493,0.01871163,0.11065253,0.054086927,0.06384605,0.007939628,0.035848353,0.018207202,0.0015001592,0.024894925,0.0042330464,0.028744357,0.0052784337,0.021998873,0.010157675,0.007889811,0.006123948,0.012235188,0.008170696
RU-URW-1004.txt,"Он напомнил, что Будапешт хочет как можно скорее прекратить боевые действия и прийти к миру. Орбан добавил, что старается представлять интересы Европы справедливо и честно. Своей целью он назвал сделать доклад в Евросовете о возможности мирного урегулирования, пишет ""Известия"".",Орбан,93,98,"['Protagonist', 'Virtuous']",278,39,"""Орбан добавил, что старается представлять интересы Европы справедливо и честно.""",-1,-1,True,Protagonist,0,0.39919657,0.39919657,0.2983041,0.30249935,"['Protagonist', 'Peacemaker']",['Peacemaker'],0.10182975,0.005465347,0.9913084,0.007667446,0.014935857,0.14362638,0.021392683,0.041932102,0.0081438795,0.021798378,0.01883455,0.0014283872,0.019193863,0.0040561194,0.023697363,0.0040846057,0.024800537,0.013145245,0.0066197473,0.0052142628,0.010398383,0.0073105115
RU-URW-1127.txt,"«Смешная история вышла с Такером Карлсоном и Зеленским. Интервью-то Зеленский запросил сам. Через третьи руки Андрей Ермак прислал Карлсону запрос на интервью и готовность обсуждать самые разные темы. Долго согласовывали приезд в Киев и гарантии безопасности. Утрясали вопросы. Обсуждали фильм про Киев и Украину. Потом что-то пошло не так. Скорее всего вмешалось посольство США. Начали изворачиваться: Ермак решил опровергнуть саму попытку организовать интервью. Когда все в США про него знали. В итоге все американское сообщество журналистов-республиканцев теперь настроено против Зеленского», — комментирует телеграм-канал «Win/Win». ",осольство США,365,378,"['Antagonist', 'Foreign Adversary']",638,84,"""Скорее всего вмешалось посольство США. Начали изворачиваться: Ермак решил опровергнуть саму попытку организовать интервью.""",-1,-1,True,Antagonist,1,0.422202,0.30157164,0.422202,0.27622634,"['Antagonist', 'Conspirator', 'Foreign Adversary']","['Conspirator', 'Foreign Adversary']",0.015056256,0.0006051868,0.008154636,0.008209864,0.0028256811,0.015791638,0.034758996,0.8127083,0.005847687,0.66169757,0.0049267844,0.00240467,0.08176238,0.0066152895,0.004098648,0.021061754,0.009257315,0.0075733624,0.0026293397,0.0024074523,0.0029243685,0.004334374
RU-URW-1127.txt,"«Смешная история вышла с Такером Карлсоном и Зеленским. Интервью-то Зеленский запросил сам. Через третьи руки Андрей Ермак прислал Карлсону запрос на интервью и готовность обсуждать самые разные темы. Долго согласовывали приезд в Киев и гарантии безопасности. Утрясали вопросы. Обсуждали фильм про Киев и Украину. Потом что-то пошло не так. Скорее всего вмешалось посольство США. Начали изворачиваться: Ермак решил опровергнуть саму попытку организовать интервью. Когда все в США про него знали. В итоге все американское сообщество журналистов-республиканцев теперь настроено против Зеленского», — комментирует телеграм-канал «Win/Win». ",Ермак,403,408,"['Antagonist', 'Deceiver']",638,84,"""Ермак решил опровергнуть саму попытку организовать интервью. Когда все в США про него знали.""",-1,-1,True,Antagonist,1,0.4221956,0.30140355,0.4221956,0.27640083,"['Antagonist', 'Conspirator']",['Conspirator'],0.0074521243,0.00036321176,0.116428316,0.004933142,0.0037415968,0.022011915,0.029168515,0.47305667,0.0070624813,0.1175241,0.04019479,0.001249813,0.26514485,0.009634749,0.076038726,0.002437812,0.119671494,0.0075900634,0.0020009552,0.0013048907,0.0019119622,0.0027530796
RU-URW-1127.txt,"«Почему интервью с президентом России Владимиром Путиным имело такой колоссальный успех? Потому что глубина его рассуждений, мыслей и посылов мировому обществу заставила задуматься и осознать ситуацию, которая всех окружает. А что может сказать карлик кроме того, что он стоит во главе борьбы за демократию и защищает США на территории Украины против России? Тем более, его роли расписываются в Великобритании и Вашингтоне», — высказал своё мнение политолог зампредседателя президиума Международного совета российских соотечественников Вадим Колесниченко в эфире радио «Спутник в Крыму». ",Владимиром Путиным,38,56,"['Protagonist', 'Virtuous']",589,80,"""Потому что глубина его рассуждений, мыслей и посылов мировому обществу заставила задуматься и осознать ситуацию, которая всех окружает.""",-1,-1,True,Protagonist,0,0.39919108,0.39919108,0.29972342,0.30108547,"['Protagonist', 'Virtuous']",['Virtuous'],0.38511848,0.0074416813,0.04584239,0.020430535,0.007156369,0.9432829,0.0049036834,0.0058597717,0.0101251295,0.0037618168,0.012370966,0.002267402,0.0035156086,0.0037524586,0.00982203,0.0027877847,0.009904828,0.009011823,0.0053460747,0.0047011445,0.0049637314,0.006226873
RU-URW-1069.txt,"Бывший украинский военнослужащий Максим Лихачев, перешедший на сторону РФ на танке Т-64, получил паспорт гражданина Российской Федерации. Об этом ТАСС сообщили в силовых структурах ДНР. ""Максим Лихачев получил российский паспорт и теперь является гражданином Российской Федерации"", - сказал собеседник агентства. Сам Лихачев в беседе с ТАСС подчеркнул, что с нетерпением ждал возможности получить ""долгожданный документ"" и дальше вести полноценный образ жизни, трудоустроиться. ""К этому я шел долгие годы. Очень волнительно и радостно понимать, что я стал частью общества свободной и сильной страны, где есть место помощи тем, кто в ней нуждается"", - сказал Лихачев. Лихачев сдался российским войскам в конце мая под Донецком, прибыв на указанное место на угнанном у ВСУ танке Т-64. Он уроженец города Краснодона Луганской Народной Республики.",Российской Федерации,259,279,"['Protagonist', 'Guardian']",843,120,"""Максим Лихачев получил российский паспорт и теперь является гражданином Российской Федерации.""",-1,-1,True,Protagonist,0,0.39917678,0.39917678,0.297918,0.30290526,"['Protagonist', 'Guardian']",['Guardian'],0.95203316,0.0018038481,0.016069274,0.045630187,0.003811621,0.40962505,0.007266784,0.006657856,0.013394185,0.005978023,0.0018664569,0.0020540534,0.0038395538,0.0060313293,0.006208617,0.00627321,0.010461141,0.0053501585,0.0061567547,0.0063301427,0.019607907,0.0033273166
RU-URW-1023.txt,"Киев устраивает провокации у границ Белоруссии, чтобы вызвать ответ Минска и заставить страны Запада воевать на стороне Украины. Об этом заявил Pravda.Ru военный политолог, заместитель президента Российской Академии ракетных и артиллерийских наук по информационной политике, доктор военных наук Константин Сивков. «Втянув в конфликт Белоруссию, Украина получает шанс, что Европа вместе с США впрягутся в войну за Украину. Вот на что рассчитывает украинский режим. Поэтому он начинает устраивать провокацию вокруг Белоруссии. При этом они, естественно, доказывают, что это не они провокацию устраивают, а якобы это военная активность Белоруссии. Вот вся игра», — пояснил эксперт.",Белоруссии,36,46,"['Innocent', 'Victim']",678,93,"""Киев устраивает провокации у границ Белоруссии, чтобы вызвать ответ Минска и заставить страны Запада воевать на стороне Украины.""",-1,-1,True,Innocent,2,0.4204642,0.30490863,0.2746272,0.4204642,"['Innocent', 'Victim']",['Victim'],0.011448034,0.008505824,0.0069422205,0.014877453,0.035002593,0.0067877388,0.04005836,0.006308722,0.022422524,0.0286409,0.0028611054,0.0027496924,0.0059500732,0.014737854,0.0074015604,0.014302503,0.011341106,0.006342548,0.10030155,0.12578578,0.99747914,0.016347954
RU-URW-1023.txt,"Киев устраивает провокации у границ Белоруссии, чтобы вызвать ответ Минска и заставить страны Запада воевать на стороне Украины. Об этом заявил Pravda.Ru военный политолог, заместитель президента Российской Академии ракетных и артиллерийских наук по информационной политике, доктор военных наук Константин Сивков. «Втянув в конфликт Белоруссию, Украина получает шанс, что Европа вместе с США впрягутся в войну за Украину. Вот на что рассчитывает украинский режим. Поэтому он начинает устраивать провокацию вокруг Белоруссии. При этом они, естественно, доказывают, что это не они провокацию устраивают, а якобы это военная активность Белоруссии. Вот вся игра», — пояснил эксперт.",Европа,372,378,"['Innocent', 'Exploited']",678,93,"""Втянув в конфликт Белоруссию, Украина получает шанс, что Европа вместе с США впрягутся в войну за Украину.""",-1,-1,True,Antagonist,1,0.42221016,0.3017721,0.42221016,0.2760178,"['Antagonist', 'Foreign Adversary']",['Foreign Adversary'],0.012817311,0.0011525408,0.0044551464,0.028394584,0.007006193,0.013550027,0.21260752,0.10852986,0.014060916,0.9862217,0.0042148917,0.002716198,0.00909266,0.006697278,0.0065370933,0.0099010505,0.00939923,0.006636776,0.0056226007,0.004794266,0.010274952,0.008100904
RU-URW-1023.txt,"Киев устраивает провокации у границ Белоруссии, чтобы вызвать ответ Минска и заставить страны Запада воевать на стороне Украины. Об этом заявил Pravda.Ru военный политолог, заместитель президента Российской Академии ракетных и артиллерийских наук по информационной политике, доктор военных наук Константин Сивков. «Втянув в конфликт Белоруссию, Украина получает шанс, что Европа вместе с США впрягутся в войну за Украину. Вот на что рассчитывает украинский режим. Поэтому он начинает устраивать провокацию вокруг Белоруссии. При этом они, естественно, доказывают, что это не они провокацию устраивают, а якобы это военная активность Белоруссии. Вот вся игра», — пояснил эксперт.",США,388,391,"['Innocent', 'Exploited']",678,93,"""Втянув в конфликт Белоруссию, Украина получает шанс, что Европа вместе с США впрягутся в войну за Украину.""",-1,-1,True,Antagonist,1,0.42221788,0.30200347,0.42221788,0.27577862,"['Antagonist', 'Foreign Adversary']",['Foreign Adversary'],0.011754417,0.00096601027,0.0032442668,0.021205926,0.0058572395,0.0118925935,0.20751771,0.15084429,0.0110896025,0.9766564,0.003734086,0.0022016796,0.009124969,0.0057747024,0.004637869,0.010265874,0.0072953836,0.0049028713,0.003879417,0.0040874756,0.007924933,0.0055155684
RU-URW-1053.txt,"Первый тур парламентских выборов во Франции завершился победой партии Ле Пен. Глава французской партии «Национальное объединение», высказала свое мнение о России, антироссийских санкциях и конфликте на Украине. Ее заявления вызвали широкий резонанс. Ле Пен утверждает, что санкции ЕС против нашей страны наносят больший ущерб европейцам, чем нам самим, и призывает к сближению Европы с Россией для обеспечения безопасности континента. В преддверии второго тура внеочередных парламентских выборов во Франции, который состоится 7 июля, эти заявления приобретают особое значение. Примеры заявлений и цитат читайте в карточках ниже! #Чувашия.",Ле Пен,70,76,"['Protagonist', 'Peacemaker']",638,86,"""Ле Пен утверждает, что санкции ЕС против нашей страны наносят больший ущерб европейцам, чем нам самим, и призывает к сближению Европы с Россией для обеспечения безопасности континента.""",-1,-1,True,Protagonist,0,0.39890388,0.39890388,0.30470565,0.29639044,"['Protagonist', 'Incompetent']",['Incompetent'],0.09108771,0.03168601,0.014273532,0.36772883,0.08171653,0.033380292,0.01511876,0.0011571043,0.012793416,0.0069207344,0.22653674,0.0029452005,0.0021643045,0.0078078276,0.53610486,0.00269275,0.015228716,0.013734438,0.010426339,0.015229894,0.008796912,0.0036980074
RU-URW-1053.txt,"Первый тур парламентских выборов во Франции завершился победой партии Ле Пен. Глава французской партии «Национальное объединение», высказала свое мнение о России, антироссийских санкциях и конфликте на Украине. Ее заявления вызвали широкий резонанс. Ле Пен утверждает, что санкции ЕС против нашей страны наносят больший ущерб европейцам, чем нам самим, и призывает к сближению Европы с Россией для обеспечения безопасности континента. В преддверии второго тура внеочередных парламентских выборов во Франции, который состоится 7 июля, эти заявления приобретают особое значение. Примеры заявлений и цитат читайте в карточках ниже! #Чувашия.",России,155,161,"['Innocent', 'Scapegoat']",638,86,"""Ле Пен утверждает, что санкции ЕС против нашей страны наносят больший ущерб европейцам, чем нам самим""",-1,-1,True,Innocent,2,0.41727284,0.3156363,0.26709077,0.41727284,"['Innocent', 'Guardian', 'Rebel']","['Guardian', 'Rebel']",0.3056937,0.023763914,0.006977797,0.28055802,0.019548623,0.045079976,0.01836254,0.00071321527,0.07664084,0.0024311338,0.044755567,0.008742879,0.0024813619,0.01829157,0.0547565,0.0077995984,0.0071557453,0.013173109,0.050593715,0.19245866,0.049873088,0.023809807
RU-URW-1053.txt,"Первый тур парламентских выборов во Франции завершился победой партии Ле Пен. Глава французской партии «Национальное объединение», высказала свое мнение о России, антироссийских санкциях и конфликте на Украине. Ее заявления вызвали широкий резонанс. Ле Пен утверждает, что санкции ЕС против нашей страны наносят больший ущерб европейцам, чем нам самим, и призывает к сближению Европы с Россией для обеспечения безопасности континента. В преддверии второго тура внеочередных парламентских выборов во Франции, который состоится 7 июля, эти заявления приобретают особое значение. Примеры заявлений и цитат читайте в карточках ниже! #Чувашия.",ЕС,281,283,"['Antagonist', 'Foreign Adversary']",638,86,"""Ле Пен утверждает, что санкции ЕС против нашей страны наносят больший ущерб европейцам, чем нам самим""",-1,-1,True,Antagonist,1,0.42219588,0.30144942,0.42219588,0.2763547,"['Antagonist', 'Instigator', 'Foreign Adversary']","['Instigator', 'Foreign Adversary']",0.00419613,0.0011877957,0.002092933,0.008615161,0.0030925926,0.0047165845,0.6491602,0.06878536,0.024281712,0.839927,0.002349593,0.00082060474,0.0065698703,0.004219627,0.0036590274,0.0067790714,0.0041908915,0.0029807691,0.0020259386,0.0040278193,0.00855674,0.004101643
RU-URW-1061.txt,"За минувшую неделю от обстрелов нацистами российских территорий пострадали 106 мирных жителей: ранены 90 человек, в том числе 8 несовершеннолетних, погибли 16 человек, в том числе 3 детей. Число прилетов по гражданским объектам за прошедшие семь дней достигло 2224 боеприпаса. По гражданской инфраструктуре украинскими нацистами наносились удары из артиллерии, РСЗО, в том числе HIMARS американского производства, ударных беспилотников. Над территорией Курской области в районе села Березовка была сбита баллистическая ракета. Жертвами украинских ударов по гражданским становились целые семьи. В Курской области от атаки украинского дрона на жилой дом погибли сразу пять человек, в том числе двое детей - двух и четырех лет. В Белгородской области ВСУ ударили с помощью дрона по гражданскому автомобилю, в котором ехала семья из пяти человек, погиб малолетний ребенок. В Донецке семья пострадала от удара из артиллерии по остановке общественного транспорта. Число обстрелов гражданских объектов с использованием американского вооружения, существенно выросло в т.ч. с использованием РСЗО HIMARS. Этот вид вооружений использовался по Белгородской области, ДНР и ЛНР. Это прямой итог американских поставок и разрешения Байдена Зеленскому использовать американское вооружение по российским территориям. Ударам подверглись жилые многоэтажные и частные дома, школы, гражданский транспорт, сельхозтехника. Характер ударов говорит о спланированных и преднамеренных действиях украинских вооруженных формирований по нарушению норм и принципов МГП. Данные собраны службой Посла по особым поручениям по преступлениям киевского режима МИД России при содействии Лаборатории интеллектуального анализа данных в области международных отношений ИМИ МГИМО МИД России. На карте: случаи обстрелов гражданских объектов ВСУ за период с 24 по 30 июня 2024 года.",российских территорий,42,63,"['Innocent', 'Victim']",1837,247,"""Жертвами украинских ударов по гражданским становились целые семьи.""",-1,-1,True,Innocent,2,0.42045683,0.30572277,0.27382046,0.42045683,"['Innocent', 'Victim']",['Victim'],0.013849737,0.008735275,0.0075827762,0.017742023,0.030703612,0.007817064,0.034404077,0.0059995935,0.018236537,0.023671182,0.003309625,0.0031783367,0.0057573523,0.01476842,0.008524225,0.012975814,0.015329721,0.007896858,0.1090743,0.12883626,0.9978448,0.015649062
RU-URW-1061.txt,"За минувшую неделю от обстрелов нацистами российских территорий пострадали 106 мирных жителей: ранены 90 человек, в том числе 8 несовершеннолетних, погибли 16 человек, в том числе 3 детей. Число прилетов по гражданским объектам за прошедшие семь дней достигло 2224 боеприпаса. По гражданской инфраструктуре украинскими нацистами наносились удары из артиллерии, РСЗО, в том числе HIMARS американского производства, ударных беспилотников. Над территорией Курской области в районе села Березовка была сбита баллистическая ракета. Жертвами украинских ударов по гражданским становились целые семьи. В Курской области от атаки украинского дрона на жилой дом погибли сразу пять человек, в том числе двое детей - двух и четырех лет. В Белгородской области ВСУ ударили с помощью дрона по гражданскому автомобилю, в котором ехала семья из пяти человек, погиб малолетний ребенок. В Донецке семья пострадала от удара из артиллерии по остановке общественного транспорта. Число обстрелов гражданских объектов с использованием американского вооружения, существенно выросло в т.ч. с использованием РСЗО HIMARS. Этот вид вооружений использовался по Белгородской области, ДНР и ЛНР. Это прямой итог американских поставок и разрешения Байдена Зеленскому использовать американское вооружение по российским территориям. Ударам подверглись жилые многоэтажные и частные дома, школы, гражданский транспорт, сельхозтехника. Характер ударов говорит о спланированных и преднамеренных действиях украинских вооруженных формирований по нарушению норм и принципов МГП. Данные собраны службой Посла по особым поручениям по преступлениям киевского режима МИД России при содействии Лаборатории интеллектуального анализа данных в области международных отношений ИМИ МГИМО МИД России. На карте: случаи обстрелов гражданских объектов ВСУ за период с 24 по 30 июня 2024 года.",ВСУ,748,751,"['Antagonist', 'Terrorist']",1837,247,"""По гражданской инфраструктуре украинскими нацистами наносились удары из артиллерии, РСЗО, в том числе HIMARS американского производства, ударных беспилотников.""",-1,-1,True,Antagonist,1,0.4221855,0.30124864,0.4221855,0.2765659,"['Antagonist', 'Terrorist']",['Terrorist'],0.022003485,0.004003047,0.004018151,0.012723235,0.0047794366,0.00871924,0.15379463,0.05183794,0.016338257,0.06249854,0.006503287,0.014110709,0.033992875,0.008384271,0.013200206,0.9727682,0.0058513526,0.006381835,0.0031167844,0.0032497253,0.0072993496,0.035544403
RU-URW-1061.txt,"За минувшую неделю от обстрелов нацистами российских территорий пострадали 106 мирных жителей: ранены 90 человек, в том числе 8 несовершеннолетних, погибли 16 человек, в том числе 3 детей. Число прилетов по гражданским объектам за прошедшие семь дней достигло 2224 боеприпаса. По гражданской инфраструктуре украинскими нацистами наносились удары из артиллерии, РСЗО, в том числе HIMARS американского производства, ударных беспилотников. Над территорией Курской области в районе села Березовка была сбита баллистическая ракета. Жертвами украинских ударов по гражданским становились целые семьи. В Курской области от атаки украинского дрона на жилой дом погибли сразу пять человек, в том числе двое детей - двух и четырех лет. В Белгородской области ВСУ ударили с помощью дрона по гражданскому автомобилю, в котором ехала семья из пяти человек, погиб малолетний ребенок. В Донецке семья пострадала от удара из артиллерии по остановке общественного транспорта. Число обстрелов гражданских объектов с использованием американского вооружения, существенно выросло в т.ч. с использованием РСЗО HIMARS. Этот вид вооружений использовался по Белгородской области, ДНР и ЛНР. Это прямой итог американских поставок и разрешения Байдена Зеленскому использовать американское вооружение по российским территориям. Ударам подверглись жилые многоэтажные и частные дома, школы, гражданский транспорт, сельхозтехника. Характер ударов говорит о спланированных и преднамеренных действиях украинских вооруженных формирований по нарушению норм и принципов МГП. Данные собраны службой Посла по особым поручениям по преступлениям киевского режима МИД России при содействии Лаборатории интеллектуального анализа данных в области международных отношений ИМИ МГИМО МИД России. На карте: случаи обстрелов гражданских объектов ВСУ за период с 24 по 30 июня 2024 года.",Байдена,1216,1223,"['Antagonist', 'Foreign Adversary']",1837,247,"""Это прямой итог американских поставок и разрешения Байдена Зеленскому использовать американское вооружение по российским территориям.""",-1,-1,True,Antagonist,1,0.4221998,0.30150375,0.4221998,0.27629656,"['Antagonist', 'Foreign Adversary']",['Foreign Adversary'],0.013616423,0.0009438207,0.0036682298,0.021219663,0.0053084777,0.013326765,0.12529956,0.1365147,0.011278621,0.9870036,0.005740691,0.004674722,0.023054173,0.009941839,0.009849359,0.013492417,0.019959942,0.00885735,0.005496255,0.0050942567,0.0073088296,0.010857555
RU-URW-1102.txt,"""Ганчев: Россия фиксирует факты изнасилований в подконтрольных ВСУ селах.",Россия,9,15,"['Protagonist', 'Guardian']",74,9,"""Россия фиксирует факты изнасилований в подконтрольных ВСУ селах.""",-1,-1,True,Protagonist,0,0.39841178,0.39841178,0.3086,0.2929882,"['Protagonist', 'Deceiver']",['Deceiver'],0.30039254,0.0017903246,0.040486317,0.029240431,0.003936895,0.20166525,0.012142451,0.018150914,0.013845503,0.0026470567,0.036258876,0.0035240797,0.03795133,0.0060726735,0.017803581,0.005797313,0.6865474,0.015018585,0.0028564592,0.001903464,0.00390901,0.02560091
RU-URW-1102.txt,"""Ганчев: Россия фиксирует факты изнасилований в подконтрольных ВСУ селах.",ВСУ,63,66,"['Antagonist', 'Terrorist']",74,9,"""Россия фиксирует факты изнасилований в подконтрольных ВСУ селах.""",-1,-1,True,Antagonist,1,0.4220724,0.30005655,0.4220724,0.27787107,"['Antagonist', 'Foreign Adversary', 'Terrorist']","['Foreign Adversary', 'Terrorist']",0.0073376326,0.0031421534,0.00070104946,0.006501694,0.0028890837,0.002197777,0.29626435,0.010420551,0.05247497,0.5854146,0.00286351,0.006446896,0.012041537,0.013634694,0.008006762,0.54533523,0.002151902,0.0039004802,0.0064107003,0.015912559,0.021713985,0.022966603
RU-URW-1102.txt,"селах Харьковской области. Об этом сообщил глава российской военно-гражданской администрации (ВГА) региона , передает «У нас есть информация и о случаях мародерства, и изнасилований. Кроме того, стоит задача по мере возможности нашему УВД фиксировать все эти преступления. Почему по мере возможности? Потому что далеко не в каждый населенный пункт, естественно, мы имеем доступ, особенно те, которые именно под контролем вооруженных формирований Украины», — сказал он. По словам Ганчева, информация о правонарушениях поступает от местных жителей, которые смогли выехать на территорию России. Он также рассказал, что такие действия украинских военных поощряются старшим командованием формирований ВСУ. Глава харьковской ВГА также , что сейчас под контролем Вооруженных сил России находятся 52 населенных пункта в области. По его словам, 34 из них на купянском направлении и 13 на севере области контролирует российская администрация, а еще 5 — военные.""",местных жителей,530,545,"['Innocent', 'Victim']",953,134,"""информация о правонарушениях поступает от местных жителей, которые смогли выехать на территорию России.""",-1,-1,True,Innocent,2,0.42036107,0.30350983,0.2761291,0.42036107,"['Innocent', 'Instigator']",['Instigator'],0.02768852,0.008701223,0.017703284,0.008732063,0.002071412,0.0030545725,0.8019181,0.008123717,0.025972886,0.046252836,0.0022085023,0.0019477237,0.026585,0.0010961525,0.01195881,0.09199484,0.0041306634,0.009229096,0.015480456,0.038746983,0.071128264,0.0584139
RU-URW-1120.txt,"""Служба внешней разведки (СВР) России сообщила, что США активизировали поиски альтернативы украинскому президенту Владимиру Зеленскому. На место Зеленского рассматривают бывшего министра обороны Валерия Залужного , мэра Киева Виталия Кличко , главу офиса президента Андрея Ермака , экс-президента Украины Петра Порошенко и экс-спикера Рады Дмитрия Разумкова. Пока, однако, американцы и европейцы хотели бы, чтобы Зеленский оставался на посту, так как на него завязаны схемы финансирования войны. Альтернативу подыскивают на случай резкого ухудшения на фронте.",США,52,55,"['Antagonist', 'Conspirator', 'Foreign Adversary']",560,73,"""Служба внешней разведки (СВР) России сообщила, что США активизировали поиски альтернативы украинскому президенту Владимиру Зеленскому.""",-1,-1,True,Antagonist,1,0.4221907,0.30384415,0.4221907,0.27396524,"['Antagonist', 'Foreign Adversary']",['Foreign Adversary'],0.012804014,0.0008047305,0.007335893,0.008630715,0.0036482478,0.011361345,0.11460608,0.43261558,0.0047059488,0.9257514,0.0042352118,0.0017083643,0.022940923,0.005886705,0.005208419,0.009795945,0.006284581,0.005088919,0.0032782087,0.0035528266,0.0047551636,0.004641808
RU-URW-1120.txt,"Российская система ПВО сбила ракету реактивной системы залпового огня HIMARS, снаряд практически полностью уцелел и упал на востоке Донецка оперативные службы ДНР.",Донецка,132,139,"['Innocent', 'Victim']",164,22,"""Российская система ПВО сбила ракету реактивной системы залпового огня HIMARS, снаряд практически полностью уцелел и упал на востоке Донецка оперативные службы ДНР.""",-1,-1,True,Innocent,2,0.42046103,0.30475798,0.27478093,0.42046103,"['Innocent', 'Victim']",['Victim'],0.013403596,0.008808269,0.0071186814,0.016330618,0.031055639,0.007481144,0.036017038,0.0054964116,0.017695298,0.02465825,0.0030720544,0.003228999,0.0058151144,0.014388252,0.0101697445,0.013311162,0.014012029,0.007441227,0.11476701,0.12261087,0.9976667,0.017149024
RU-URW-1120.txt,"За ночь над Россией уничтожили пять дронов два над Брянской областью и по одному над Тамбовской, Тульской и Московской областями Минобороны РФ. Мэр Москвы Сергей Собянин уточнил, что летевший на столицу БПЛА сбили в Ступинском городском округе , разрушений и пострадавших нет.",Россией,12,19,"['Innocent', 'Victim']",277,42,"""За ночь над Россией уничтожили пять дронов""",-1,-1,True,Innocent,2,0.42046407,0.30529243,0.2742435,0.42046407,"['Innocent', 'Victim']",['Victim'],0.01663081,0.007901922,0.009070222,0.016392889,0.029890925,0.0088091055,0.035253912,0.0060085887,0.021137994,0.020802649,0.0032834352,0.0028099008,0.006434295,0.013802373,0.009666833,0.012698587,0.015800726,0.0077665523,0.11369861,0.11144394,0.9978126,0.015777778
RU-URW-1014.txt,"Российские войска растянули и размыли ВСУ на харьковском направлении специальной военной операции, заявил замначальника главного управления по военно-политической работе Минобороны, командир спецназа «Ахмат», Герой России «Противник готовился к своего рода контрнаступлению, но то, что сегодня происходит, — это, получается, мы их реально растянули очень сильно, размыли — и планомерно ежедневно уничтожаем», — сказал он в программе «Время покажет» на Первом канале. По его словам, ВСУ уже не в силах собрать серьезных сил, и их главная задача сейчас — хотя бы удержать позиции, но и этого у них не получается. «Каждый день мы слышим новости с наших передовых позиций подразделений Минобороны России отовсюду, каждый день освобождается один–два населенных пункта — не на одном харьковском направлении, конечно, а на всей линии боевого соприкосновения», — отметил Апти Алаудинов.",Российские войска,0,17,"['Protagonist', 'Guardian']",878,125,"""Российские войска растянули и размыли ВСУ на харьковском направлении специальной военной операции""",-1,-1,True,Protagonist,0,0.3991551,0.3991551,0.30104452,0.2998004,"['Protagonist', 'Guardian']",['Guardian'],0.98293394,0.0036569939,0.08378513,0.021586077,0.006697789,0.23092252,0.014820123,0.012955488,0.010116245,0.006926003,0.0040177205,0.001789361,0.009629709,0.0027909293,0.01375108,0.008805962,0.013927393,0.006002725,0.0040478236,0.0038922448,0.009520686,0.0030476814
RU-URW-1014.txt,"Российские войска растянули и размыли ВСУ на харьковском направлении специальной военной операции, заявил замначальника главного управления по военно-политической работе Минобороны, командир спецназа «Ахмат», Герой России «Противник готовился к своего рода контрнаступлению, но то, что сегодня происходит, — это, получается, мы их реально растянули очень сильно, размыли — и планомерно ежедневно уничтожаем», — сказал он в программе «Время покажет» на Первом канале. По его словам, ВСУ уже не в силах собрать серьезных сил, и их главная задача сейчас — хотя бы удержать позиции, но и этого у них не получается. «Каждый день мы слышим новости с наших передовых позиций подразделений Минобороны России отовсюду, каждый день освобождается один–два населенных пункта — не на одном харьковском направлении, конечно, а на всей линии боевого соприкосновения», — отметил Апти Алаудинов.",ВСУ,38,41,"['Antagonist', 'Foreign Adversary']",878,125,"""Российские войска растянули и размыли ВСУ на харьковском направлении специальной военной операции""",-1,-1,True,Antagonist,1,0.42221427,0.30205607,0.42221427,0.27572966,"['Antagonist', 'Terrorist']",['Terrorist'],0.029798951,0.011099563,0.0020211171,0.014491044,0.0051546693,0.009921288,0.021407412,0.025959413,0.005940041,0.065565065,0.009206647,0.092330545,0.016733112,0.03349553,0.017870761,0.96353877,0.008547279,0.008451966,0.013563279,0.022241516,0.010881979,0.07143765
RU-URW-1146.txt,"""После начала одиннадцатидневных военных учений между Народно-освободительной армией Китая и Вооруженными силами Белоруссии местные источники в Белоруссии раскрыли новые подробности о масштабах учений. Учения, получившие название Eagle Assault 2024 (""""Атакующий орел""""), проходят в Брестской области менее чем в 5 километрах от границ Польши одного из самых восточных членов НАТО.",Китая,85,90,"['Protagonist', 'Guardian']",381,49,"""Учения, получившие название Eagle Assault 2024 (""""Атакующий орел""""), проходят в Брестской области менее чем в 5 километрах от границ Польши одного из самых восточных членов НАТО.""",-1,-1,True,Antagonist,1,0.42212656,0.30482262,0.42212656,0.27305079,"['Antagonist', 'Foreign Adversary']",['Foreign Adversary'],0.015331479,0.001384548,0.00638309,0.028112404,0.0066124913,0.010054922,0.30954087,0.052800126,0.014998671,0.9803462,0.0030865006,0.0023231592,0.0071473257,0.0041146064,0.005640986,0.011815914,0.007353028,0.0044680405,0.005049202,0.0046866224,0.009685106,0.0063103833
RU-URW-1146.txt,"""После начала одиннадцатидневных военных учений между Народно-освободительной армией Китая и Вооруженными силами Белоруссии местные источники в Белоруссии раскрыли новые подробности о масштабах учений. Учения, получившие название Eagle Assault 2024 (""""Атакующий орел""""), проходят в Брестской области менее чем в 5 километрах от границ Польши одного из самых восточных членов НАТО.",Белоруссии,113,123,"['Protagonist', 'Guardian']",381,49,"""Вооруженные силы Белоруссии местные источники в Белоруссии раскрыли новые подробности о масштабах учений.""",-1,-1,True,Antagonist,1,0.4221058,0.30500478,0.4221058,0.2728894,"['Antagonist', 'Foreign Adversary']",['Foreign Adversary'],0.01683525,0.0012031009,0.0058887037,0.027875895,0.005579603,0.0074567036,0.34403715,0.04511778,0.02094917,0.97034264,0.0022810544,0.0019112298,0.0072359694,0.0030818968,0.0057311817,0.016236061,0.005896785,0.003889759,0.0055459156,0.0055935946,0.010974798,0.0058641704
RU-URW-1146.txt,"""После начала одиннадцатидневных военных учений между Народно-освободительной армией Китая и Вооруженными силами Белоруссии местные источники в Белоруссии раскрыли новые подробности о масштабах учений. Учения, получившие название Eagle Assault 2024 (""""Атакующий орел""""), проходят в Брестской области менее чем в 5 километрах от границ Польши одного из самых восточных членов НАТО.",Польши,335,341,"['Antagonist', 'Foreign Adversary']",381,49,"""Учения, получившие название Eagle Assault 2024 (""""Атакующий орел""""), проходят в Брестской области менее чем в 5 километрах от границ Польши""",-1,-1,True,Antagonist,1,0.42213273,0.30062467,0.42213273,0.2772426,"['Antagonist', 'Foreign Adversary']",['Foreign Adversary'],0.005764724,0.0017403639,0.0017690083,0.008998848,0.0044310843,0.0040461323,0.22780761,0.03545845,0.036057416,0.944679,0.002384506,0.002292218,0.0066446373,0.012052649,0.005635933,0.013192867,0.006639993,0.0053198705,0.012510482,0.018602125,0.13514864,0.011537858
RU-URW-1146.txt,"По данным Министерства обороны Белоруссии, в ходе учений войска готовились к форсированию рек, ведению боевых действий в городах и даже воздушным атакам, что повышает вероятность участия в них китайского стратегического транспортного самолета Y-20, дислоцированного в стране. Начальник командования специальных операций Вооруженных сил Белоруссии Вадим Денисенко уточнил необходимость проведения подобных учений: """"Ситуация в мире сложная, и поэтому мы отрабатываем новые формы и методы решения тактических задач"""". В последние месяцы в Белоруссии наблюдается рост напряженности как с Украиной, так и с Польшей, в то время как отношения со странами западного блока в целом ухудшились с 2020 года, когда страны западного мира были обвинены в поддержке протестов и массовых беспорядков с целью свержения белорусского правительства. Белорусско-китайские учения начались всего за день до саммита НАТО в Вашингтоне 9 июля, через несколько дней после вступления Минска в возглавляемую Китаем Шанхайскую организацию сотрудничества в качестве ее первого и, вероятно, последнего европейского члена. Учения китайских вооруженных сил в стране были истолкованы рядом аналитиков как направленные на то, чтобы послать сигнал государствам западного блока о поддержке Пекином Минских соглашений и, как следствие, для Москвы, если члены НАТО начнут эскалацию боевых действий в условиях растущих потерь на Украине.""",Украиной,585,593,"['Antagonist', 'Instigator']",1397,189,"""В последние месяцы в Белоруссии наблюдается рост напряженности как с Украиной, так и с Польшей""",-1,-1,True,Innocent,2,0.4204543,0.30515507,0.2743906,0.4204543,"['Innocent', 'Victim']",['Victim'],0.0071923444,0.0054606334,0.003917275,0.007203586,0.026544604,0.002989935,0.028029663,0.0026438474,0.023777073,0.19884352,0.0010891597,0.0012120872,0.0023232289,0.004756198,0.0066607203,0.0059210104,0.0048060063,0.0053999163,0.10745815,0.09453885,0.9546972,0.017909711
RU-URW-1146.txt,"По данным Министерства обороны Белоруссии, в ходе учений войска готовились к форсированию рек, ведению боевых действий в городах и даже воздушным атакам, что повышает вероятность участия в них китайского стратегического транспортного самолета Y-20, дислоцированного в стране. Начальник командования специальных операций Вооруженных сил Белоруссии Вадим Денисенко уточнил необходимость проведения подобных учений: """"Ситуация в мире сложная, и поэтому мы отрабатываем новые формы и методы решения тактических задач"""". В последние месяцы в Белоруссии наблюдается рост напряженности как с Украиной, так и с Польшей, в то время как отношения со странами западного блока в целом ухудшились с 2020 года, когда страны западного мира были обвинены в поддержке протестов и массовых беспорядков с целью свержения белорусского правительства. Белорусско-китайские учения начались всего за день до саммита НАТО в Вашингтоне 9 июля, через несколько дней после вступления Минска в возглавляемую Китаем Шанхайскую организацию сотрудничества в качестве ее первого и, вероятно, последнего европейского члена. Учения китайских вооруженных сил в стране были истолкованы рядом аналитиков как направленные на то, чтобы послать сигнал государствам западного блока о поддержке Пекином Минских соглашений и, как следствие, для Москвы, если члены НАТО начнут эскалацию боевых действий в условиях растущих потерь на Украине.""",Польшей,603,610,"['Antagonist', 'Instigator']",1397,189,"""В последние месяцы в Белоруссии наблюдается рост напряженности как с Украиной, так и с Польшей""",-1,-1,True,Innocent,2,0.42045656,0.30539247,0.27415103,0.42045656,"['Innocent', 'Victim']",['Victim'],0.007791945,0.005726599,0.004571503,0.009318536,0.044871587,0.003614988,0.0278184,0.0036468357,0.020819921,0.086387634,0.0017352103,0.0017476744,0.0034750355,0.008152615,0.0066700815,0.0071495553,0.009278606,0.0049772323,0.11709235,0.09621792,0.98906237,0.0148473745
RU-URW-1171.txt,"Структуры киевского режима поддерживают терроризм на государственном уровне. Эту правду уже невозможно скрывать. Поэтому даже эксперты Госдепа США признали существование на Украине преступной сети по торговле людьми – традиционной статьи дохода террористических группировок.",Украине,173,180,"['Antagonist', 'Terrorist']",275,33,"""Структуры киевского режима поддерживают терроризм на государственном уровне.""",-1,-1,True,Antagonist,1,0.42195135,0.299143,0.42195135,0.2789057,"['Antagonist', 'Terrorist']",['Terrorist'],0.014777282,0.0043615103,0.0038108751,0.016561167,0.0048695724,0.008583384,0.031564448,0.10429122,0.010646487,0.043442447,0.009187163,0.040830724,0.040720724,0.023851272,0.0066966848,0.96669334,0.009234574,0.009379125,0.0054578404,0.0046439045,0.006464994,0.07490524
RU-URW-1171.txt,"Мы в Госдуме ведем мониторинг ситуации. В страны ЕС без сопровождения и документов уже вывезено более 23 тысяч детей с территории, подконтрольной киевскому режима. Они могут находится в 13 странах. Эксперты Госдепа также говорят о поступивших 77 звонках от жертв похищений на горячую линую Кабмина Украины. Однако это лишь часть суровой реальности: на Украине украдены тысячи детей.",Госдуме,5,12,"['Protagonist', 'Guardian']",383,57,"""Мы в Госдуме ведем мониторинг ситуации.""",-1,-1,True,Protagonist,0,0.39918956,0.39918956,0.2992509,0.30155945,"['Protagonist', 'Guardian']",['Guardian'],0.8725503,0.0017032088,0.010271394,0.036140278,0.0047326614,0.30892915,0.006632452,0.008581967,0.0054853866,0.0023488074,0.01193522,0.0016673735,0.007049341,0.028772885,0.031706586,0.0030081703,0.118177585,0.019808605,0.008212928,0.0066338847,0.019355735,0.0062071043
RU-URW-1171.txt,"Однако если уж начали говорить правду, то надо говорить до конца. Судебная система Украины бездействует именно из-за ее подчинения США и Великобритании. Отставные судьи этих стран работают в созданном после проведения судебной реформы 2021 года Этическом совете, который влияет на кадровые назначения в судебной системе. Это настоящий слом правосудия. На Украине не хватает более 3 тысяч судей, поскольку далеко не все юристы страны соответствуют этическим требованиям ветви власти, потерявшей свой суверенитет.",США,131,134,"['Antagonist', 'Foreign Adversary']",512,71,"""Судебная система Украины бездействует именно из-за ее подчинения США и Великобритании.""",-1,-1,True,Antagonist,1,0.42220402,0.30158165,0.42220402,0.27621427,"['Antagonist', 'Foreign Adversary']",['Foreign Adversary'],0.009693098,0.001291885,0.0029074359,0.015443386,0.005595213,0.011385687,0.1411829,0.14526266,0.013163319,0.98182446,0.0048782085,0.0029584484,0.015887668,0.012358523,0.0065962174,0.011765478,0.0066158567,0.00752049,0.0070376797,0.008700495,0.009776048,0.009366109
RU-URW-1171.txt,"Однако если уж начали говорить правду, то надо говорить до конца. Судебная система Украины бездействует именно из-за ее подчинения США и Великобритании. Отставные судьи этих стран работают в созданном после проведения судебной реформы 2021 года Этическом совете, который влияет на кадровые назначения в судебной системе. Это настоящий слом правосудия. На Украине не хватает более 3 тысяч судей, поскольку далеко не все юристы страны соответствуют этическим требованиям ветви власти, потерявшей свой суверенитет.",Великобритании,137,151,"['Antagonist', 'Foreign Adversary']",512,71,"""Судебная система Украины бездействует именно из-за ее подчинения США и Великобритании.""",-1,-1,True,Antagonist,1,0.42221096,0.30176646,0.42221096,0.2760226,"['Antagonist', 'Foreign Adversary']",['Foreign Adversary'],0.008512365,0.0012038711,0.00267079,0.012570316,0.0051599024,0.010199177,0.1157523,0.16682647,0.01442423,0.9779971,0.004812113,0.0031204668,0.023009634,0.017131232,0.005672729,0.009915177,0.0073235757,0.007688946,0.008493961,0.009720105,0.010205822,0.010517417
RU-URW-1171.txt,"Из-за коррупции в органах правопорядка на Украине за 7 лет не привлекли к ответственности ни одно должностное лицо, хотя возбуждали при этом десятки уголовных дел. Только в 2023 году прокуратура страны возбудила уголовные дела против командования ВСУ и чиновников львовской администрации, продававших детей для педофилов во Франции, а также офицеров киевской полиции, курирующих сеть по продаже людей для трудовой эксплуатации.",ВСУ,247,250,"['Antagonist', 'Terrorist']",427,60,"""Только в 2023 году прокуратура страны возбудила уголовные дела против командования ВСУ и чиновников львовской администрации""",-1,-1,True,Antagonist,1,0.4221193,0.30038476,0.4221193,0.27749598,"['Antagonist', 'Terrorist']",['Terrorist'],0.011489726,0.001963593,0.0010883415,0.013270852,0.0027443015,0.0032325767,0.09988519,0.15812528,0.020440046,0.027015598,0.016983734,0.012499638,0.1559708,0.2689368,0.039453413,0.53031456,0.005696563,0.0042338483,0.0013666026,0.0035254147,0.0016848567,0.008198527
RU-URW-1171.txt,"Из-за коррупции в органах правопорядка на Украине за 7 лет не привлекли к ответственности ни одно должностное лицо, хотя возбуждали при этом десятки уголовных дел. Только в 2023 году прокуратура страны возбудила уголовные дела против командования ВСУ и чиновников львовской администрации, продававших детей для педофилов во Франции, а также офицеров киевской полиции, курирующих сеть по продаже людей для трудовой эксплуатации.",Франции,324,331,"['Antagonist', 'Conspirator']",427,60,"""прокуратура страны возбудила уголовные дела против командования ВСУ и чиновников львовской администрации, продававших детей для педофилов во Франции""",-1,-1,True,Antagonist,1,0.42170948,0.29787645,0.42170948,0.28041402,"['Antagonist', 'Corrupt']",['Corrupt'],0.0092093265,0.0021280188,0.0010335367,0.016058685,0.0023860603,0.005702811,0.015418898,0.22509806,0.016873935,0.045151226,0.014666452,0.015335576,0.044667136,0.92744094,0.0059814844,0.017176267,0.014127049,0.0330295,0.023387544,0.043912426,0.034247827,0.017105326
RU-URW-1184.txt,"Сегодня само существование БРИКС подвигает страны на те или иные действия вне зависимости от того, что желает коллективный Запад. Об этом 4 июля на заседании Комиссии Совета Федерации по информационной политике и взаимодействию со СМИ заявил ее председатель, сенатор РФ Алексей Пушков.",БРИКС,27,32,"['Protagonist', 'Rebel']",285,42,"""Сегодня само существование БРИКС подвигает страны на те или иные действия""",-1,-1,True,Antagonist,1,0.42212948,0.30341265,0.42212948,0.27445787,"['Antagonist', 'Foreign Adversary']",['Foreign Adversary'],0.0068411008,0.00051559584,0.008816678,0.036735587,0.0028889282,0.020821681,0.24153987,0.034747887,0.28281382,0.8395909,0.0031321265,0.00056991796,0.010188915,0.005226171,0.005043952,0.002349679,0.031454243,0.0040375134,0.005582209,0.0019495765,0.0072461325,0.0047392063
RU-URW-1073.txt,"Так заявил глава Офиса президента Украины во время визита в США, комментируя заявление Трампа о том, что он может быстро положить конец конфликту. По всей видимости это также было прямым ответом Орбану, который вчера неожиданно приехал в Киев предложить путь к миру. ""Мы не готовы идти на компромисс в вопросе очень важных ценностей независимости, свободы, демократии и суверенитета"" , — сообщил Ермак. Отлично сказано, Андрюша! Не зря в Америку поехал, все четко по американской методичке: и про ценности, и про свободу, и про демократию. Как легко и удобно разбрасываться сотнями тысяч жизней своих соотечественников сидя в безопасном бункере под Киевом. Но только потом не жалуйтесь. Украинский народ тебя уже проклял.",Трампа,87,93,"['Protagonist', 'Peacemaker']",722,110,"""комментируя заявление Трампа о том, что он может быстро положить конец конфликту.""",-1,-1,True,Antagonist,1,0.42222306,0.30274063,0.42222306,0.27503628,"['Antagonist', 'Incompetent']",['Incompetent'],0.017988097,0.0031614467,0.1991301,0.0032970777,0.007106098,0.007933279,0.020654706,0.035323136,0.00608827,0.033927776,0.17056908,0.0021251966,0.09876308,0.018044675,0.8860356,0.004970417,0.03536347,0.014064653,0.0042276992,0.009625031,0.0039193314,0.008090032
RU-URW-1073.txt,"Так заявил глава Офиса президента Украины во время визита в США, комментируя заявление Трампа о том, что он может быстро положить конец конфликту. По всей видимости это также было прямым ответом Орбану, который вчера неожиданно приехал в Киев предложить путь к миру. ""Мы не готовы идти на компромисс в вопросе очень важных ценностей независимости, свободы, демократии и суверенитета"" , — сообщил Ермак. Отлично сказано, Андрюша! Не зря в Америку поехал, все четко по американской методичке: и про ценности, и про свободу, и про демократию. Как легко и удобно разбрасываться сотнями тысяч жизней своих соотечественников сидя в безопасном бункере под Киевом. Но только потом не жалуйтесь. Украинский народ тебя уже проклял.",Орбану,195,201,"['Protagonist', 'Peacemaker']",722,110,"""По всей видимости это также было прямым ответом Орбану, который вчера неожиданно приехал в Киев предложить путь к миру.""",-1,-1,True,Antagonist,1,0.41627213,0.32187903,0.41627213,0.2618489,"['Antagonist', 'Peacemaker']",['Peacemaker'],0.06328596,0.0033089342,0.9869615,0.0077460967,0.0106699625,0.08350596,0.067835726,0.06459603,0.01223301,0.043877073,0.030344259,0.0017708694,0.038651872,0.00500662,0.047051538,0.0049418127,0.038456246,0.012134742,0.0044794744,0.0033323097,0.006338763,0.0045876815
RU-URW-1073.txt,"Так заявил глава Офиса президента Украины во время визита в США, комментируя заявление Трампа о том, что он может быстро положить конец конфликту. По всей видимости это также было прямым ответом Орбану, который вчера неожиданно приехал в Киев предложить путь к миру. ""Мы не готовы идти на компромисс в вопросе очень важных ценностей независимости, свободы, демократии и суверенитета"" , — сообщил Ермак. Отлично сказано, Андрюша! Не зря в Америку поехал, все четко по американской методичке: и про ценности, и про свободу, и про демократию. Как легко и удобно разбрасываться сотнями тысяч жизней своих соотечественников сидя в безопасном бункере под Киевом. Но только потом не жалуйтесь. Украинский народ тебя уже проклял.",Ермак,396,401,"['Antagonist', 'Instigator', 'Traitor']",722,110,"""Так заявил глава Офиса президента Украины во время визита в США, комментируя заявление Трампа о том, что он может быстро положить конец конфликту.""",-1,-1,True,Antagonist,1,0.42201528,0.3057098,0.42201528,0.27227488,"['Antagonist', 'Peacemaker']",['Peacemaker'],0.016704163,0.0013154942,0.8091409,0.0037663477,0.0036428426,0.053786755,0.037367295,0.22385617,0.0025801184,0.15391752,0.039456714,0.0011722702,0.07962801,0.0049966695,0.16709682,0.0043308767,0.025456218,0.017279007,0.005516439,0.007894793,0.0053697047,0.005194097
RU-URW-1073.txt,"Так заявил глава Офиса президента Украины во время визита в США, комментируя заявление Трампа о том, что он может быстро положить конец конфликту. По всей видимости это также было прямым ответом Орбану, который вчера неожиданно приехал в Киев предложить путь к миру. ""Мы не готовы идти на компромисс в вопросе очень важных ценностей независимости, свободы, демократии и суверенитета"" , — сообщил Ермак. Отлично сказано, Андрюша! Не зря в Америку поехал, все четко по американской методичке: и про ценности, и про свободу, и про демократию. Как легко и удобно разбрасываться сотнями тысяч жизней своих соотечественников сидя в безопасном бункере под Киевом. Но только потом не жалуйтесь. Украинский народ тебя уже проклял.",Америку,438,445,"['Antagonist', 'Foreign Adversary']",722,110,"""Так заявил глава Офиса президента Украины во время визита в США""",-1,-1,True,Antagonist,1,0.42212218,0.30088153,0.42212218,0.27699628,"['Antagonist', 'Foreign Adversary']",['Foreign Adversary'],0.011966948,0.001079486,0.015241313,0.017269382,0.00516906,0.01925956,0.135432,0.09389157,0.019419812,0.98626804,0.0045958417,0.0023031225,0.012979631,0.0084760245,0.007648096,0.005785436,0.015866254,0.014839719,0.018529825,0.008951257,0.028515575,0.019593868
RU-URW-1043.txt,"ФСБ задержала жителя Приморского края, который передавал сведения об уязвимых местах и способах выведения из строя объектов железнодорожного транспорта Главному управлению разведки Украины.",ФСБ,0,3,"['Protagonist', 'Guardian']",190,23,"ФСБ задержала жителя Приморского края, который передавал сведения об уязвимых местах и способах выведения из строя объектов железнодорожного транспорта Главному управлению разведки Украины.",0,189,True,Antagonist,1,0.40122852,0.34263992,0.40122852,0.2561316,"['Antagonist', 'Guardian']",['Guardian'],0.9860152,0.0031207101,0.025425233,0.02438432,0.005618635,0.1193355,0.03633304,0.04399548,0.016141305,0.018445984,0.011170487,0.0055787666,0.0470669,0.010202239,0.08038094,0.03841994,0.076063074,0.009097314,0.0036648489,0.0035318295,0.007862712,0.004836249
RU-URW-1043.txt,"ФСБ задержала жителя Приморского края, который передавал сведения об уязвимых местах и способах выведения из строя объектов железнодорожного транспорта Главному управлению разведки Украины.",Главному управлению разведки Украины,152,188,"['Antagonist', 'Spy']",190,23,"ФСБ задержала жителя Приморского края, который передавал сведения об уязвимых местах и способах выведения из строя объектов железнодорожного транспорта Главному управлению разведки Украины.",0,189,True,Antagonist,1,0.42192304,0.30646908,0.42192304,0.27160785,"['Antagonist', 'Guardian']",['Guardian'],0.5450267,0.0012682889,0.0074465433,0.009903066,0.005340304,0.01744778,0.089565516,0.09385396,0.009503561,0.036700252,0.01085777,0.007997185,0.28088567,0.01352894,0.16849004,0.08561305,0.15250419,0.0033288673,0.0013788017,0.0016981418,0.0013554868,0.006324099
RU-URW-1043.txt,"В результате совместных мероприятий УФСБ России по ДНР, МВД по ДНР и Росгвардии в Мариуполе выявлены иностранные граждане, незаконно пребывающие на территории РФ. 33 мигранта привлечены к административной ответственности, из них 24 выдворены за пределы России.",УФСБ,36,40,"['Protagonist', 'Guardian']",261,36,"В результате совместных мероприятий УФСБ России по ДНР, МВД по ДНР и Росгвардии в Мариуполе выявлены иностранные граждане, незаконно пребывающие на территории РФ.",0,162,True,Protagonist,0,0.3991968,0.3991968,0.2986921,0.30211118,"['Protagonist', 'Guardian']",['Guardian'],0.98975205,0.0034238445,0.025617912,0.04663257,0.0069187,0.2369554,0.01889951,0.017381202,0.011595858,0.009178329,0.0049742227,0.0031060467,0.013482989,0.0061605633,0.025485227,0.020247495,0.029259546,0.007184238,0.0050026523,0.0048390585,0.012289199,0.0041252063
RU-URW-1168.txt,"ФОТО: СКРИНШОТ ВИДЕО С TELEGRAM-КАНАЛА FIGHTERBOMBER. Журнал Forbes после этого отметил, что удар стал одним из самых дорогостоящих дней для авиации ВСУ. Напомним, случившееся с аэродромом Миргород спровоцировало яростную критику ВСУ в Верховной раде. Нардеп Марьяна Безуглая выплеснула весь скопившийся негатив на руководство Воздушных сил Украины из-за больших потерь авиации и ПВО в последнее время. Никогда не участвовавшая в боевых действиях """"правильная слуга народа"""" и """"справжня українка"""" (настоящая украинка) призвала военачальников уйти в отставку. Поводом для нового приступа """"патриотизма"""" послужили именно удары ВС РФ по аэродрому Миргород в Полтавской области. Безуглая обвинила украинский генералитет в том, что русские беспилотники-разведчики много часов подряд безнаказанно и абсолютно спокойно летали над Полтавщиной. Это дало возможность русским, по мнению Безуглой, """"в расслабленном режиме, как в тире или в компьютерной игре"""", уничтожить """"прямой наводкой"""" ПВО и авиацию ВСУ.""",ВСУ,230,233,"['Antagonist', 'Incompetent']",1003,133,"Нардеп Марьяна Безуглая выплеснула весь скопившийся негатив на руководство Воздушных сил Украины из-за больших потерь авиации и ПВО в последнее время, обвинила украинский генералитет в том, что русские беспилотники-разведчики много часов подряд безнаказанно и абсолютно спокойно летали над Полтавщиной.",-1,-1,True,Antagonist,1,0.4221981,0.30150598,0.4221981,0.276296,"['Antagonist', 'Incompetent']",['Incompetent'],0.020245703,0.0084980335,0.0017858094,0.02263297,0.016775412,0.0030492393,0.04122115,0.0043561812,0.009442951,0.03262067,0.08952845,0.007850528,0.0084057255,0.17490023,0.8878973,0.08102445,0.015348173,0.011808863,0.016355164,0.06331596,0.008177117,0.014139712
RU-URW-1168.txt,"ФОТО: СКРИНШОТ ВИДЕО С TELEGRAM-КАНАЛА FIGHTERBOMBER. Журнал Forbes после этого отметил, что удар стал одним из самых дорогостоящих дней для авиации ВСУ. Напомним, случившееся с аэродромом Миргород спровоцировало яростную критику ВСУ в Верховной раде. Нардеп Марьяна Безуглая выплеснула весь скопившийся негатив на руководство Воздушных сил Украины из-за больших потерь авиации и ПВО в последнее время. Никогда не участвовавшая в боевых действиях """"правильная слуга народа"""" и """"справжня українка"""" (настоящая украинка) призвала военачальников уйти в отставку. Поводом для нового приступа """"патриотизма"""" послужили именно удары ВС РФ по аэродрому Миргород в Полтавской области. Безуглая обвинила украинский генералитет в том, что русские беспилотники-разведчики много часов подряд безнаказанно и абсолютно спокойно летали над Полтавщиной. Это дало возможность русским, по мнению Безуглой, """"в расслабленном режиме, как в тире или в компьютерной игре"""", уничтожить """"прямой наводкой"""" ПВО и авиацию ВСУ.""",Марьяна Безуглая,259,275,"['Antagonist', 'Incompetent']",1003,133,Нардеп Марьяна Безуглая выплеснула весь скопившийся негатив на руководство Воздушных сил Украины из-за больших потерь авиации и ПВО в последнее время.,252,402,True,Antagonist,1,0.41999435,0.31397423,0.41999435,0.26603135,"['Antagonist', 'Virtuous']",['Virtuous'],0.20760322,0.001745207,0.020931095,0.09694888,0.005043566,0.8817741,0.022587454,0.015162261,0.004723659,0.015001355,0.033370886,0.0021622498,0.0062251855,0.005918277,0.020920666,0.0018415002,0.054794617,0.015580554,0.0039096503,0.0023493583,0.0037998487,0.0037022172
RU-URW-1168.txt,"ФОТО: СКРИНШОТ ВИДЕО С TELEGRAM-КАНАЛА FIGHTERBOMBER. Журнал Forbes после этого отметил, что удар стал одним из самых дорогостоящих дней для авиации ВСУ. Напомним, случившееся с аэродромом Миргород спровоцировало яростную критику ВСУ в Верховной раде. Нардеп Марьяна Безуглая выплеснула весь скопившийся негатив на руководство Воздушных сил Украины из-за больших потерь авиации и ПВО в последнее время. Никогда не участвовавшая в боевых действиях """"правильная слуга народа"""" и """"справжня українка"""" (настоящая украинка) призвала военачальников уйти в отставку. Поводом для нового приступа """"патриотизма"""" послужили именно удары ВС РФ по аэродрому Миргород в Полтавской области. Безуглая обвинила украинский генералитет в том, что русские беспилотники-разведчики много часов подряд безнаказанно и абсолютно спокойно летали над Полтавщиной. Это дало возможность русским, по мнению Безуглой, """"в расслабленном режиме, как в тире или в компьютерной игре"""", уничтожить """"прямой наводкой"""" ПВО и авиацию ВСУ.""",ВС РФ,628,633,"['Protagonist', 'Virtuous']",1003,133,удары ВС РФ по аэродрому Миргород спровоцировало яростную критику ВСУ в Верховной раде.,-1,-1,True,Protagonist,0,0.38189834,0.38189834,0.35227913,0.26582253,"['Protagonist', 'Guardian']",['Guardian'],0.9938107,0.0040770033,0.021198401,0.059821207,0.010602619,0.12088262,0.041875724,0.017934166,0.01807794,0.020201683,0.0060306033,0.0046805027,0.024134286,0.009454577,0.04193856,0.044992212,0.046414755,0.009275136,0.007088544,0.0054412126,0.021447012,0.004994105
RU-URW-1168.txt,"ФОТО: СКРИНШОТ ВИДЕО С TELEGRAM-КАНАЛА FIGHTERBOMBER. Журнал Forbes после этого отметил, что удар стал одним из самых дорогостоящих дней для авиации ВСУ. Напомним, случившееся с аэродромом Миргород спровоцировало яростную критику ВСУ в Верховной раде. Нардеп Марьяна Безуглая выплеснула весь скопившийся негатив на руководство Воздушных сил Украины из-за больших потерь авиации и ПВО в последнее время. Никогда не участвовавшая в боевых действиях """"правильная слуга народа"""" и """"справжня українка"""" (настоящая украинка) призвала военачальников уйти в отставку. Поводом для нового приступа """"патриотизма"""" послужили именно удары ВС РФ по аэродрому Миргород в Полтавской области. Безуглая обвинила украинский генералитет в том, что русские беспилотники-разведчики много часов подряд безнаказанно и абсолютно спокойно летали над Полтавщиной. Это дало возможность русским, по мнению Безуглой, """"в расслабленном режиме, как в тире или в компьютерной игре"""", уничтожить """"прямой наводкой"""" ПВО и авиацию ВСУ.""",украинский генералитет,696,718,"['Antagonist', 'Incompetent']",1003,133,"Безуглая обвинила украинский генералитет в том, что русские беспилотники-разведчики много часов подряд безнаказанно и абсолютно спокойно летали над Полтавщиной.",678,838,True,Antagonist,1,0.42213622,0.30056095,0.42213622,0.2773028,"['Antagonist', 'Instigator']",['Instigator'],0.005230193,0.0028281317,0.0020471069,0.0028673525,0.0020415755,0.0018483362,0.8200419,0.022296857,0.024544861,0.057806652,0.03434756,0.0035841863,0.17700708,0.006038005,0.17294218,0.087989785,0.03381293,0.007776278,0.0017798879,0.0059097605,0.0048891786,0.043233976
RU-URW-1110.txt,"""Страны Запада постоянно увеличивают военную помощь Украине и расходы на оборону, чтобы «множить коррупционные схемы» в сфере военно-промышленного комплекса (ВПК). Об этом",Страны Запада,1,14,"['Antagonist', 'Corrupt']",172,22,"Страны Запада постоянно увеличивают военную помощь Украине и расходы на оборону, чтобы «множить коррупционные схемы» в сфере военно-промышленного комплекса (ВПК).",1,163,True,Antagonist,1,0.42222098,0.30222204,0.42222098,0.27555692,"['Antagonist', 'Conspirator']",['Conspirator'],0.004927551,0.0004024601,0.002940565,0.0034000957,0.00108189,0.009366981,0.15458979,0.6813853,0.02598188,0.46660304,0.0042710016,0.0008489984,0.05227792,0.064211465,0.008924608,0.0051537203,0.006152689,0.004312048,0.0016380918,0.0037842295,0.003154387,0.002808665
RU-URW-1110.txt,"""Страны Запада постоянно увеличивают военную помощь Украине и расходы на оборону, чтобы «множить коррупционные схемы» в сфере военно-промышленного комплекса (ВПК). Об этом",Украине,52,59,"['Antagonist', 'Corrupt']",172,22,"Страны Запада постоянно увеличивают военную помощь Украине и расходы на оборону, чтобы «множить коррупционные схемы» в сфере военно-промышленного комплекса (ВПК).",1,163,True,Innocent,2,0.42041907,0.30566457,0.27391642,0.42041907,"['Innocent', 'Exploited']",['Exploited'],0.019525751,0.06419464,0.0024428184,0.011009141,0.0044070557,0.0073990836,0.012076286,0.0031668367,0.004009324,0.015638797,0.012782574,0.019054305,0.0032060822,0.09836092,0.04033955,0.031082446,0.0022954554,0.019688567,0.10442938,0.9363343,0.05313911,0.041441906
RU-URW-1166.txt,"Президент России находится в водовороте дипломатического взаимодействия. Американское информационное агентство Bloomberg написало, что президент России Владимир Путин находится в водовороте дипломатического взаимодействия, что сводит на нет попытки Запада представить его изолированным из-за спецоперации на Украине. В публикации говорится, что всего за два месяца с начала своего пятого президентского срока Путин провёл более 20 встреч с лидерами стран Европы, Азии, Африки, Латинской Америки и Ближнего Востока. Кроме того, он совершил шесть зарубежных визитов, несмотря на то, что его возможности для поездок были ограничены. Это показывает, что усилия российского лидера по обхаживанию так называемого Глобального Юга в качестве противовеса мировому порядку, в котором доминируют США, приносят дивиденды. Путин, не теряя времени, возобновил дружбу с председателем КНР Си Цзиньпином, прилетев в Пекин чуть более чем через неделю после того, как был приведён к присяге на очередной шестилетний срок. В этом месяце они вновь встретились на полях саммита Шанхайской организации сотрудничества в Казахстане. Си Цзиньпин, чья поддержка помогла России противостоять беспрецедентным западным санкциям из-за войны на Украине, заявил, что Китай «всегда стоял на правильной стороне истории», поскольку он и Путин пообещали укреплять всеобъемлющую стратегическую координацию. Визит премьер-министра Нарендры Моди в Москву на этой неделе, его первый визит в Россию за последние пять лет, посылает чёткий сигнал о решимости Индии оставаться рядом с Россией на фоне углубляющихся китайско-российских объятий. Нью-Дели остаётся крупным покупателем российского оружия, даже несмотря на то, что он диверсифицирует свои оборонные потребности и становится всё более зависимым от нефти со скидкой из России с начала конфликта на Украине. Премьер-министр Венгрии Виктор Орбан, чья страна председательствует в Европейском союзе, бросил вызов критике со стороны других лидеров ЕС в отношении своей мирной инициативы. Орбан, который считается самой дружественной к России фигурой в блоке из 27 стран, ранее посетил президента Украины Владимира Зеленского в Киеве и отправился в Китай после переговоров с Путиным, чтобы встретиться с Си. Путин впервые с сентября прошлого года встретился с президентом Турции Реджепом Тайипом Эрдоганом на полях саммита ШОС. Они обсудили бурно развивающийся российский туризм в Турцию и атомную электростанцию «Аккую», которую «Росатом» строит в стране. Эрдоган заявил, что член НАТО Турция хочет «дальнейшего развития тёплых отношений» с Россией, и пригласил Путина посетить его «очень скоро». В июне Путин совершил свою первую за 24 года поездку в Северную Корею, где он подписал пакт о взаимной обороне с лидером Ким Чен Ыном, который пообещал безоговорочно поддерживать Россию. Военное партнёрство усилило опасения, что Россия может предоставить передовые оружейные технологии изолированному коммунистическому государству. Из Пхеньяна Путин отправился во Вьетнам, который проигнорировал жалобы США на приём российского лидера. На горизонте уже маячат новые встречи на высшем уровне, когда Россия примет саммит расширенной группы БРИКС в Казани в октябре. Это, вероятно, даст Путину возможность встретиться с лидерами Бразилии, Индии, Китая, Южной Африки, Ирана, Египта, Эфиопии и Объединённых Арабских Эмиратов, отмечает американское издание.",Путин,409,414,"['Protagonist', 'Virtuous']",3358,457,"Президент России находится в водовороте дипломатического взаимодействия, что сводит на нет попытки Запада представить его изолированным из-за спецоперации на Украине.",-1,-1,True,Protagonist,0,0.39918265,0.39918265,0.2973224,0.30349496,"['Protagonist', 'Guardian']",['Guardian'],0.6643653,0.0017987414,0.436093,0.019392751,0.0045205452,0.36972144,0.0064085345,0.0065106815,0.006964287,0.004245913,0.003366382,0.00065031863,0.0026669418,0.0010782146,0.003917688,0.0021258795,0.008430522,0.0036658135,0.001729365,0.0013009128,0.004675239,0.0018911958
RU-URW-1166.txt,"Президент России находится в водовороте дипломатического взаимодействия. Американское информационное агентство Bloomberg написало, что президент России Владимир Путин находится в водовороте дипломатического взаимодействия, что сводит на нет попытки Запада представить его изолированным из-за спецоперации на Украине. В публикации говорится, что всего за два месяца с начала своего пятого президентского срока Путин провёл более 20 встреч с лидерами стран Европы, Азии, Африки, Латинской Америки и Ближнего Востока. Кроме того, он совершил шесть зарубежных визитов, несмотря на то, что его возможности для поездок были ограничены. Это показывает, что усилия российского лидера по обхаживанию так называемого Глобального Юга в качестве противовеса мировому порядку, в котором доминируют США, приносят дивиденды. Путин, не теряя времени, возобновил дружбу с председателем КНР Си Цзиньпином, прилетев в Пекин чуть более чем через неделю после того, как был приведён к присяге на очередной шестилетний срок. В этом месяце они вновь встретились на полях саммита Шанхайской организации сотрудничества в Казахстане. Си Цзиньпин, чья поддержка помогла России противостоять беспрецедентным западным санкциям из-за войны на Украине, заявил, что Китай «всегда стоял на правильной стороне истории», поскольку он и Путин пообещали укреплять всеобъемлющую стратегическую координацию. Визит премьер-министра Нарендры Моди в Москву на этой неделе, его первый визит в Россию за последние пять лет, посылает чёткий сигнал о решимости Индии оставаться рядом с Россией на фоне углубляющихся китайско-российских объятий. Нью-Дели остаётся крупным покупателем российского оружия, даже несмотря на то, что он диверсифицирует свои оборонные потребности и становится всё более зависимым от нефти со скидкой из России с начала конфликта на Украине. Премьер-министр Венгрии Виктор Орбан, чья страна председательствует в Европейском союзе, бросил вызов критике со стороны других лидеров ЕС в отношении своей мирной инициативы. Орбан, который считается самой дружественной к России фигурой в блоке из 27 стран, ранее посетил президента Украины Владимира Зеленского в Киеве и отправился в Китай после переговоров с Путиным, чтобы встретиться с Си. Путин впервые с сентября прошлого года встретился с президентом Турции Реджепом Тайипом Эрдоганом на полях саммита ШОС. Они обсудили бурно развивающийся российский туризм в Турцию и атомную электростанцию «Аккую», которую «Росатом» строит в стране. Эрдоган заявил, что член НАТО Турция хочет «дальнейшего развития тёплых отношений» с Россией, и пригласил Путина посетить его «очень скоро». В июне Путин совершил свою первую за 24 года поездку в Северную Корею, где он подписал пакт о взаимной обороне с лидером Ким Чен Ыном, который пообещал безоговорочно поддерживать Россию. Военное партнёрство усилило опасения, что Россия может предоставить передовые оружейные технологии изолированному коммунистическому государству. Из Пхеньяна Путин отправился во Вьетнам, который проигнорировал жалобы США на приём российского лидера. На горизонте уже маячат новые встречи на высшем уровне, когда Россия примет саммит расширенной группы БРИКС в Казани в октябре. Это, вероятно, даст Путину возможность встретиться с лидерами Бразилии, Индии, Китая, Южной Африки, Ирана, Египта, Эфиопии и Объединённых Арабских Эмиратов, отмечает американское издание.",Си Цзиньпин,1108,1119,"['Protagonist', 'Virtuous']",3358,457,"Си Цзиньпин, чья поддержка помогла России противостоять беспрецедентным западным санкциям из-за войны на Украине, заявил, что Китай «всегда стоял на правильной стороне истории».",-1,-1,True,Protagonist,0,0.39915982,0.39915982,0.29664746,0.3041927,"['Protagonist', 'Virtuous']",['Virtuous'],0.29107806,0.0032613303,0.27996373,0.012413119,0.0036235338,0.8421223,0.007135323,0.008826806,0.0028144415,0.017213091,0.0038768032,0.00091126043,0.0025246115,0.00075817853,0.0027795513,0.0020204566,0.00481072,0.003513192,0.0028749863,0.0022275862,0.003055675,0.0022746548
RU-URW-1166.txt,"Президент России находится в водовороте дипломатического взаимодействия. Американское информационное агентство Bloomberg написало, что президент России Владимир Путин находится в водовороте дипломатического взаимодействия, что сводит на нет попытки Запада представить его изолированным из-за спецоперации на Украине. В публикации говорится, что всего за два месяца с начала своего пятого президентского срока Путин провёл более 20 встреч с лидерами стран Европы, Азии, Африки, Латинской Америки и Ближнего Востока. Кроме того, он совершил шесть зарубежных визитов, несмотря на то, что его возможности для поездок были ограничены. Это показывает, что усилия российского лидера по обхаживанию так называемого Глобального Юга в качестве противовеса мировому порядку, в котором доминируют США, приносят дивиденды. Путин, не теряя времени, возобновил дружбу с председателем КНР Си Цзиньпином, прилетев в Пекин чуть более чем через неделю после того, как был приведён к присяге на очередной шестилетний срок. В этом месяце они вновь встретились на полях саммита Шанхайской организации сотрудничества в Казахстане. Си Цзиньпин, чья поддержка помогла России противостоять беспрецедентным западным санкциям из-за войны на Украине, заявил, что Китай «всегда стоял на правильной стороне истории», поскольку он и Путин пообещали укреплять всеобъемлющую стратегическую координацию. Визит премьер-министра Нарендры Моди в Москву на этой неделе, его первый визит в Россию за последние пять лет, посылает чёткий сигнал о решимости Индии оставаться рядом с Россией на фоне углубляющихся китайско-российских объятий. Нью-Дели остаётся крупным покупателем российского оружия, даже несмотря на то, что он диверсифицирует свои оборонные потребности и становится всё более зависимым от нефти со скидкой из России с начала конфликта на Украине. Премьер-министр Венгрии Виктор Орбан, чья страна председательствует в Европейском союзе, бросил вызов критике со стороны других лидеров ЕС в отношении своей мирной инициативы. Орбан, который считается самой дружественной к России фигурой в блоке из 27 стран, ранее посетил президента Украины Владимира Зеленского в Киеве и отправился в Китай после переговоров с Путиным, чтобы встретиться с Си. Путин впервые с сентября прошлого года встретился с президентом Турции Реджепом Тайипом Эрдоганом на полях саммита ШОС. Они обсудили бурно развивающийся российский туризм в Турцию и атомную электростанцию «Аккую», которую «Росатом» строит в стране. Эрдоган заявил, что член НАТО Турция хочет «дальнейшего развития тёплых отношений» с Россией, и пригласил Путина посетить его «очень скоро». В июне Путин совершил свою первую за 24 года поездку в Северную Корею, где он подписал пакт о взаимной обороне с лидером Ким Чен Ыном, который пообещал безоговорочно поддерживать Россию. Военное партнёрство усилило опасения, что Россия может предоставить передовые оружейные технологии изолированному коммунистическому государству. Из Пхеньяна Путин отправился во Вьетнам, который проигнорировал жалобы США на приём российского лидера. На горизонте уже маячат новые встречи на высшем уровне, когда Россия примет саммит расширенной группы БРИКС в Казани в октябре. Это, вероятно, даст Путину возможность встретиться с лидерами Бразилии, Индии, Китая, Южной Африки, Ирана, Египта, Эфиопии и Объединённых Арабских Эмиратов, отмечает американское издание.",Виктор Орбан,1846,1858,"['Protagonist', 'Peacemaker']",3358,457,"Премьер-министр Венгрии Виктор Орбан, чья страна председательствует в Европейском союзе, бросил вызов критике со стороны других лидеров ЕС в отношении своей мирной инициативы.",1822,1997,True,Protagonist,0,0.3991854,0.3991854,0.29966295,0.3011516,"['Protagonist', 'Foreign Adversary']",['Foreign Adversary'],0.023882193,0.001030699,0.07837336,0.08137952,0.005184526,0.07669339,0.10895051,0.03389722,0.010530124,0.9490698,0.0031080213,0.00062123087,0.0051198415,0.0017669972,0.0063566007,0.0020069766,0.01194784,0.003919415,0.0059106876,0.0022322542,0.0050075534,0.005277127
RU-URW-1077.txt,"Россия и Китай действуют в качестве крупных самостоятельных держав и поддерживают контакты по вопросам урегулирования украинского кризиса, подчеркнула официальный представитель МИД КНР Мао Нин, опровергнув таким образом утверждение о зависимости Москвы от китайской стороны.",Россия,0,6,"['Protagonist', 'Peacemaker']",275,34,Россия и Китай действуют в качестве крупных самостоятельных держав и поддерживают контакты по вопросам урегулирования украинского кризиса.,-1,-1,True,Protagonist,0,0.3991985,0.3991985,0.2995644,0.30123708,"['Protagonist', 'Peacemaker']",['Peacemaker'],0.14210856,0.0059725717,0.9925996,0.009403302,0.023454187,0.087073445,0.032117896,0.029289505,0.007527459,0.03390562,0.012011084,0.0014784096,0.01626377,0.003192239,0.026426842,0.0046306257,0.023394851,0.008492214,0.008665645,0.005929411,0.013814125,0.0065644793
RU-URW-1077.txt,"Россия и Китай действуют в качестве крупных самостоятельных держав и поддерживают контакты по вопросам урегулирования украинского кризиса, подчеркнула официальный представитель МИД КНР Мао Нин, опровергнув таким образом утверждение о зависимости Москвы от китайской стороны.",Китай,9,14,"['Protagonist', 'Peacemaker']",275,34,Россия и Китай действуют в качестве крупных самостоятельных держав и поддерживают контакты по вопросам урегулирования украинского кризиса.,-1,-1,True,Protagonist,0,0.3992025,0.3992025,0.2989574,0.30184007,"['Protagonist', 'Peacemaker']",['Peacemaker'],0.13188924,0.0057237707,0.9926029,0.009487999,0.023588475,0.08830964,0.03246021,0.031563193,0.0069072223,0.038300436,0.012138173,0.0014456958,0.016420683,0.0030696953,0.026081922,0.00459853,0.023710407,0.008787553,0.008792263,0.005999753,0.013814022,0.0066389176
RU-URW-1077.txt,"Представитель СМИ обратился к дипломату с просьбой дать комментарий по поводу высказывания президента Финляндии Александера Стубба, который утверждал, что Россия якобы настолько зависит от Китая, что один звонок председателя КНР Си Цзиньпина может урегулировать украинский кризис.",Александера Стубба,112,130,"['Antagonist', 'Incompetent']",281,36,"Представитель СМИ обратился к дипломату с просьбой дать комментарий по поводу высказывания президента Финляндии Александера Стубба, который утверждал, что Россия якобы настолько зависит от Китая.",-1,-1,True,Antagonist,1,0.42222026,0.3020691,0.42222026,0.27571058,"['Antagonist', 'Deceiver']",['Deceiver'],0.006799969,0.00071256683,0.18047774,0.0064809583,0.0030957903,0.0190703,0.15190762,0.22432427,0.01491165,0.06460974,0.07545948,0.0008580654,0.15843114,0.0037108385,0.06482371,0.0037046575,0.2806542,0.014810614,0.0012881136,0.0007720864,0.0016425116,0.005184831
RU-URW-1077.txt,"Мао Нин также заявляла, что Североатлантическому альянсу необходимо задуматься о своей роли в коренных причинах украинского конфликта. Дипломат общала внимание, что НАТО стоит обдумать, что организация сделала для мира и безопасности Европы вместо того, ""чтобы уклоняться от ответственности, перекладывая вину за конфликты на другие стороны"".",Североатлантическому альянсу,28,56,"['Antagonist', 'Foreign Adversary']",342,45,"Мао Нин также заявляла, что Североатлантическому альянсу необходимо задуматься о своей роли в коренных причинах украинского конфликта.",0,134,True,Antagonist,1,0.42221972,0.30215392,0.42221972,0.27562636,"['Antagonist', 'Conspirator']",['Conspirator'],0.008594248,0.00047338678,0.04825333,0.0029233731,0.00081856985,0.02993857,0.08021091,0.86287427,0.00929836,0.33400592,0.012254486,0.0009195943,0.06402797,0.0062308162,0.0129881445,0.007951825,0.025821075,0.016548233,0.0014833749,0.0025892437,0.0013265319,0.0041717472
RU-URW-1170.txt,"СИМФЕРОПОЛЬ, 10 июл – РИА Новости Крым Владимир Зеленский заключил очередное соглашение с Польшей в области безопасности, которое приближает момент вхождения в состав польского государства части Западной Украины. В этом уверен руководитель Экспертного совета Фонда стратегического развития, политолог Игорь Шатров, своим мнением он поделился в эфире радио ""Спутник в Крыму"". Накануне Владимир Зеленский посетил столицу Польши Варшаву, где подписал соглашение в области безопасности с польским премьером Дональдом Туском. Документ среди прочего предусматривает возможность перехвата польскими вооруженными силами ракет в украинском воздушном пространстве, а также создание на территории Польши добровольческого формирования ""Украинский легион"", который будет проходить там подготовку и оснащаться союзниками киевского режима. По словам Шатрова, когда безопасность страны начинают охранять войска другого государства, которое при этом претендует на ""подохранную"" территорию, ""то можно не сомневаться, что охранять будут очень хорошо и постепенно эта территория станет польской"". ""Сейчас это кажется фантазией некоторых российских политиков и экспертов. Но я практически со 100%-й уверенностью могу заявить, что через какое-то время мы увидим часть территории Украины, которая войдет в состав Польши под тем или иным предлогом или в том или ином формате. Как протекторат, как зона безопасности. Может быть, это не будет называться Польшей, но потом будет"", – уверен Шатров. Эксперт отметил, что глава киевского режима планомерно делает для этого все. ""Шаги к этому Зеленский делает чуть ли не раз в несколько месяцев: они (с Польшей – ред.) подписывают какие-то особые секретные протоколы, в которых различные нюансы отражаются. И когда накопится набор этих нюансов, выяснится, что он уже продал часть Западной Украины Польше"", – добавил эксперт. По его мнению, Польша станет первой страной, которая реально будет участвовать в конфликте, активно и не скрывая этого. ""Мы это увидим в ближайшее время в том или ином виде. Уже видим: документы на этот счет подписаны"", – заключил эксперт. Ранее исполнительный директор Института стран СНГ в Севастополе, кандидат политических наук Сергей Горбачев, комментируя одно из заявлений польских властей, сказал, что войска Польши у границ Белоруссии рассматриваются США как ударная сила на случай глобальной операции, при этом Варшава преследует и собственные амбициозные цели. А именно намерение вернуть себе так называемые Восточные Кресы. О том, какой сценарий развития событий ждет Западную Украину в контексте ""украинского"" конфликта между Россией и Западом еще в 2022 году говорил военный эксперт, полковник в отставке Виктор Литовкин. Читайте также на РИА Новости Крым: Польша в любом случае ""откусит"" часть Западной Украины – мнение.",Владимир Зеленский,39,57,"['Antagonist', 'Traitor']",2778,387,"По словам Шатрова, когда безопасность страны начинают охранять войска другого государства, которое при этом претендует на ""подохранную"" территорию, ""то можно не сомневаться, что охранять будут очень хорошо и постепенно эта территория станет польской"".",825,1076,True,Protagonist,0,0.39739862,0.39739862,0.31434324,0.28825817,"['Protagonist', 'Incompetent']",['Incompetent'],0.16111661,0.0025669949,0.20900708,0.026770258,0.0093512945,0.035546023,0.062412966,0.0031120677,0.0035869651,0.011128318,0.16867155,0.00086740096,0.022680843,0.003885239,0.314637,0.003308758,0.0885792,0.0062969937,0.0039003673,0.0068041733,0.005531593,0.008556813
RU-URW-1170.txt,"СИМФЕРОПОЛЬ, 10 июл – РИА Новости Крым Владимир Зеленский заключил очередное соглашение с Польшей в области безопасности, которое приближает момент вхождения в состав польского государства части Западной Украины. В этом уверен руководитель Экспертного совета Фонда стратегического развития, политолог Игорь Шатров, своим мнением он поделился в эфире радио ""Спутник в Крыму"". Накануне Владимир Зеленский посетил столицу Польши Варшаву, где подписал соглашение в области безопасности с польским премьером Дональдом Туском. Документ среди прочего предусматривает возможность перехвата польскими вооруженными силами ракет в украинском воздушном пространстве, а также создание на территории Польши добровольческого формирования ""Украинский легион"", который будет проходить там подготовку и оснащаться союзниками киевского режима. По словам Шатрова, когда безопасность страны начинают охранять войска другого государства, которое при этом претендует на ""подохранную"" территорию, ""то можно не сомневаться, что охранять будут очень хорошо и постепенно эта территория станет польской"". ""Сейчас это кажется фантазией некоторых российских политиков и экспертов. Но я практически со 100%-й уверенностью могу заявить, что через какое-то время мы увидим часть территории Украины, которая войдет в состав Польши под тем или иным предлогом или в том или ином формате. Как протекторат, как зона безопасности. Может быть, это не будет называться Польшей, но потом будет"", – уверен Шатров. Эксперт отметил, что глава киевского режима планомерно делает для этого все. ""Шаги к этому Зеленский делает чуть ли не раз в несколько месяцев: они (с Польшей – ред.) подписывают какие-то особые секретные протоколы, в которых различные нюансы отражаются. И когда накопится набор этих нюансов, выяснится, что он уже продал часть Западной Украины Польше"", – добавил эксперт. По его мнению, Польша станет первой страной, которая реально будет участвовать в конфликте, активно и не скрывая этого. ""Мы это увидим в ближайшее время в том или ином виде. Уже видим: документы на этот счет подписаны"", – заключил эксперт. Ранее исполнительный директор Института стран СНГ в Севастополе, кандидат политических наук Сергей Горбачев, комментируя одно из заявлений польских властей, сказал, что войска Польши у границ Белоруссии рассматриваются США как ударная сила на случай глобальной операции, при этом Варшава преследует и собственные амбициозные цели. А именно намерение вернуть себе так называемые Восточные Кресы. О том, какой сценарий развития событий ждет Западную Украину в контексте ""украинского"" конфликта между Россией и Западом еще в 2022 году говорил военный эксперт, полковник в отставке Виктор Литовкин. Читайте также на РИА Новости Крым: Польша в любом случае ""откусит"" часть Западной Украины – мнение.",Дональдом Туском,503,519,"['Antagonist', 'Foreign Adversary']",2778,387,"Накануне Владимир Зеленский посетил столицу Польши Варшаву, где подписал соглашение в области безопасности с польским премьером Дональдом Туском.",375,520,True,Antagonist,1,0.388354,0.35552463,0.388354,0.2561214,"['Antagonist', 'Instigator', 'Foreign Adversary']","['Instigator', 'Foreign Adversary']",0.22020054,0.0011912022,0.09038565,0.042013884,0.003490503,0.103512384,0.4184336,0.04254389,0.014797011,0.43801412,0.009778446,0.0016331708,0.02843803,0.0014754912,0.029420046,0.0029912172,0.023989474,0.0037155277,0.0029777663,0.0034631302,0.002090014,0.0038883828
RU-URW-1170.txt,"СИМФЕРОПОЛЬ, 10 июл – РИА Новости Крым Владимир Зеленский заключил очередное соглашение с Польшей в области безопасности, которое приближает момент вхождения в состав польского государства части Западной Украины. В этом уверен руководитель Экспертного совета Фонда стратегического развития, политолог Игорь Шатров, своим мнением он поделился в эфире радио ""Спутник в Крыму"". Накануне Владимир Зеленский посетил столицу Польши Варшаву, где подписал соглашение в области безопасности с польским премьером Дональдом Туском. Документ среди прочего предусматривает возможность перехвата польскими вооруженными силами ракет в украинском воздушном пространстве, а также создание на территории Польши добровольческого формирования ""Украинский легион"", который будет проходить там подготовку и оснащаться союзниками киевского режима. По словам Шатрова, когда безопасность страны начинают охранять войска другого государства, которое при этом претендует на ""подохранную"" территорию, ""то можно не сомневаться, что охранять будут очень хорошо и постепенно эта территория станет польской"". ""Сейчас это кажется фантазией некоторых российских политиков и экспертов. Но я практически со 100%-й уверенностью могу заявить, что через какое-то время мы увидим часть территории Украины, которая войдет в состав Польши под тем или иным предлогом или в том или ином формате. Как протекторат, как зона безопасности. Может быть, это не будет называться Польшей, но потом будет"", – уверен Шатров. Эксперт отметил, что глава киевского режима планомерно делает для этого все. ""Шаги к этому Зеленский делает чуть ли не раз в несколько месяцев: они (с Польшей – ред.) подписывают какие-то особые секретные протоколы, в которых различные нюансы отражаются. И когда накопится набор этих нюансов, выяснится, что он уже продал часть Западной Украины Польше"", – добавил эксперт. По его мнению, Польша станет первой страной, которая реально будет участвовать в конфликте, активно и не скрывая этого. ""Мы это увидим в ближайшее время в том или ином виде. Уже видим: документы на этот счет подписаны"", – заключил эксперт. Ранее исполнительный директор Института стран СНГ в Севастополе, кандидат политических наук Сергей Горбачев, комментируя одно из заявлений польских властей, сказал, что войска Польши у границ Белоруссии рассматриваются США как ударная сила на случай глобальной операции, при этом Варшава преследует и собственные амбициозные цели. А именно намерение вернуть себе так называемые Восточные Кресы. О том, какой сценарий развития событий ждет Западную Украину в контексте ""украинского"" конфликта между Россией и Западом еще в 2022 году говорил военный эксперт, полковник в отставке Виктор Литовкин. Читайте также на РИА Новости Крым: Польша в любом случае ""откусит"" часть Западной Украины – мнение.",Польша,1859,1865,"['Antagonist', 'Instigator']",2778,387,"По словам Шатрова, когда безопасность страны начинают охранять войска другого государства, которое при этом претендует на ""подохранную"" территорию, ""то можно не сомневаться, что охранять будут очень хорошо и постепенно эта территория станет польской"".",825,1076,True,Antagonist,1,0.42216885,0.30397633,0.42216885,0.27385488,"['Antagonist', 'Rebel', 'Deceiver']","['Rebel', 'Deceiver']",0.00880404,0.0009290967,0.023433002,0.31996492,0.007805283,0.15482987,0.027202662,0.01929938,0.03225373,0.15178044,0.14550169,0.0020333573,0.011331908,0.016971407,0.02230595,0.0010972024,0.31991467,0.03885104,0.023512682,0.0050241165,0.0105748335,0.008104808
RU-URW-1085.txt,"По поручению Заместителя Председателя Правительства РФ – полномочного представителя Президента РФ в ДФО Юрия Трутнева на передовую в зону Специальной военной операции командирам и военнослужащим Российской армии, в том числе дальневосточникам, передана очередная партия вооружения, обмундирования, кровоостанавливающие турникеты, произведенные на предприятии в Биробиджане, а также транспортные средства, среди которых продукция дальневосточных предприятий, производимая на ТОР «Патриотическая». ",Юрия Трутнева,104,117,"['Protagonist', 'Virtuous']",497,56,По поручению Заместителя Председателя Правительства РФ – полномочного представителя Президента РФ в ДФО Юрия Трутнева на передовую в зону Специальной военной операции командирам и военнослужащим Российской армии передана очередная партия вооружения.,-1,-1,True,Protagonist,0,0.39918905,0.39918905,0.29787982,0.30293122,"['Protagonist', 'Guardian', 'Virtuous']","['Guardian', 'Virtuous']",0.8283916,0.0029048368,0.031123372,0.012371118,0.0028558306,0.681409,0.008192197,0.00771474,0.0054076845,0.0061772563,0.0021991807,0.0012900855,0.0038116938,0.0017866403,0.0029855683,0.004733232,0.0051539578,0.003164485,0.003009681,0.002257657,0.0050891093,0.0022214826
RU-URW-1174.txt,"Никакого урегулирования посредством соглашения на Украине не будет, конфликт закончится капитуляцией Киева, пишет экс-сотрудник Пентагона Стивен Брайен в статье для AT. У Зеленского нет полномочий вести переговоры, и не за горами тот момент, когда ВСУ просто сдадутся.",Зеленского,171,181,"['Antagonist', 'Incompetent']",269,37,"Никакого урегулирования посредством соглашения на Украине не будет, конфликт закончится капитуляцией Киева, пишет экс-сотрудник Пентагона Стивен Брайен в статье для AT. У Зеленского нет полномочий вести переговоры.",-1,-1,True,Antagonist,1,0.42219365,0.30146316,0.42219365,0.2763432,"['Antagonist', 'Incompetent']",['Incompetent'],0.012380321,0.00570988,0.0069824406,0.012588498,0.007835251,0.0044590393,0.01624665,0.012333887,0.046924084,0.014033602,0.31868067,0.002472115,0.03685661,0.074223556,0.89744765,0.007561423,0.014966307,0.017594364,0.002701008,0.009393504,0.003479029,0.0040747444
RU-URW-1174.txt,"Украина отказалась выполнять его условия, а ОБСЕ показала себя беззубой и не пожелала добиваться его соблюдения. Договоренность получила политическую поддержку Германии и Франции, хотя ни одна из них ее не подписала и не была юридически обязана так или иначе ей способствовать.",ОБСЕ,44,48,"['Antagonist', 'Incompetent']",278,41,"Украина отказалась выполнять его условия, а ОБСЕ показала себя беззубой и не пожелала добиваться его соблюдения.",0,112,True,Antagonist,1,0.42217758,0.30117732,0.42217758,0.27664503,"['Antagonist', 'Incompetent']",['Incompetent'],0.007105758,0.0017527913,0.005960368,0.0032873861,0.0034348706,0.004421066,0.019976504,0.05257243,0.00807032,0.04161897,0.19837998,0.0024241405,0.097524695,0.082783364,0.73725426,0.008665755,0.10042965,0.016964393,0.0025110454,0.0043443763,0.0023388613,0.0072689173
RU-URW-1174.txt,"Украина отказалась выполнять его условия, а ОБСЕ показала себя беззубой и не пожелала добиваться его соблюдения. Договоренность получила политическую поддержку Германии и Франции, хотя ни одна из них ее не подписала и не была юридически обязана так или иначе ей способствовать.",Германии,160,168,"['Antagonist', 'Foreign Adversary']",278,41,"Договоренность получила политическую поддержку Германии и Франции, хотя ни одна из них ее не подписала и не была юридически обязана так или иначе ей способствовать.",113,277,True,Antagonist,1,0.41482842,0.32447338,0.41482842,0.2606982,"['Antagonist', 'Foreign Adversary']",['Foreign Adversary'],0.3411289,0.002821377,0.023526426,0.0042674397,0.0021272667,0.052622695,0.13258068,0.16696423,0.008592489,0.58785087,0.0035936057,0.003021663,0.053357553,0.0026129098,0.008734099,0.010770983,0.0067973156,0.009558252,0.0042282413,0.0052211853,0.0029447565,0.0056470525
RU-URW-1174.txt,"Украина отказалась выполнять его условия, а ОБСЕ показала себя беззубой и не пожелала добиваться его соблюдения. Договоренность получила политическую поддержку Германии и Франции, хотя ни одна из них ее не подписала и не была юридически обязана так или иначе ей способствовать.",Франции,171,178,"['Antagonist', 'Foreign Adversary']",278,41,"Договоренность получила политическую поддержку Германии и Франции, хотя ни одна из них ее не подписала и не была юридически обязана так или иначе ей способствовать.",113,277,True,Protagonist,0,0.3800618,0.3800618,0.3549002,0.26503798,"['Protagonist', 'Foreign Adversary']",['Foreign Adversary'],0.2854979,0.003142443,0.018945962,0.006669964,0.0027533323,0.08754512,0.063922964,0.2358531,0.006459477,0.53225875,0.0033780164,0.0026671155,0.04884566,0.0031357077,0.00581122,0.01169894,0.005504406,0.0080326935,0.005027054,0.0073939515,0.002585087,0.005697416
RU-URW-1174.txt,"Зеленский полностью контролирует украинский парламент, арестовывает или ссылает оппозиционных политиков и наступает на глотку прессе и другим СМИ. Зеленский держит ситуацию в ежовых рукавицах и лично не допустит прямых переговоров.",Зеленский,0,9,"['Antagonist', 'Tyrant']",231,30,"Зеленский полностью контролирует украинский парламент, арестовывает или ссылает оппозиционных политиков и наступает на глотку прессе и другим СМИ.",0,146,True,Antagonist,1,0.42222196,0.3024615,0.42222196,0.2753165,"['Antagonist', 'Tyrant', 'Traitor']","['Tyrant', 'Traitor']",0.0050078603,0.0018925519,0.0036947606,0.0038932224,0.0024310665,0.008638724,0.12311493,0.040257853,0.40359274,0.010721164,0.4227233,0.0014989361,0.14109695,0.10514295,0.08639168,0.0051698494,0.050077636,0.013162693,0.00066293677,0.0045767636,0.0033628372,0.0050680563
RU-URW-1152.txt,"""Лидеры НАТО выступили с самой жёсткой в истории альянса риторикой, осудив поддержку Китаем России. Это произошло на фоне сообщений, что Пекин разрабатывает для России ударный беспилотник, который может появиться на украинских фронтах. Данную информацию приводит Bloomberg. Только не помогайте России. В декларации саммита альянса в Вашингтоне члены НАТО характеризуют Китай как решающего пособника России в её конфликте с Украиной. В коммюнике подробно описываются поставки Китаем материалов двойного назначения, включая компоненты оружия, оборудование и сырьё, используемые в качестве ресурсов для военного производства.",НАТО,8,12,"['Protagonist', 'Guardian']",623,81,"Лидеры НАТО выступили с самой жёсткой в истории альянса риторикой, осудив поддержку Китаем России.",1,99,True,Antagonist,1,0.42220476,0.3016378,0.42220476,0.27615747,"['Antagonist', 'Instigator']",['Instigator'],0.017870668,0.0010427327,0.008932393,0.006991794,0.0019994082,0.004469515,0.89083475,0.17508546,0.026218176,0.3013262,0.003656155,0.00060002605,0.025789246,0.0034434064,0.023001822,0.007629758,0.009399776,0.0028102654,0.00090233225,0.0015143624,0.0030947854,0.0025389618
RU-URW-1152.txt,"""Лидеры НАТО выступили с самой жёсткой в истории альянса риторикой, осудив поддержку Китаем России. Это произошло на фоне сообщений, что Пекин разрабатывает для России ударный беспилотник, который может появиться на украинских фронтах. Данную информацию приводит Bloomberg. Только не помогайте России. В декларации саммита альянса в Вашингтоне члены НАТО характеризуют Китай как решающего пособника России в её конфликте с Украиной. В коммюнике подробно описываются поставки Китаем материалов двойного назначения, включая компоненты оружия, оборудование и сырьё, используемые в качестве ресурсов для военного производства.",Китаем,85,91,"['Antagonist', 'Foreign Adversary']",623,81,"Лидеры НАТО выступили с самой жёсткой в истории альянса риторикой, осудив поддержку Китаем России.",1,99,True,Antagonist,1,0.42187122,0.2991525,0.42187122,0.27897626,"['Antagonist', 'Foreign Adversary']",['Foreign Adversary'],0.06606792,0.0027653961,0.0063571366,0.04915054,0.016613334,0.035107676,0.053139012,0.015227613,0.011407251,0.98470414,0.006947176,0.018963253,0.0124766445,0.011526362,0.009300974,0.010398324,0.0286651,0.011927452,0.04475513,0.019718967,0.025760313,0.027633226
RU-URW-1152.txt,"""Лидеры НАТО выступили с самой жёсткой в истории альянса риторикой, осудив поддержку Китаем России. Это произошло на фоне сообщений, что Пекин разрабатывает для России ударный беспилотник, который может появиться на украинских фронтах. Данную информацию приводит Bloomberg. Только не помогайте России. В декларации саммита альянса в Вашингтоне члены НАТО характеризуют Китай как решающего пособника России в её конфликте с Украиной. В коммюнике подробно описываются поставки Китаем материалов двойного назначения, включая компоненты оружия, оборудование и сырьё, используемые в качестве ресурсов для военного производства.",России,92,98,"['Antagonist', 'Foreign Adversary']",623,81,"Лидеры НАТО выступили с самой жёсткой в истории альянса риторикой, осудив поддержку Китаем России.",1,99,True,Innocent,2,0.42030597,0.30761617,0.27207777,0.42030597,"['Innocent', 'Guardian']",['Guardian'],0.5439614,0.037451483,0.024925321,0.028319756,0.008892359,0.08795708,0.0074812504,0.00129981,0.0037597246,0.0111828605,0.0036160683,0.02514549,0.00390777,0.0024247158,0.005762576,0.0076074866,0.003560358,0.009164325,0.24006094,0.30865425,0.0966148,0.08623623
RU-URW-1152.txt,"При этом члены альянса фиксируют, что Китай воздерживается от прямых поставок оружия и военной амуниции. Как отмечают представители США, это будет означать беспрецедентную эскалацию и почти наверняка повлечёт более жёсткие меры например, санкции против второй по величине экономики мира. Однако такая умиротворённость американцев не успокаивает их европейских союзников. В Европе крайне обеспокоены последними сообщениями о российско-китайской разработке ударного БПЛА, аналогичного используемой на Украине иранской модели. Китайский военный БПЛА. © militarydrones.org. Ещё в мае бывший министр обороны Великобритании Грант Шэппс спровоцировал размолвку с Вашингтоном, когда предположил, что Китай работает над предоставлением России летальной помощи. Советник по национальной безопасности США Джейк Салливан буквально на следующий день заявил, что США не сталкивались с тем, чтобы Китай поставлял оружие напрямую России. Глобальные изменения. И всё же натиск НАТО демонстрирует растущий консенсус между США и их партнёрами в том, что Пекин представляет угрозу не только в Азии, но и для европейской безопасности. В последние годы европейские столицы по примеру Берлина, Лондона, Праги и Вильнюса ужесточают свою позицию по Китаю. Причины тому лежат далеко за пределами военного конфликта на Украине. Речь идёт о постепенном осознании Западом неизбежности столкновения цивилизационного плана, последствия которого будут иметь глобальный характер.""",США,132,135,"['Antagonist', 'Conspirator']",1447,190,"При этом члены альянса фиксируют, что Китай воздерживается от прямых поставок оружия и военной амуниции.",0,104,True,Antagonist,1,0.42221886,0.30265468,0.42221886,0.2751265,"['Antagonist', 'Foreign Adversary']",['Foreign Adversary'],0.020773165,0.0016422317,0.0052228947,0.03557528,0.0076234895,0.01576214,0.19206116,0.06166252,0.013209589,0.99174154,0.005111398,0.005479438,0.010722145,0.0074229985,0.00798373,0.013964229,0.01151543,0.010225551,0.008648915,0.008019657,0.012617544,0.012965089
RU-URW-1139.txt,"2-я половина 3-го года СВО будет отличаться дальнейшим втягиванием западных кураторов Киева в происходящий конфликт. В первую очередь, это относится к такой стратегии Запада, как политические операции и интриги, нацеленные на подавление воли противостоящей стороны к способности вести борьбу.",Запада,167,173,"['Antagonist', 'Conspirator']",293,39,2-я половина 3-го года СВО будет отличаться дальнейшим втягиванием западных кураторов Киева в происходящий конфликт.,0,116,True,Antagonist,1,0.42215532,0.30083624,0.42215532,0.27700844,"['Antagonist', 'Instigator']",['Instigator'],0.0052505666,0.0022951413,0.0044152625,0.007863244,0.005445397,0.0020374253,0.93087274,0.048683926,0.019676626,0.39052594,0.0022147526,0.0018659177,0.027771678,0.004739564,0.0057524606,0.030757679,0.004840425,0.0018688962,0.0025527305,0.0043060454,0.014907078,0.0076566455
RU-URW-1139.txt,"Ставка в этот раз сделана на перенос эпицентра военных действий в воздушное пространство, что должно иметь не только собственно военный, сколько морально-психологический эффект. Склоняющиеся к договорняку с Западом, тем самым, получают дополнительную аргументацию для обхаживания руководства России на предмет очередного торга с прямыми и непримиримыми врагами нашей страны.",России,292,298,"['Innocent', 'Victim']",375,48,"Склоняющиеся к договорняку с Западом, тем самым, получают дополнительную аргументацию для обхаживания руководства России на предмет очередного торга с прямыми и непримиримыми врагами нашей страны.",178,374,True,Protagonist,0,0.39768535,0.39768535,0.28689298,0.31542164,"['Protagonist', 'Guardian', 'Victim']","['Guardian', 'Victim']",0.46298385,0.048494063,0.055756766,0.01811844,0.0133372145,0.038560133,0.018443312,0.002008442,0.01623881,0.0021852884,0.0030320582,0.0039697876,0.004292724,0.0033396247,0.018931312,0.0055381837,0.004885227,0.010646245,0.05351466,0.15791056,0.6215167,0.0154365925
RU-URW-1139.txt,"Однако полноценная «воздушно-наземная операция» по американским лекалам Киеву явно не по силам, да и использование «Фальконов» невозможно без привлечения западных «отпускников», средств разведки и аэродромной инфраструктуры. Тем самым возрастают риски прямого вмешательства сил НАТО в прямые военные действия на украинском ТВД.",НАТО,278,282,"['Antagonist', 'Foreign Adversary']",328,41,Тем самым возрастают риски прямого вмешательства сил НАТО в прямые военные действия на украинском ТВД.,225,327,True,Antagonist,1,0.4221855,0.3012507,0.4221855,0.2765638,"['Antagonist', 'Foreign Adversary']",['Foreign Adversary'],0.011124567,0.0007992762,0.0039736377,0.016787158,0.005225685,0.009797578,0.19088498,0.21950981,0.009457824,0.962072,0.0034390073,0.0017343698,0.01223826,0.005323146,0.0047939722,0.00922703,0.0068408255,0.0037188136,0.0026847443,0.0031202207,0.006131054,0.0047059017
RU-URW-1139.txt,"Раскол элит по обе стороны Атлантики только нарастает, и общественное мнение здесь все более погружается в атмосферу внутренней смуты. Отсюда разного рода вбросы и намеки со стороны медийной прислуги Зеленского о неких осторожных компромиссах в отношениях с Москвой.",Зеленского,200,210,"['Antagonist', 'Foreign Adversary']",267,38,Отсюда разного рода вбросы и намеки со стороны медийной прислуги Зеленского о неких осторожных компромиссах в отношениях с Москвой.,135,266,True,Antagonist,1,0.42218286,0.3012763,0.42218286,0.2765408,"['Antagonist', 'Instigator', 'Incompetent']","['Instigator', 'Incompetent']",0.0024214608,0.0015888475,0.020723475,0.0060912133,0.0033746343,0.004898079,0.34734988,0.0802218,0.018850686,0.098467536,0.15475434,0.0012140758,0.24026994,0.03172625,0.25235012,0.0022947993,0.01900395,0.007608897,0.0030927178,0.0084255375,0.0031881128,0.006738354
RU-URW-1139.txt,"Уверенность наших противников в возможности мирной передышки зиждется на том, что значительная часть российского политического класса выражала готовность к уступкам Киеву буквально с первых дней после начала СВО. Кроме того, позиция тех государств, что внешне лояльны к России и позволяют сохранять стабильность нашей экономики и социальной системы, также не предусматривает перспектив безусловного разгрома Киева на поле сражения.",Киеву,165,170,"['Antagonist', 'Instigator']",432,57,"Уверенность наших противников в возможности мирной передышки зиждется на том, что значительная часть российского политического класса выражала готовность к уступкам Киеву буквально с первых дней после начала СВО.",0,212,True,Antagonist,1,0.42218462,0.30130497,0.42218462,0.27651042,"['Antagonist', 'Terrorist']",['Terrorist'],0.006192647,0.01993031,0.0012674538,0.019909263,0.0050624283,0.00240841,0.23060045,0.0073653655,0.13529226,0.022738155,0.026502816,0.013528095,0.016715962,0.040327884,0.05534558,0.8567871,0.0036505105,0.013194673,0.002913969,0.036535494,0.00634488,0.027040018
